0.000000000000000000e+00 0.000000000000000000e+00 0.000000000000000000e+00 0.000000000000000000e+00 0.000000000000000000e+00 0.000000000000000000e+00
6.999999999999999929e-04 3.740804764209472178e-05 1.245497709367876815e-05 3.585689103940842055e-06 7.796540871157752417e-07 1.206442643874409265e-07
1.399999999999999986e-03 7.481609528418944356e-05 2.490995418735753630e-05 7.171378207881684111e-06 1.559308174231550483e-06 2.412885287748818529e-07
2.099999999999999870e-03 1.122241429262841450e-04 3.736493128103631292e-05 1.075706731182252532e-05 2.338962261347325619e-06 3.619327931623227794e-07
2.799999999999999972e-03 1.496321905683788871e-04 4.981990837471507260e-05 1.434275641576336822e-05 3.118616348463100967e-06 4.825770575497637059e-07
3.500000000000000073e-03 1.870402382104735886e-04 6.227488546839384583e-05 1.792844551970421282e-05 3.898270435578876738e-06 6.032213219372046323e-07
4.199999999999999740e-03 2.244482858525682900e-04 7.472986256207262584e-05 2.151413462364505064e-05 4.677924522694651238e-06 7.238655863246455588e-07
4.899999999999999842e-03 2.618563334946629644e-04 8.718483965575137874e-05 2.509982372758589185e-05 5.457578609810426586e-06 8.445098507120864853e-07
5.599999999999999943e-03 2.992643811367577743e-04 9.963981674943014520e-05 2.868551283152673644e-05 6.237232696926201934e-06 9.651541150995274118e-07
6.300000000000000044e-03 3.366724287788525299e-04 1.120947938431089252e-04 3.227120193546757765e-05 7.016886784041976434e-06 1.085798379486968338e-06
7.000000000000000146e-03 3.740804764209471772e-04 1.245497709367876917e-04 3.585689103940842564e-05 7.796540871157753476e-06 1.206442643874409265e-06
7.700000000000000247e-03 4.833059726824730945e-04 1.621737400468262766e-04 4.714339160153827111e-05 1.037164855072915061e-05 1.627443222383860040e-06
8.399999999999999481e-03 5.940001284249685947e-04 2.003124124700827633e-04 5.858737297058405716e-05 1.298347307268205043e-05 2.054586056805826505e-06
9.100000000000000450e-03 7.046942841674645828e-04 2.384510848933393855e-04 7.003135433962985677e-05 1.559529759463495533e-05 2.481728891227793605e-06
9.799999999999999684e-03 8.153884399099602456e-04 2.765897573165959264e-04 8.147533570867563604e-05 1.820712211658785854e-05 2.908871725649759858e-06
1.050000000000000065e-02 9.260825956524562337e-04 3.147284297398525487e-04 9.291931707772142887e-05 2.081894663854076514e-05 3.336014560071726959e-06
1.119999999999999989e-02 1.036776751394951788e-03 3.528671021631090625e-04 1.043632984467671946e-04 2.343077116049366497e-05 3.763157394493693212e-06
1.189999999999999912e-02 1.147470907137447668e-03 3.910057745863655221e-04 1.158072798158129874e-04 2.604259568244656818e-05 4.190300228915659465e-06
1.260000000000000009e-02 1.258165062879943548e-03 4.291444470096220901e-04 1.272512611848588074e-04 2.865442020439947139e-05 4.617443063337625718e-06
1.329999999999999932e-02 1.368859218622438994e-03 4.672831194328786039e-04 1.386952425539045731e-04 3.126624472635237799e-05 5.044585897759592818e-06
1.400000000000000029e-02 1.479553374364935090e-03 5.054217918561353887e-04 1.501392239229503659e-04 3.387806924830528120e-05 5.471728732181559071e-06
1.469999999999999953e-02 1.658367612700945536e-03 5.692668192695926176e-04 1.701352329551932452e-04 3.867438209434267298e-05 6.301577502172601454e-06
1.540000000000000049e-02 1.840026113358188753e-03 6.341851809206366540e-04 1.904883203867345270e-04 4.356190530881783214e-05 7.148240716237510910e-06
1.609999999999999973e-02 2.021684614015431970e-03 6.991035425716805819e-04 2.108414078182758089e-04 4.844942852329297775e-05 7.994903930302416979e-06
1.679999999999999896e-02 2.203343114672675403e-03 7.640219042227245098e-04 2.311944952498171449e-04 5.333695173776810980e-05 8.841567144367324741e-06
1.749999999999999820e-02 2.385001615329917970e-03 8.289402658737683293e-04 2.515475826813583725e-04 5.822447495224325541e-05 9.688230358432230809e-06
1.820000000000000090e-02 2.566660115987161837e-03 8.938586275248125825e-04 2.719006701128997899e-04 6.311199816671842812e-05 1.053489357249714196e-05
1.890000000000000013e-02 2.748318616644404837e-03 9.587769891758564020e-04 2.922537575444410988e-04 6.799952138119357372e-05 1.138155678656204803e-05
1.959999999999999937e-02 2.929977117301647838e-03 1.023695350826900547e-03 3.126068449759823536e-04 7.288704459566871933e-05 1.222822000062695579e-05
2.029999999999999860e-02 3.111635617958890838e-03 1.088613712477944475e-03 3.329599324075236083e-04 7.777456781014386493e-05 1.307488321469186186e-05
2.100000000000000130e-02 3.293294118616134705e-03 1.153532074128988836e-03 3.533130198390650257e-04 8.266209102461903764e-05 1.392154642875677470e-05
2.170000000000000054e-02 3.539267682008276263e-03 1.244505564590896955e-03 3.830294038310371948e-04 9.014406837633289859e-05 1.528863855354300913e-05
2.239999999999999977e-02 3.789355215298173280e-03 1.337145694422369954e-03 4.133447193727172162e-04 9.779200228266755966e-05 1.668902037411099372e-05
2.309999999999999901e-02 4.039442748588069863e-03 1.429785824253843171e-03 4.436600349143971834e-04 1.054399361890022207e-04 1.808940219467897493e-05
2.379999999999999824e-02 4.289530281877965145e-03 1.522425954085315737e-03 4.739753504560771506e-04 1.130878700953368953e-04 1.948978401524695953e-05
2.450000000000000094e-02 4.539617815167863897e-03 1.615066083916789387e-03 5.042906659977572804e-04 1.207358040016715835e-04 2.089016583581494751e-05
2.520000000000000018e-02 4.789705348457760914e-03 1.707706213748262604e-03 5.346059815394372475e-04 1.283837379080062446e-04 2.229054765638292871e-05
2.589999999999999941e-02 5.039792881747656196e-03 1.800346343579735386e-03 5.649212970811173231e-04 1.360316718143409192e-04 2.369092947695090992e-05
2.659999999999999865e-02 5.289880415037553213e-03 1.892986473411208386e-03 5.952366126227971819e-04 1.436796057206755667e-04 2.509131129751889452e-05
2.730000000000000135e-02 5.539967948327451097e-03 1.985626603242682253e-03 6.255519281644772575e-04 1.513275396270102684e-04 2.649169311808688589e-05
2.800000000000000058e-02 5.790055481617347247e-03 2.078266733074155253e-03 6.558672437061572246e-04 1.589754735333449430e-04 2.789207493865486032e-05
2.869999999999999982e-02 6.100519246985642435e-03 2.197105644769486044e-03 6.963015081972568189e-04 1.696431897326872997e-04 2.994597980049745533e-05
2.939999999999999905e-02 6.416244557633100053e-03 2.318227674710033031e-03 7.376175983048631002e-04 1.805740677876294554e-04 3.205683656136178834e-05
3.009999999999999828e-02 6.731969868280557670e-03 2.439349704650580018e-03 7.789336884124697068e-04 1.915049458425716110e-04 3.416769332222612812e-05
3.080000000000000099e-02 7.047695178928017022e-03 2.560471734591128305e-03 8.202497785200764217e-04 2.024358238975138208e-04 3.627855008309047467e-05
3.150000000000000022e-02 7.363420489575474639e-03 2.681593764531675292e-03 8.615658686276830283e-04 2.133667019524560036e-04 3.838940684395481445e-05
3.219999999999999946e-02 7.679145800222932257e-03 2.802715794472222278e-03 9.028819587352896348e-04 2.242975800073981050e-04 4.050026360481915423e-05
3.289999999999999869e-02 7.994871110870389874e-03 2.923837824412769699e-03 9.441980488428960245e-04 2.352284580623402877e-04 4.261112036568348723e-05
3.359999999999999792e-02 8.310596421517848359e-03 3.044959854353316685e-03 9.855141389505026311e-04 2.461593361172824163e-04 4.472197712654782701e-05
3.429999999999999716e-02 8.626321732165305109e-03 3.166081884293863672e-03 1.026830229058109129e-03 2.570902141722245719e-04 4.683283388741216679e-05
3.499999999999999639e-02 8.942047042812763594e-03 3.287203914234410659e-03 1.068146319165715844e-03 2.680210922271667275e-04 4.894369064827650657e-05
3.570000000000000256e-02 9.314099501641005807e-03 3.434464342556657439e-03 1.120270598234374615e-03 2.824071885931299180e-04 5.185634162621233104e-05
3.640000000000000180e-02 9.692424471402521016e-03 3.584635505665284463e-03 1.173598461819853715e-03 2.971780531451754278e-04 5.485827926529195114e-05
3.710000000000000103e-02 1.007074944116403276e-02 3.734806668773910619e-03 1.226926325405332816e-03 3.119489176972209919e-04 5.786021690437155769e-05
3.780000000000000027e-02 1.044907441092554450e-02 3.884977831882537209e-03 1.280254188990811916e-03 3.267197822492665018e-04 6.086215454345117779e-05
3.849999999999999950e-02 1.082739938068705797e-02 4.035148994991163800e-03 1.333582052576291017e-03 3.414906468013120659e-04 6.386409218253079789e-05
3.919999999999999873e-02 1.120572435044856971e-02 4.185320158099790390e-03 1.386909916161770335e-03 3.562615113533575757e-04 6.686602982161039767e-05
3.989999999999999797e-02 1.158404932021008145e-02 4.335491321208416980e-03 1.440237779747249435e-03 3.710323759054030856e-04 6.986796746069002455e-05
4.059999999999999720e-02 1.196237428997159319e-02 4.485662484317043570e-03 1.493565643332728319e-03 3.858032404574486497e-04 7.286990509976963787e-05
4.129999999999999644e-02 1.234069925973310666e-02 4.635833647425670161e-03 1.546893506918207420e-03 4.005741050094941596e-04 7.587184273884926475e-05
4.200000000000000261e-02 1.271902422949462187e-02 4.786004810534298486e-03 1.600221370503687171e-03 4.153449695615398321e-04 7.887378037792890518e-05
4.270000000000000184e-02 1.314955672676030099e-02 4.962057735942436952e-03 1.664971768125112894e-03 4.340112500145075123e-04 8.284049398473640295e-05
4.340000000000000108e-02 1.358722464919739567e-02 5.141648032052102690e-03 1.731283332129583512e-03 4.532099335518836284e-04 8.693906763269123846e-05
4.410000000000000031e-02 1.402489257163448515e-02 5.321238328161768429e-03 1.797594896134054564e-03 4.724086170892597444e-04 9.103764128064604686e-05
4.479999999999999954e-02 1.446256049407157809e-02 5.500828624271434167e-03 1.863906460138525616e-03 4.916073006266360231e-04 9.513621492860086881e-05
4.549999999999999878e-02 1.490022841650867104e-02 5.680418920381099905e-03 1.930218024142996451e-03 5.108059841640120308e-04 9.923478857655569077e-05
4.619999999999999801e-02 1.533789633894576399e-02 5.860009216490765643e-03 1.996529588147467719e-03 5.300046677013882553e-04 1.033333622245105127e-04
4.689999999999999725e-02 1.577556426138285520e-02 6.039599512600431382e-03 2.062841152151938771e-03 5.492033512387642629e-04 1.074319358724653347e-04
4.759999999999999648e-02 1.621323218381994641e-02 6.219189808710097987e-03 2.129152716156409823e-03 5.684020347761404874e-04 1.115305095204201295e-04
4.830000000000000265e-02 1.665090010625704803e-02 6.398780104819765460e-03 2.195464280160881309e-03 5.876007183135168203e-04 1.156290831683750057e-04
4.900000000000000189e-02 1.708856802869413924e-02 6.578370400929431198e-03 2.261775844165352361e-03 6.067994018508929364e-04 1.197276568163298412e-04
4.970000000000000112e-02 1.757430775095255096e-02 6.783401135613272882e-03 2.340042680762945658e-03 6.303330110579566988e-04 1.249679383807060637e-04
5.040000000000000036e-02 1.806789135663169205e-02 6.992582990810379713e-03 2.420260261140302557e-03 6.545739507938737366e-04 1.303945126120975031e-04
5.109999999999999959e-02 1.856147496231083313e-02 7.201764846007488279e-03 2.500477841517659457e-03 6.788148905297908828e-04 1.358210868434888883e-04
5.179999999999999882e-02 1.905505856798997422e-02 7.410946701204597711e-03 2.580695421895015922e-03 7.030558302657080290e-04 1.412476610748803006e-04
5.249999999999999806e-02 1.954864217366911183e-02 7.620128556401706277e-03 2.660913002272373255e-03 7.272967700016250668e-04 1.466742353062717129e-04
5.319999999999999729e-02 2.004222577934824945e-02 7.829310411598814842e-03 2.741130582649730155e-03 7.515377097375422130e-04 1.521008095376631252e-04
5.389999999999999653e-02 2.053580938502739400e-02 8.038492266795923408e-03 2.821348163027087054e-03 7.757786494734593592e-04 1.575273837690545104e-04
5.460000000000000270e-02 2.102939299070653856e-02 8.247674121993033708e-03 2.901565743404444821e-03 8.000195892093768307e-04 1.629539580004459769e-04
5.530000000000000193e-02 2.152297659638567964e-02 8.456855977190142273e-03 2.981783323781800853e-03 8.242605289452938685e-04 1.683805322318374163e-04
5.600000000000000117e-02 2.201656020206482073e-02 8.666037832387250839e-03 3.062000904159158186e-03 8.485014686812110147e-04 1.738071064632288015e-04
5.670000000000000040e-02 2.255415123989673934e-02 8.900048148218753924e-03 3.154619769799469828e-03 8.775106658830398622e-04 1.805652110663384148e-04
5.739999999999999963e-02 2.310014465140937737e-02 9.138798981593816706e-03 3.249606422602158932e-03 9.074302702382646855e-04 1.875775458120195740e-04
5.809999999999999887e-02 2.364613806292201539e-02 9.377549814968877753e-03 3.344593075404848469e-03 9.373498745934897257e-04 1.945898805577007062e-04
5.879999999999999810e-02 2.419213147443465342e-02 9.616300648343940535e-03 3.439579728207537573e-03 9.672694789487144406e-04 2.016022153033818383e-04
5.949999999999999734e-02 2.473812488594729145e-02 9.855051481719003317e-03 3.534566381010226677e-03 9.971890833039393724e-04 2.086145500490629975e-04
6.019999999999999657e-02 2.528411829745992948e-02 1.009380231509406436e-02 3.629553033812916649e-03 1.027108687659164087e-03 2.156268847947441026e-04
6.090000000000000274e-02 2.583011170897257444e-02 1.033255314846912888e-02 3.724539686615607054e-03 1.057028292014389453e-03 2.226392195404252889e-04
6.160000000000000198e-02 2.637610512048521247e-02 1.057130398184419166e-02 3.819526339418296158e-03 1.086947896369614168e-03 2.296515542861064752e-04
6.230000000000000121e-02 2.692209853199785050e-02 1.081005481521925445e-02 3.914512992220986129e-03 1.116867500724839099e-03 2.366638890317876074e-04
6.300000000000000044e-02 2.746809194351048852e-02 1.104880564859431549e-02 4.009499645023675667e-03 1.146787105080064031e-03 2.436762237774687124e-04
6.369999999999999274e-02 2.805427252982738498e-02 1.131161803031964161e-02 4.117243259370517716e-03 1.181896673511931761e-03 2.522214472282016391e-04
6.439999999999999891e-02 2.864929625974425159e-02 1.157972512928586405e-02 4.227794029069377110e-03 1.218148287828636420e-03 2.611039811519290138e-04
6.510000000000000508e-02 2.924431998966112861e-02 1.184783222825208128e-02 4.338344798768235637e-03 1.254399902145341078e-03 2.699865150756564428e-04
6.579999999999999738e-02 2.983934371957798481e-02 1.211593932721829504e-02 4.448895568467094164e-03 1.290651516462044653e-03 2.788690489993836548e-04
6.650000000000000355e-02 3.043436744949485490e-02 1.238404642618451748e-02 4.559446338165953558e-03 1.326903130778749312e-03 2.877515829231110296e-04
6.719999999999999585e-02 3.102939117941171804e-02 1.265215352515073298e-02 4.669997107864810350e-03 1.363154745095453320e-03 2.966341168468382417e-04
6.790000000000000202e-02 3.162441490932858812e-02 1.292026062411695542e-02 4.780547877563669744e-03 1.399406359412157762e-03 3.055166507705656164e-04
6.859999999999999432e-02 3.221943863924544432e-02 1.318836772308316918e-02 4.891098647262526536e-03 1.435657973728861553e-03 3.143991846942928827e-04
6.930000000000000049e-02 3.281446236916232134e-02 1.345647482204938815e-02 5.001649416961385930e-03 1.471909588045565995e-03 3.232817186180202574e-04
6.999999999999999278e-02 3.340948609907918448e-02 1.372458192101560365e-02 5.112200186660243589e-03 1.508161202362269786e-03 3.321642525417474695e-04
7.069999999999999896e-02 3.404149409053568859e-02 1.401584557267438781e-02 5.235771095383876320e-03 1.550007547261112893e-03 3.427909322004546217e-04
7.140000000000000513e-02 3.468277132047332262e-02 1.431291287162454393e-02 5.362605196845548865e-03 1.593256080275780306e-03 3.538547411160488645e-04
7.209999999999999742e-02 3.532404855041092889e-02 1.460998017057468616e-02 5.489439298307219675e-03 1.636504613290447070e-03 3.649185500316429989e-04
7.280000000000000360e-02 3.596532578034855598e-02 1.490704746952483707e-02 5.616273399768891353e-03 1.679753146305114266e-03 3.759823589472372418e-04
7.349999999999999589e-02 3.660660301028617614e-02 1.520411476847498278e-02 5.743107501230561296e-03 1.723001679319780812e-03 3.870461678628313220e-04
7.420000000000000207e-02 3.724788024022380323e-02 1.550118206742513716e-02 5.869941602692232974e-03 1.766250212334448443e-03 3.981099767784256733e-04
7.489999999999999436e-02 3.788915747016140950e-02 1.579824936637528460e-02 5.996775704153902917e-03 1.809498745349114989e-03 4.091737856940196993e-04
7.560000000000000053e-02 3.853043470009904353e-02 1.609531666532543551e-02 6.123609805615576329e-03 1.852747278363782620e-03 4.202375946096139421e-04
7.629999999999999283e-02 3.917171193003665675e-02 1.639238396427557948e-02 6.250443907077245405e-03 1.895995811378448949e-03 4.313014035252080765e-04
7.699999999999999900e-02 3.981298915997427690e-02 1.668945126322573386e-02 6.377278008538917083e-03 1.939244344393116362e-03 4.423652124408024278e-04
7.770000000000000517e-02 4.048945571158354961e-02 1.700864958092048254e-02 6.517302150971389027e-03 1.988470340069197189e-03 4.553924226208102481e-04
7.839999999999999747e-02 4.117587297112051958e-02 1.733410602730907357e-02 6.661056125040843399e-03 2.039386620816627076e-03 4.689748362431970705e-04
7.910000000000000364e-02 4.186229023065750343e-02 1.765956247369767154e-02 6.804810099110302109e-03 2.090302901564058697e-03 4.825572498655841098e-04
7.979999999999999594e-02 4.254870749019448034e-02 1.798501892008625910e-02 6.948564073179757349e-03 2.141219182311489451e-03 4.961396634879708780e-04
8.050000000000000211e-02 4.323512474973146419e-02 1.831047536647485707e-02 7.092318047249216058e-03 2.192135463058920205e-03 5.097220771103579172e-04
8.119999999999999440e-02 4.392154200926843416e-02 1.863593181286344463e-02 7.236072021318671298e-03 2.243051743806350525e-03 5.233044907327447396e-04
8.190000000000000058e-02 4.460795926880541801e-02 1.896138825925204260e-02 7.379825995388127405e-03 2.293968024553782147e-03 5.368869043551317789e-04
8.259999999999999287e-02 4.529437652834238798e-02 1.928684470564063363e-02 7.523579969457583512e-03 2.344884305301212467e-03 5.504693179775186013e-04
8.329999999999999905e-02 4.598079378787937876e-02 1.961230115202922814e-02 7.667333943527041354e-03 2.395800586048643654e-03 5.640517315999055321e-04
8.400000000000000522e-02 4.666721104741635567e-02 1.993775759841782610e-02 7.811087917596500063e-03 2.446716866796074842e-03 5.776341452222925714e-04
8.469999999999999751e-02 4.738998722211137243e-02 2.028421686735108059e-02 7.968109095587346327e-03 2.503966517686707135e-03 5.934050769251678157e-04
8.540000000000000369e-02 4.812427545437622523e-02 2.063732610648318436e-02 8.129330971389720981e-03 2.563221457277033589e-03 6.098689431126309152e-04
8.609999999999999598e-02 4.885856368664107108e-02 2.099043534561527771e-02 8.290552847192090430e-03 2.622476396867360043e-03 6.263328093000936894e-04
8.680000000000000215e-02 4.959285191890592387e-02 2.134354458474738148e-02 8.451774722994465083e-03 2.681731336457686930e-03 6.427966754875567889e-04
8.749999999999999445e-02 5.032714015117076972e-02 2.169665382387947483e-02 8.612996598796834533e-03 2.740986276048012951e-03 6.592605416750194547e-04
8.820000000000000062e-02 5.106142838343562945e-02 2.204976306301157513e-02 8.774218474599207451e-03 2.800241215638340272e-03 6.757244078624824457e-04
8.889999999999999292e-02 5.179571661570046143e-02 2.240287230214367195e-02 8.935440350401578635e-03 2.859496155228665858e-03 6.921882740499452199e-04
8.959999999999999909e-02 5.253000484796532116e-02 2.275598154127577571e-02 9.096662226203951554e-03 2.918751094818993180e-03 7.086521402374082110e-04
9.030000000000000526e-02 5.326429308023016701e-02 2.310909078040787601e-02 9.257884102006324473e-03 2.978006034409320501e-03 7.251160064248712020e-04
9.099999999999999756e-02 5.399858131249501286e-02 2.346220001953996590e-02 9.419105977808695657e-03 3.037260973999646521e-03 7.415798726123339762e-04
9.170000000000000373e-02 5.477614699819714078e-02 2.383509912020554192e-02 9.593581246648649752e-03 3.103173956983739518e-03 7.604608924912748067e-04
9.239999999999999603e-02 5.556895948321318585e-02 2.421497025880972945e-02 9.772725732547910688e-03 3.171432592111976707e-03 7.801934841314406548e-04
9.310000000000000220e-02 5.636177196822923091e-02 2.459484139741392045e-02 9.951870218447175093e-03 3.239691227240215632e-03 7.999260757716068282e-04
9.379999999999999449e-02 5.715458445324526904e-02 2.497471253601810798e-02 1.013101470434643776e-02 3.307949862368452822e-03 8.196586674117724595e-04
9.450000000000000067e-02 5.794739693826132798e-02 2.535458367462230592e-02 1.031015919024570043e-02 3.376208497496691312e-03 8.393912590519385245e-04
9.519999999999999296e-02 5.874020942327736611e-02 2.573445481322648998e-02 1.048930367614496310e-02 3.444467132624928502e-03 8.591238506921043726e-04
9.589999999999999913e-02 5.953302190829342505e-02 2.611432595183068445e-02 1.066844816204422751e-02 3.512725767753167427e-03 8.788564423322704376e-04
9.660000000000000531e-02 6.032583439330947012e-02 2.649419709043488239e-02 1.084759264794349365e-02 3.580984402881405917e-03 8.985890339724367194e-04
9.729999999999999760e-02 6.111864687832552212e-02 2.687406822903906645e-02 1.102673713384275458e-02 3.649243038009642674e-03 9.183216256126024591e-04
9.800000000000000377e-02 6.191145936334158106e-02 2.725393936764326092e-02 1.120588161974201899e-02 3.717501673137881164e-03 9.380542172527685241e-04
9.869999999999999607e-02 6.276468462980221152e-02 2.765232029483144158e-02 1.139817761123095019e-02 3.792707829119208816e-03 9.604336058833104397e-04
9.940000000000000224e-02 6.364146919821896120e-02 2.805791952397438185e-02 1.159560232356265583e-02 3.870623324708984212e-03 9.838451716131636857e-04
1.000999999999999945e-01 6.451825376663569700e-02 2.846351875311732213e-02 1.179302703589435279e-02 3.948538820298757440e-03 1.007256737343016715e-03
1.008000000000000007e-01 6.539503833505246055e-02 2.886911798226026934e-02 1.199045174822605669e-02 4.026454315888532837e-03 1.030668303072869961e-03
1.014999999999999930e-01 6.627182290346918248e-02 2.927471721140320962e-02 1.218787646055775713e-02 4.104369811478307366e-03 1.054079868802722990e-03
1.021999999999999992e-01 6.714860747188594603e-02 2.968031644054615337e-02 1.238530117288946103e-02 4.182285307068081895e-03 1.077491434532576236e-03
1.029000000000000054e-01 6.802539204030268183e-02 3.008591566968909364e-02 1.258272588522116493e-02 4.260200802657857291e-03 1.100903000262429482e-03
1.035999999999999976e-01 6.890217660871941763e-02 3.049151489883203392e-02 1.278015059755286363e-02 4.338116298247631820e-03 1.124314565992282512e-03
1.043000000000000038e-01 6.977896117713616730e-02 3.089711412797497767e-02 1.297757530988456927e-02 4.416031793837407217e-03 1.147726131722135974e-03
1.049999999999999961e-01 7.065574574555290310e-02 3.130271335711791447e-02 1.317500002221626797e-02 4.493947289427181746e-03 1.171137697451988787e-03
1.057000000000000023e-01 7.162663713252770403e-02 3.172549237038992109e-02 1.338539019872892789e-02 4.579061131544515453e-03 1.197424072131160087e-03
1.063999999999999946e-01 7.263797557618932588e-02 3.215565524503544853e-02 1.360135292431649545e-02 4.667268818874266596e-03 1.224946038049292861e-03
1.071000000000000008e-01 7.364931401985096160e-02 3.258581811968097597e-02 1.381731564990406301e-02 4.755476506204019474e-03 1.252468003967426068e-03
1.077999999999999931e-01 7.466065246351258344e-02 3.301598099432650341e-02 1.403327837549163057e-02 4.843684193533769750e-03 1.279989969885558842e-03
1.084999999999999992e-01 7.567199090717421917e-02 3.344614386897203778e-02 1.424924110107919813e-02 4.931891880863522627e-03 1.307511935803692049e-03
1.092000000000000054e-01 7.668332935083584101e-02 3.387630674361756522e-02 1.446520382666676915e-02 5.020099568193275505e-03 1.335033901721825473e-03
1.098999999999999977e-01 7.769466779449744898e-02 3.430646961826308572e-02 1.468116655225433324e-02 5.108307255523025781e-03 1.362555867639957813e-03
1.106000000000000039e-01 7.870600623815909858e-02 3.473663249290862703e-02 1.489712927784190427e-02 5.196514942852779526e-03 1.390077833558091237e-03
1.112999999999999962e-01 7.971734468182072042e-02 3.516679536755414753e-02 1.511309200342947009e-02 5.284722630182529801e-03 1.417599799476224011e-03
1.120000000000000023e-01 8.072868312548234226e-02 3.559695824219968191e-02 1.532905472901703939e-02 5.372930317512282679e-03 1.445121765394357001e-03
1.126999999999999946e-01 8.189215362226545669e-02 3.604293747980688578e-02 1.555771755646228466e-02 5.468545621486256558e-03 1.475742197692533723e-03
1.134000000000000008e-01 8.312742685798499287e-02 3.649638166748452039e-02 1.579237453227693919e-02 5.567657145705292611e-03 1.507825033001941204e-03
1.140999999999999931e-01 8.436270009370450129e-02 3.694982585516214113e-02 1.602703150809158678e-02 5.666768669924328664e-03 1.539907868311347601e-03
1.147999999999999993e-01 8.559797332942402359e-02 3.740327004283976881e-02 1.626168848390624130e-02 5.765880194143365584e-03 1.571990703620755082e-03
1.155000000000000054e-01 8.683324656514354589e-02 3.785671423051740342e-02 1.649634545972089236e-02 5.864991718362401636e-03 1.604073538930162347e-03
1.161999999999999977e-01 8.806851980086305431e-02 3.831015841819503109e-02 1.673100243553553995e-02 5.964103242581435954e-03 1.636156374239569177e-03
1.169000000000000039e-01 8.930379303658259049e-02 3.876360260587265877e-02 1.696565941135019448e-02 6.063214766800472874e-03 1.668239209548976225e-03
1.175999999999999962e-01 9.053906627230209891e-02 3.921704679355027950e-02 1.720031638716484207e-02 6.162326291019508059e-03 1.700322044858383055e-03
1.183000000000000024e-01 9.177433950802163509e-02 3.967049098122790718e-02 1.743497336297949313e-02 6.261437815238544979e-03 1.732404880167790319e-03
1.189999999999999947e-01 9.300961274374112964e-02 4.012393516890552791e-02 1.766963033879414419e-02 6.360549339457579297e-03 1.764487715477197367e-03
1.197000000000000008e-01 9.448715568366052031e-02 4.059181456977940111e-02 1.791664835607701192e-02 6.467233878690642132e-03 1.799885558538193544e-03
1.203999999999999931e-01 9.608988357711779893e-02 4.106715289540511377e-02 1.817005353764435810e-02 6.577831525985661405e-03 1.836996323537700131e-03
1.210999999999999993e-01 9.769261147057510530e-02 4.154249122103084030e-02 1.842345871921171122e-02 6.688429173280682413e-03 1.874107088537207370e-03
1.218000000000000055e-01 9.929533936403242556e-02 4.201782954665656683e-02 1.867686390077906433e-02 6.799026820575702554e-03 1.911217853536714608e-03
1.224999999999999978e-01 1.008980672574897042e-01 4.249316787228228642e-02 1.893026908234641051e-02 6.909624467870722694e-03 1.948328618536220979e-03
1.232000000000000040e-01 1.025007951509470244e-01 4.296850619790800602e-02 1.918367426391376362e-02 7.020222115165743702e-03 1.985439383535728217e-03
1.238999999999999962e-01 1.041035230444043030e-01 4.344384452353372561e-02 1.943707944548111674e-02 7.130819762460762976e-03 2.022550148535235022e-03
1.246000000000000024e-01 1.057062509378616094e-01 4.391918284915945214e-02 1.969048462704846639e-02 7.241417409755783983e-03 2.059660913534741827e-03
1.252999999999999947e-01 1.073089788313188742e-01 4.439452117478516480e-02 1.994388980861581603e-02 7.352015057050803257e-03 2.096771678534249065e-03
1.260000000000000009e-01 1.089117067247762083e-01 4.486985950041088439e-02 2.019729499018316915e-02 7.462612704345824265e-03 2.133882443533755870e-03
1.267000000000000071e-01 1.108842562170939267e-01 4.535824889128242665e-02 2.046265474340807147e-02 7.580903188596906268e-03 2.174514888571645304e-03
1.273999999999999855e-01 1.130654824736588571e-01 4.585400251959671769e-02 2.073476002296011089e-02 7.703534458591217680e-03 2.217134488490125031e-03
1.280999999999999917e-01 1.152467087302238569e-01 4.634975614791102955e-02 2.100686530251215378e-02 7.826165728585533429e-03 2.259754088408606060e-03
1.287999999999999978e-01 1.174279349867888705e-01 4.684550977622534834e-02 2.127897058206420014e-02 7.948796998579850046e-03 2.302373688327087522e-03
1.295000000000000040e-01 1.196091612433538703e-01 4.734126340453964632e-02 2.155107586161624997e-02 8.071428268574161458e-03 2.344993288245568984e-03
1.302000000000000102e-01 1.217903874999188979e-01 4.783701703285395818e-02 2.182318114116829633e-02 8.194059538568478074e-03 2.387612888164050012e-03
1.308999999999999886e-01 1.239716137564838283e-01 4.833277066116824922e-02 2.209528642072033575e-02 8.316690808562789486e-03 2.430232488082529306e-03
1.315999999999999948e-01 1.261528400130488003e-01 4.882852428948256107e-02 2.236739170027237864e-02 8.439322078557104367e-03 2.472852088001010768e-03
1.323000000000000009e-01 1.283340662696138279e-01 4.932427791779687987e-02 2.263949697982442846e-02 8.561953348551419249e-03 2.515471687919492230e-03
1.330000000000000071e-01 1.305152925261788277e-01 4.982003154611118478e-02 2.291160225937647482e-02 8.684584618545735865e-03 2.558091287837973259e-03
1.336999999999999855e-01 1.332309729483183436e-01 5.032746276320635564e-02 2.319519506072037496e-02 8.814981890446252702e-03 2.604426673337721914e-03
1.343999999999999917e-01 1.362752821454067120e-01 5.084207437469756563e-02 2.348585138679067791e-02 8.950154373874863456e-03 2.653046846088091132e-03
1.350999999999999979e-01 1.393195913424951082e-01 5.135668598618876174e-02 2.377650771286098086e-02 9.085326857303474210e-03 2.701667018838460350e-03
1.358000000000000040e-01 1.423639005395834489e-01 5.187129759767995785e-02 2.406716403893128381e-02 9.220499340732086699e-03 2.750287191588829568e-03
1.365000000000000102e-01 1.454082097366718451e-01 5.238590920917116089e-02 2.435782036500158676e-02 9.355671824160697453e-03 2.798907364339198785e-03
1.371999999999999886e-01 1.484525189337600748e-01 5.290052082066233619e-02 2.464847669107187930e-02 9.490844307589303003e-03 2.847527537089565835e-03
1.378999999999999948e-01 1.514968281308484988e-01 5.341513243215353923e-02 2.493913301714217878e-02 9.626016791017913757e-03 2.896147709839935053e-03
1.386000000000000010e-01 1.545411373279368394e-01 5.392974404364473534e-02 2.522978934321248520e-02 9.761189274446526246e-03 2.944767882590304271e-03
1.393000000000000071e-01 1.575854465250252356e-01 5.444435565513594533e-02 2.552044566928278468e-02 9.896361757875135265e-03 2.993388055340673488e-03
1.399999999999999856e-01 1.606297557221134653e-01 5.495896726662712756e-02 2.581110199535307723e-02 1.003153424130374255e-02 3.042008228091040538e-03
1.406999999999999917e-01 1.644013943078375950e-01 5.548390619374956451e-02 2.611272545936900794e-02 1.017449877980567199e-02 3.094523128819589176e-03
1.413999999999999979e-01 1.686595408458265721e-01 5.601575302430427533e-02 2.642168480160942898e-02 1.032267539527972205e-02 3.149643198764312015e-03
1.421000000000000041e-01 1.729176873838154938e-01 5.654759985485897922e-02 2.673064414384985349e-02 1.047085201075377212e-02 3.204763268709034420e-03
1.428000000000000103e-01 1.771758339218044154e-01 5.707944668541368310e-02 2.703960348609027453e-02 1.061902862622782044e-02 3.259883338653757692e-03
1.434999999999999887e-01 1.814339804597931705e-01 5.761129351596836617e-02 2.734856282833069210e-02 1.076720524170186530e-02 3.315003408598477929e-03
1.441999999999999948e-01 1.856921269977820643e-01 5.814314034652307700e-02 2.765752217057111315e-02 1.091538185717591362e-02 3.370123478543200334e-03
1.449000000000000010e-01 1.899502735357709859e-01 5.867498717707778089e-02 2.796648151281153766e-02 1.106355847264996368e-02 3.425243548487923173e-03
1.456000000000000072e-01 1.942084200737599353e-01 5.920683400763248477e-02 2.827544085505195870e-02 1.121173508812401548e-02 3.480363618432645578e-03
1.462999999999999856e-01 1.984665666117486904e-01 5.973868083818717478e-02 2.858440019729237627e-02 1.135991170359805860e-02 3.535483688377365815e-03
1.469999999999999918e-01 2.027247131497376120e-01 6.027052766874189255e-02 2.889335953953279384e-02 1.150808831907210866e-02 3.590603758322088654e-03
1.476999999999999980e-01 2.079126717120126366e-01 6.081138608585213295e-02 2.921271984365020336e-02 1.166403609325929527e-02 3.649779884345249071e-03
1.484000000000000041e-01 2.137762722296513151e-01 6.135879271464630969e-02 2.953963794013497041e-02 1.182563073017921067e-02 3.711903317553433106e-03
1.491000000000000103e-01 2.196398727472900214e-01 6.190619934344050723e-02 2.986655603661974093e-02 1.198722536709912606e-02 3.774026750761618008e-03
1.497999999999999887e-01 2.255034732649284224e-01 6.245360597223467009e-02 3.019347413310449757e-02 1.214882000401903452e-02 3.836150183969799440e-03
1.504999999999999949e-01 2.313670737825671564e-01 6.300101260102886069e-02 3.052039222958926115e-02 1.231041464093894991e-02 3.898273617177983909e-03
1.512000000000000011e-01 2.372306743002057794e-01 6.354841922982304436e-02 3.084731032607403514e-02 1.247200927785886530e-02 3.960397050386168377e-03
1.519000000000000072e-01 2.430942748178444857e-01 6.409582585861724191e-02 3.117422842255879872e-02 1.263360391477878070e-02 4.022520483594352846e-03
1.525999999999999857e-01 2.489578753354829144e-01 6.464323248741139782e-02 3.150114651904355190e-02 1.279519855169868915e-02 4.084643916802534712e-03
1.532999999999999918e-01 2.548214758531215929e-01 6.519063911620559537e-02 3.182806461552831895e-02 1.295679318861860455e-02 4.146767350010718313e-03
1.539999999999999980e-01 2.606850763707603269e-01 6.573804574499979292e-02 3.215498271201309294e-02 1.311838782553851994e-02 4.208890783218902781e-03
1.547000000000000042e-01 2.676635462956285516e-01 6.629319289358154288e-02 3.249169752318116500e-02 1.328768653622252813e-02 4.275211721659137945e-03
1.554000000000000103e-01 2.755211247136526986e-01 6.685444367783809072e-02 3.283613734234325232e-02 1.346306014378145094e-02 4.344842520855827887e-03
1.560999999999999888e-01 2.833787031316764571e-01 6.741569446209461081e-02 3.318057716150532577e-02 1.363843375134036334e-02 4.414473320052514360e-03
1.567999999999999949e-01 2.912362815497006041e-01 6.797694524635117252e-02 3.352501698066741309e-02 1.381380735889928615e-02 4.484104119249204302e-03
1.575000000000000011e-01 2.990938599677246956e-01 6.853819603060770649e-02 3.386945679982950042e-02 1.398918096645820550e-02 4.553734918445895112e-03
1.582000000000000073e-01 3.069514383857488427e-01 6.909944681486425433e-02 3.421389661899158080e-02 1.416455457401712831e-02 4.623365717642585922e-03
1.588999999999999857e-01 3.148090168037727121e-01 6.966069759912078829e-02 3.455833643815365425e-02 1.433992818157604245e-02 4.692996516839272395e-03
1.595999999999999919e-01 3.226665952217968036e-01 7.022194838337733613e-02 3.490277625731574851e-02 1.451530178913496526e-02 4.762627316035962337e-03
1.602999999999999980e-01 3.305241736398209507e-01 7.078319916763387010e-02 3.524721607647783583e-02 1.469067539669388460e-02 4.832258115232652279e-03
1.610000000000000042e-01 3.383817520578450422e-01 7.134444995189041794e-02 3.559165589563991622e-02 1.486604900425280741e-02 4.901888914429342221e-03
1.617000000000000104e-01 3.474908410588196661e-01 7.191222373552030867e-02 3.594525790138405202e-02 1.504901474454155980e-02 4.975836748664905218e-03
1.623999999999999888e-01 3.576699948704949450e-01 7.248557480485971760e-02 3.630669374695668500e-02 1.523847189943202014e-02 5.053475728100988336e-03
1.630999999999999950e-01 3.678491486821706680e-01 7.305892587419916817e-02 3.666812959252933185e-02 1.542792905432249090e-02 5.131114707537074923e-03
1.638000000000000012e-01 3.780283024938463354e-01 7.363227694353860486e-02 3.702956543810197870e-02 1.561738620921296165e-02 5.208753686973161511e-03
1.645000000000000073e-01 3.882074563055220584e-01 7.420562801287804156e-02 3.739100128367461862e-02 1.580684336410342894e-02 5.286392666409246363e-03
1.651999999999999857e-01 3.983866101171973373e-01 7.477897908221746437e-02 3.775243712924725159e-02 1.599630051899388755e-02 5.364031645845330348e-03
1.658999999999999919e-01 4.085657639288730603e-01 7.535233015155690106e-02 3.811387297481989844e-02 1.618575767388435657e-02 5.441670625281416936e-03
1.665999999999999981e-01 4.187449177405487277e-01 7.592568122089635163e-02 3.847530882039255223e-02 1.637521482877482559e-02 5.519309604717502656e-03
1.673000000000000043e-01 4.289240715522244507e-01 7.649903229023578832e-02 3.883674466596519215e-02 1.656467198366529461e-02 5.596948584153588376e-03
1.680000000000000104e-01 4.391032253639001182e-01 7.707238335957522501e-02 3.919818051153784594e-02 1.675412913855576363e-02 5.674587563589674963e-03
1.686999999999999889e-01 4.505938488990924862e-01 7.765110111074581545e-02 3.956812149112087090e-02 1.695102349824766097e-02 5.756639405974904762e-03
1.693999999999999950e-01 4.632997339541465864e-01 7.823479184894142902e-02 3.994594367596449730e-02 1.715480947628839417e-02 5.842780387772476131e-03
1.701000000000000012e-01 4.760056190092006867e-01 7.881848258713702871e-02 4.032376586080813063e-02 1.735859545432912043e-02 5.928921369570046632e-03
1.708000000000000074e-01 4.887115040642547870e-01 7.940217332533264227e-02 4.070158804565175703e-02 1.756238143236985363e-02 6.015062351367618000e-03
1.714999999999999858e-01 5.014173891193084431e-01 7.998586406352822809e-02 4.107941023049536955e-02 1.776616741041057296e-02 6.101203333165185899e-03
1.721999999999999920e-01 5.141232741743625434e-01 8.056955480172382777e-02 4.145723241533900288e-02 1.796995338845130616e-02 6.187344314962756400e-03
1.728999999999999981e-01 5.268291592294167547e-01 8.115324553991944134e-02 4.183505460018262928e-02 1.817373936649203589e-02 6.273485296760327769e-03
1.736000000000000043e-01 5.395350442844708549e-01 8.173693627811505491e-02 4.221287678502626262e-02 1.837752534453276909e-02 6.359626278557898270e-03
1.743000000000000105e-01 5.522409293395249552e-01 8.232062701631065460e-02 4.259069896986988901e-02 1.858131132257349535e-02 6.445767260355469638e-03
1.749999999999999889e-01 5.649468143945786114e-01 8.290431775450624041e-02 4.296852115471351541e-02 1.878509730061421815e-02 6.531908242153037537e-03
1.756999999999999951e-01 5.789290047744817258e-01 8.349228651424184244e-02 4.335417652454726795e-02 1.899612493294315640e-02 6.622532717133122401e-03
1.764000000000000012e-01 5.941926262034300521e-01 8.408455047632683310e-02 4.374769653794541996e-02 1.921442330250924813e-02 6.717658691292439574e-03
1.771000000000000074e-01 6.094562476323784894e-01 8.467681443841182376e-02 4.414121655134357197e-02 1.943272167207533638e-02 6.812784665451759349e-03
1.777999999999999858e-01 6.247198690613261496e-01 8.526907840049675891e-02 4.453473656474171705e-02 1.965102004164141769e-02 6.907910639611072184e-03
1.784999999999999920e-01 6.399834904902745869e-01 8.586134236258174957e-02 4.492825657813986212e-02 1.986931841120751288e-02 7.003036613770391092e-03
1.791999999999999982e-01 6.552471119192229132e-01 8.645360632466674022e-02 4.532177659153801413e-02 2.008761678077360460e-02 7.098162587929709132e-03
1.799000000000000044e-01 6.705107333481712395e-01 8.704587028675173088e-02 4.571529660493616615e-02 2.030591515033969285e-02 7.193288562089028039e-03
1.806000000000000105e-01 6.857743547771195658e-01 8.763813424883669378e-02 4.610881661833431816e-02 2.052421351990578458e-02 7.288414536248345212e-03
1.812999999999999889e-01 7.010379762060673370e-01 8.823039821092165669e-02 4.650233663173245630e-02 2.074251188947186936e-02 7.383540510407658915e-03
1.819999999999999951e-01 7.163015976350157743e-01 8.882266217300664735e-02 4.689585664513059443e-02 2.096081025903795761e-02 7.478666484566977822e-03
1.827000000000000013e-01 7.327078877701246329e-01 8.941818845630662704e-02 4.729653041199400471e-02 2.118611692207641312e-02 7.578320199280256728e-03
1.834000000000000075e-01 7.503572484642366813e-01 9.001726370829232771e-02 4.770498650480287789e-02 2.141904767006387947e-02 7.682899489491570519e-03
1.840999999999999859e-01 7.680066091583480636e-01 9.061633896027804225e-02 4.811344259761173026e-02 2.165197841805134235e-02 7.787478779702880841e-03
1.847999999999999921e-01 7.856559698524598900e-01 9.121541421226375679e-02 4.852189869042058956e-02 2.188490916603881217e-02 7.892058069914194632e-03
1.854999999999999982e-01 8.033053305465720495e-01 9.181448946424947133e-02 4.893035478322946275e-02 2.211783991402628199e-02 7.996637360125508423e-03
1.862000000000000044e-01 8.209546912406839869e-01 9.241356471623521363e-02 4.933881087603832899e-02 2.235077066201375182e-02 8.101216650336822214e-03
1.869000000000000106e-01 8.386040519347960354e-01 9.301263996822092817e-02 4.974726696884719523e-02 2.258370141000122164e-02 8.205795940548136005e-03
1.875999999999999890e-01 8.562534126289074177e-01 9.361171522020662883e-02 5.015572306165604760e-02 2.281663215798868105e-02 8.310375230759446327e-03
1.882999999999999952e-01 8.739027733230194661e-01 9.421079047219232949e-02 5.056417915446492078e-02 2.304956290597615434e-02 8.414954520970760118e-03
1.890000000000000013e-01 8.915521340171314035e-01 9.480986572417805791e-02 5.097263524727378009e-02 2.328249365396362069e-02 8.519533811182073910e-03
1.897000000000000075e-01 9.101254445212014765e-01 9.541126480708288227e-02 5.138756530317806909e-02 2.352216473297236848e-02 8.628657850311331409e-03
1.903999999999999859e-01 9.297881281636489748e-01 9.601540377797093684e-02 5.181012841600705909e-02 2.376978292715904023e-02 8.743140327029424314e-03
1.910999999999999921e-01 9.494508118060975832e-01 9.661954274885900529e-02 5.223269152883606992e-02 2.401740112134571198e-02 8.857622803747522422e-03
1.917999999999999983e-01 9.691134954485459696e-01 9.722368171974705986e-02 5.265525464166508074e-02 2.426501931553239066e-02 8.972105280465620530e-03
1.925000000000000044e-01 9.887761790909942450e-01 9.782782069063514219e-02 5.307781775449408462e-02 2.451263750971906588e-02 9.086587757183718639e-03
1.932000000000000106e-01 1.008438862733442631e+00 9.843195966152321064e-02 5.350038086732309545e-02 2.476025570390574457e-02 9.201070233901816747e-03
1.938999999999999890e-01 1.028101546375890241e+00 9.903609863241126521e-02 5.392294398015209239e-02 2.500787389809240938e-02 9.315552710619909652e-03
1.945999999999999952e-01 1.047764230018338516e+00 9.964023760329931978e-02 5.434550709298108934e-02 2.525549209227908806e-02 9.430035187338007760e-03
1.953000000000000014e-01 1.067426913660787013e+00 1.002443765741873882e-01 5.476807020581010710e-02 2.550311028646576328e-02 9.544517664056105868e-03
1.960000000000000075e-01 1.087089597303235511e+00 1.008485155450754567e-01 5.519063331863910404e-02 2.575072848065244197e-02 9.659000140774203977e-03
1.966999999999999860e-01 1.107399967766163451e+00 1.014541204791960805e-01 5.561899701224871928e-02 2.600478799192333657e-02 9.778016621556423135e-03
1.973999999999999921e-01 1.128538430967605866e+00 1.020615997042076811e-01 5.605477697352308913e-02 2.626708297709188719e-02 9.902830002511962479e-03
1.980999999999999983e-01 1.149676894169048502e+00 1.026690789292192540e-01 5.649055693479745205e-02 2.652937796226044129e-02 1.002764338346750009e-02
1.988000000000000045e-01 1.170815357370490917e+00 1.032765581542308686e-01 5.692633689607182190e-02 2.679167294742899885e-02 1.015245676442303943e-02
1.995000000000000107e-01 1.191953820571933109e+00 1.038840373792424693e-01 5.736211685734618482e-02 2.705396793259755295e-02 1.027727014537857878e-02
2.001999999999999891e-01 1.213092283773374858e+00 1.044915166042540283e-01 5.779789681862054079e-02 2.731626291776608970e-02 1.040208352633411118e-02
2.008999999999999952e-01 1.234230746974817272e+00 1.050989958292656290e-01 5.823367677989490371e-02 2.757855790293464379e-02 1.052689690728964879e-02
2.016000000000000014e-01 1.255369210176259909e+00 1.057064750542772297e-01 5.866945674116927356e-02 2.784085288810319442e-02 1.065171028824518640e-02
2.023000000000000076e-01 1.276507673377702545e+00 1.063139542792888165e-01 5.910523670244363648e-02 2.810314787327175198e-02 1.077652366920072748e-02
2.029999999999999860e-01 1.297646136579143850e+00 1.069214335043003894e-01 5.954101666371799245e-02 2.836544285844029567e-02 1.090133705015626162e-02
2.036999999999999922e-01 1.319134139838303632e+00 1.075296045236558140e-01 5.998193658499578057e-02 2.863385292978050736e-02 1.103064577212782733e-02
2.043999999999999984e-01 1.341107150833051653e+00 1.081387354490385977e-01 6.042998850819221446e-02 2.891074804891870242e-02 1.116619204861923897e-02
2.051000000000000045e-01 1.363080161827799675e+00 1.087478663744213397e-01 6.087804043138867610e-02 2.918764316805691136e-02 1.130173832511065235e-02
2.058000000000000107e-01 1.385053172822547474e+00 1.093569972998041373e-01 6.132609235458511693e-02 2.946453828719511336e-02 1.143728460160206573e-02
2.064999999999999891e-01 1.407026183817294607e+00 1.099661282251868516e-01 6.177414427778154388e-02 2.974143340633330496e-02 1.157283087809347390e-02
2.071999999999999953e-01 1.428999194812042628e+00 1.105752591505696353e-01 6.222219620097797776e-02 3.001832852547151043e-02 1.170837715458488727e-02
2.079000000000000015e-01 1.450972205806790649e+00 1.111843900759524051e-01 6.267024812417443247e-02 3.029522364460970549e-02 1.184392343107630065e-02
2.086000000000000076e-01 1.472945216801538448e+00 1.117935210013351749e-01 6.311830004737088717e-02 3.057211876374791443e-02 1.197946970756771402e-02
2.092999999999999861e-01 1.494918227796285581e+00 1.124026519267178892e-01 6.356635197056730024e-02 3.084901388288610602e-02 1.211501598405912219e-02
2.099999999999999922e-01 1.516891238791033603e+00 1.130117828521006729e-01 6.401440389376375495e-02 3.112590900202430802e-02 1.225056226055053557e-02
2.106999999999999984e-01 1.538929947770290463e+00 1.136209190071985897e-01 6.446695381086786636e-02 3.140856982002940972e-02 1.239053748283653299e-02
2.114000000000000046e-01 1.561067698937249171e+00 1.142300630462892430e-01 6.492628462331016814e-02 3.169992264637655488e-02 1.253718950782793315e-02
2.121000000000000107e-01 1.583205450104208101e+00 1.148392070853798824e-01 6.538561543575246993e-02 3.199127547272370697e-02 1.268384153281933331e-02
2.127999999999999892e-01 1.605343201271166143e+00 1.154483511244704941e-01 6.584494624819477171e-02 3.228262829907084519e-02 1.283049355781073000e-02
2.134999999999999953e-01 1.627480952438124850e+00 1.160574951635611335e-01 6.630427706063708737e-02 3.257398112541800422e-02 1.297714558280212843e-02
2.142000000000000015e-01 1.649618703605083780e+00 1.166666392026517590e-01 6.676360787307938915e-02 3.286533395176514938e-02 1.312379760779352859e-02
2.149000000000000077e-01 1.671756454772042488e+00 1.172757832417423984e-01 6.722293868552169094e-02 3.315668677811230147e-02 1.327044963278492876e-02
2.155999999999999861e-01 1.693894205939000530e+00 1.178849272808330240e-01 6.768226949796399272e-02 3.344803960445943969e-02 1.341710165777632545e-02
2.162999999999999923e-01 1.716031957105959238e+00 1.184940713199236634e-01 6.814160031040629451e-02 3.373939243080659178e-02 1.356375368276772561e-02
2.169999999999999984e-01 1.738169708272918390e+00 1.191032153590143028e-01 6.860093112284859629e-02 3.403074525715374388e-02 1.371040570775912577e-02
2.177000000000000046e-01 1.760133370015928955e+00 1.197117729813216430e-01 6.906414201317588597e-02 3.432749546685684439e-02 1.386139308456239838e-02
2.184000000000000108e-01 1.781811488259342102e+00 1.203193687559950265e-01 6.953371705241502554e-02 3.463309852756705359e-02 1.401949135587192592e-02
2.190999999999999892e-01 1.803489606502754139e+00 1.209269645306683683e-01 7.000329209165416511e-02 3.493870158827725586e-02 1.417758962718144826e-02
2.197999999999999954e-01 1.825167724746167286e+00 1.215345603053417239e-01 7.047286713089330468e-02 3.524430464898747201e-02 1.433568789849097580e-02
2.205000000000000016e-01 1.846845842989580433e+00 1.221421560800150796e-01 7.094244217013243037e-02 3.554990770969768815e-02 1.449378616980049814e-02
2.212000000000000077e-01 1.868523961232993358e+00 1.227497518546884353e-01 7.141201720937158381e-02 3.585551077040790430e-02 1.465188444111002568e-02
2.218999999999999861e-01 1.890202079476405617e+00 1.233573476293618049e-01 7.188159224861070951e-02 3.616111383111809963e-02 1.480998271241954801e-02
2.225999999999999923e-01 1.911880197719818764e+00 1.239649434040351605e-01 7.235116728784984907e-02 3.646671689182831577e-02 1.496808098372907209e-02
2.232999999999999985e-01 1.933558315963231911e+00 1.245725391787085440e-01 7.282074232708898864e-02 3.677231995253853192e-02 1.512617925503859963e-02
2.240000000000000047e-01 1.955236434206644613e+00 1.251801349533818997e-01 7.329031736632812821e-02 3.707792301324874806e-02 1.528427752634812717e-02
2.247000000000000108e-01 1.976563442160858886e+00 1.257866635916365661e-01 7.376318348688352955e-02 3.738854055164331225e-02 1.544659122880925710e-02
2.253999999999999893e-01 1.997262766916503507e+00 1.263912844999807439e-01 7.424193310476408236e-02 3.770812251941770693e-02 1.561644089757492290e-02
2.260999999999999954e-01 2.017962091672149239e+00 1.269959054083249217e-01 7.472068272264466293e-02 3.802770448719211549e-02 1.578629056634059738e-02
2.268000000000000016e-01 2.038661416427794748e+00 1.276005263166690995e-01 7.519943234052522962e-02 3.834728645496651017e-02 1.595614023510627186e-02
2.275000000000000078e-01 2.059360741183440258e+00 1.282051472250133051e-01 7.567818195840581019e-02 3.866686842274091873e-02 1.612598990387194633e-02
2.281999999999999862e-01 2.080060065939085323e+00 1.288097681333574551e-01 7.615693157628634913e-02 3.898645039051532035e-02 1.629583957263761387e-02
2.288999999999999924e-01 2.100759390694730389e+00 1.294143890417016607e-01 7.663568119416692970e-02 3.930603235828972197e-02 1.646568924140328835e-02
2.295999999999999985e-01 2.121458715450376342e+00 1.300190099500458385e-01 7.711443081204751027e-02 3.962561432606413053e-02 1.663553891016896283e-02
2.303000000000000047e-01 2.142158040206022296e+00 1.306236308583900163e-01 7.759318042992807696e-02 3.994519629383853909e-02 1.680538857893463731e-02
2.310000000000000109e-01 2.162857364961668249e+00 1.312282517667342219e-01 7.807193004780864365e-02 4.026477826161294071e-02 1.697523824770030831e-02
2.316999999999999893e-01 2.183097546929432919e+00 1.318314703292842449e-01 7.855341499369915270e-02 4.058898160295022761e-02 1.714915829753988971e-02
2.323999999999999955e-01 2.202441177891279800e+00 1.324319505834788135e-01 7.904024111262684948e-02 4.092220892816770400e-02 1.733102642876642105e-02
2.331000000000000016e-01 2.221784808853126680e+00 1.330324308376734654e-01 7.952706723155456014e-02 4.125543625338518733e-02 1.751289455999294892e-02
2.338000000000000078e-01 2.241128439814973117e+00 1.336329110918680618e-01 8.001389335048227081e-02 4.158866357860267066e-02 1.769476269121947332e-02
2.344999999999999862e-01 2.260472070776819553e+00 1.342333913460626305e-01 8.050071946940995371e-02 4.192189090382014011e-02 1.787663082244599425e-02
2.351999999999999924e-01 2.279815701738666434e+00 1.348338716002572546e-01 8.098754558833765049e-02 4.225511822903762343e-02 1.805849895367251864e-02
2.358999999999999986e-01 2.299159332700513314e+00 1.354343518544518510e-01 8.147437170726534728e-02 4.258834555425510676e-02 1.824036708489904998e-02
2.366000000000000048e-01 2.318502963662360195e+00 1.360348321086464474e-01 8.196119782619305794e-02 4.292157287947259703e-02 1.842223521612557785e-02
2.373000000000000109e-01 2.337846594624207075e+00 1.366353123628410715e-01 8.244802394512076860e-02 4.325480020469008036e-02 1.860410334735210225e-02
2.379999999999999893e-01 2.357190225586053067e+00 1.372357926170356401e-01 8.293485006404845150e-02 4.358802752990754981e-02 1.878597147857861971e-02
2.386999999999999955e-01 2.376030844002994691e+00 1.378347505747870017e-01 8.342389276777159579e-02 4.392547731757554669e-02 1.897174131595521715e-02
2.394000000000000017e-01 2.393795838110074126e+00 1.384304533074396659e-01 8.391767533835291226e-02 4.427195627023208790e-02 1.916585442434453473e-02
2.401000000000000079e-01 2.411560832217154005e+00 1.390261560400923579e-01 8.441145790893422873e-02 4.461843522288862912e-02 1.935996753273384885e-02
2.407999999999999863e-01 2.429325826324233439e+00 1.396218587727450222e-01 8.490524047951551745e-02 4.496491417554514952e-02 1.955408064112315256e-02
2.414999999999999925e-01 2.447090820431312874e+00 1.402175615053976865e-01 8.539902305009684780e-02 4.531139312820169074e-02 1.974819374951247014e-02
2.421999999999999986e-01 2.464855814538393197e+00 1.408132642380503785e-01 8.589280562067816427e-02 4.565787208085823196e-02 1.994230685790178426e-02
2.429000000000000048e-01 2.482620808645473076e+00 1.414089669707030428e-01 8.638658819125946686e-02 4.600435103351477317e-02 2.013641996629110184e-02
2.436000000000000110e-01 2.500385802752552955e+00 1.420046697033557070e-01 8.688037076184078333e-02 4.635082998617131439e-02 2.033053307468041596e-02
2.442999999999999894e-01 2.518150796859631946e+00 1.426003724360083713e-01 8.737415333242208593e-02 4.669730893882783479e-02 2.052464618306972313e-02
2.449999999999999956e-01 2.535915790966711825e+00 1.431960751686610356e-01 8.786793590300338852e-02 4.704378789148437601e-02 2.071875929145903725e-02
2.457000000000000017e-01 2.553185539186490605e+00 1.437904803288229394e-01 8.836345653125007860e-02 4.739408892868592071e-02 2.091658359633572981e-02
2.464000000000000079e-01 2.569291958140795362e+00 1.443818374999126519e-01 8.886305984528784785e-02 4.775336801683211646e-02 2.112312547685389272e-02
2.470999999999999863e-01 2.585398377095100120e+00 1.449731946710023367e-01 8.936266315932561710e-02 4.811264710497829833e-02 2.132966735737204522e-02
2.477999999999999925e-01 2.601504796049405766e+00 1.455645518420920492e-01 8.986226647336340023e-02 4.847192619312449408e-02 2.153620923789021160e-02
2.484999999999999987e-01 2.617611215003710967e+00 1.461559090131817340e-01 9.036186978740118336e-02 4.883120528127068982e-02 2.174275111840837799e-02
2.492000000000000048e-01 2.633717633958016169e+00 1.467472661842714465e-01 9.086147310143896649e-02 4.919048436941688557e-02 2.194929299892654090e-02
2.499000000000000110e-01 2.649824052912321370e+00 1.473386233553611313e-01 9.136107641547674962e-02 4.954976345756308131e-02 2.215583487944470728e-02
2.505999999999999894e-01 2.665930471866626128e+00 1.479299805264508161e-01 9.186067972951451888e-02 4.990904254570926318e-02 2.236237675996286325e-02
2.513000000000000234e-01 2.682036890820932662e+00 1.485213376975405564e-01 9.236028304355231588e-02 5.026832163385547281e-02 2.256891864048103657e-02
2.520000000000000018e-01 2.698143309775236975e+00 1.491126948686302411e-01 9.285988635759007126e-02 5.062760072200165468e-02 2.277546052099919255e-02
2.526999999999999802e-01 2.713797656205685804e+00 1.497035434526582387e-01 9.336079206644083694e-02 5.099030429135938125e-02 2.298550330406479852e-02
2.534000000000000141e-01 2.728281167322552214e+00 1.502930748327855337e-01 9.386507088415975419e-02 5.136187702068951283e-02 2.320461317286482555e-02
2.540999999999999925e-01 2.742764678439416848e+00 1.508826062129127732e-01 9.436934970187865757e-02 5.173344975001960278e-02 2.342372304166483871e-02
2.547999999999999710e-01 2.757248189556281925e+00 1.514721375930400127e-01 9.487362851959757482e-02 5.210502247934969966e-02 2.364283291046485186e-02
2.555000000000000049e-01 2.771731700673148335e+00 1.520616689731673077e-01 9.537790733731651982e-02 5.247659520867982430e-02 2.386194277926488236e-02
2.561999999999999833e-01 2.786215211790013413e+00 1.526512003532945472e-01 9.588218615503542319e-02 5.284816793800992119e-02 2.408105264806489204e-02
2.569000000000000172e-01 2.800698722906879379e+00 1.532407317334218144e-01 9.638646497275438207e-02 5.321974066734005276e-02 2.430016251686492254e-02
2.575999999999999956e-01 2.815182234023744456e+00 1.538302631135490539e-01 9.689074379047328545e-02 5.359131339667013577e-02 2.451927238566493222e-02
2.582999999999999741e-01 2.829665745140609534e+00 1.544197944936763212e-01 9.739502260819220270e-02 5.396288612600023266e-02 2.473838225446494885e-02
2.590000000000000080e-01 2.844149256257475944e+00 1.550093258738035884e-01 9.789930142591113382e-02 5.433445885533036424e-02 2.495749212326497588e-02
2.596999999999999864e-01 2.858242911583510182e+00 1.556000401723634519e-01 9.840449193951082696e-02 5.470906533594143556e-02 2.517987509915482758e-02
2.604000000000000203e-01 2.871218375881581242e+00 1.561941473377456702e-01 9.891229739478414607e-02 5.509237327371500903e-02 2.541164605662020806e-02
2.610999999999999988e-01 2.884193840179651414e+00 1.567882545031278330e-01 9.942010285005740966e-02 5.547568121148854781e-02 2.564341701408557120e-02
2.617999999999999772e-01 2.897169304477722473e+00 1.573823616685100235e-01 9.992790830533068713e-02 5.585898914926208658e-02 2.587518797155093433e-02
2.625000000000000111e-01 2.910144768775793533e+00 1.579764688338922418e-01 1.004357137606039924e-01 5.624229708703566005e-02 2.610695892901631829e-02
2.631999999999999895e-01 2.923120233073863261e+00 1.585705759992744046e-01 1.009435192158772698e-01 5.662560502480921271e-02 2.633872988648168142e-02
2.639000000000000234e-01 2.936095697371934765e+00 1.591646831646566229e-01 1.014513246711505889e-01 5.700891296258277230e-02 2.657050084394705497e-02
2.646000000000000019e-01 2.949071161670005381e+00 1.597587903300388135e-01 1.019591301264238664e-01 5.739222090035631108e-02 2.680227180141242158e-02
2.652999999999999803e-01 2.962046625968075553e+00 1.603528974954209763e-01 1.024669355816971300e-01 5.777552883812986373e-02 2.703404275887778471e-02
2.660000000000000142e-01 2.975022090266147057e+00 1.609470046608031946e-01 1.029747410369704352e-01 5.815883677590342332e-02 2.726581371634316867e-02
2.666999999999999926e-01 2.987674962900982223e+00 1.615453555829371168e-01 1.034831140189633458e-01 5.854479852522862654e-02 2.750061496859893331e-02
2.673999999999999710e-01 2.999297710896914548e+00 1.621572579972195283e-01 1.039932992711534165e-01 5.893923463076922858e-02 2.774509279245428520e-02
2.681000000000000050e-01 3.010920458892847318e+00 1.627691604115019952e-01 1.045034845233435289e-01 5.933367073630985145e-02 2.798957061630966137e-02
2.687999999999999834e-01 3.022543206888780087e+00 1.633810628257844066e-01 1.050136697755335996e-01 5.972810684185044655e-02 2.823404844016502019e-02
2.695000000000000173e-01 3.034165954884712857e+00 1.639929652400668736e-01 1.055238550277236981e-01 6.012254294739107635e-02 2.847852626402039983e-02
2.701999999999999957e-01 3.045788702880645182e+00 1.646048676543492573e-01 1.060340402799137688e-01 6.051697905293167146e-02 2.872300408787575865e-02
2.708999999999999742e-01 3.057411450876577952e+00 1.652167700686316687e-01 1.065442255321038256e-01 6.091141515847227350e-02 2.896748191173111747e-02
2.716000000000000081e-01 3.069034198872511165e+00 1.658286724829141634e-01 1.070544107842939519e-01 6.130585126401289636e-02 2.921195973558649364e-02
2.722999999999999865e-01 3.080656946868443491e+00 1.664405748971965748e-01 1.075645960364840087e-01 6.170028736955349841e-02 2.945643755944184553e-02
2.730000000000000204e-01 3.092279694864376705e+00 1.670524773114790418e-01 1.080747812886741210e-01 6.209472347509410739e-02 2.970091538329722516e-02
2.736999999999999988e-01 3.103641810711310178e+00 1.676736153586775302e-01 1.085852374798201014e-01 6.249144794237086742e-02 2.994816832724224442e-02
2.743999999999999773e-01 3.114071389511366750e+00 1.683277983309885706e-01 1.090966630855789432e-01 6.289636012595131720e-02 3.020535059994843355e-02
2.751000000000000112e-01 3.124500968311423765e+00 1.689819813032996665e-01 1.096080886913378405e-01 6.330127230953179474e-02 3.046253287265464002e-02
2.757999999999999896e-01 3.134930547111479893e+00 1.696361642756107624e-01 1.101195142970966823e-01 6.370618449311225839e-02 3.071971514536082568e-02
2.765000000000000235e-01 3.145360125911537796e+00 1.702903472479218305e-01 1.106309399028555657e-01 6.411109667669273593e-02 3.097689741806702868e-02
2.772000000000000020e-01 3.155789704711593924e+00 1.709445302202328987e-01 1.111423655086144074e-01 6.451600886027317183e-02 3.123407969077321433e-02
2.778999999999999804e-01 3.166219283511650051e+00 1.715987131925439391e-01 1.116537911143732631e-01 6.492092104385363549e-02 3.149126196347940693e-02
2.786000000000000143e-01 3.176648862311707511e+00 1.722528961648550627e-01 1.121652167201321743e-01 6.532583322743411303e-02 3.174844423618561340e-02
2.792999999999999927e-01 3.187078441111764082e+00 1.729070791371661031e-01 1.126766423258910160e-01 6.573074541101456281e-02 3.200562650889179905e-02
2.799999999999999711e-01 3.197508019911820210e+00 1.735612621094771713e-01 1.131880679316498578e-01 6.613565759459501259e-02 3.226280878159798471e-02
2.807000000000000051e-01 3.207727180230012021e+00 1.742321556538157512e-01 1.136995160310802500e-01 6.654251063218120932e-02 3.252250142812532219e-02
2.813999999999999835e-01 3.217096164863898267e+00 1.749705666608913635e-01 1.142110550140316982e-01 6.695720550413390704e-02 3.279233699918246425e-02
2.821000000000000174e-01 3.226465149497784957e+00 1.757089776679670590e-01 1.147225939969832020e-01 6.737190037608664639e-02 3.306217257023962020e-02
2.827999999999999958e-01 3.235834134131670758e+00 1.764473886750427267e-01 1.152341329799346781e-01 6.778659524803933023e-02 3.333200814129676226e-02
2.834999999999999742e-01 3.245203118765556560e+00 1.771857996821183667e-01 1.157456719628861264e-01 6.820129011999202795e-02 3.360184371235390433e-02
2.842000000000000082e-01 3.254572103399443250e+00 1.779242106891940900e-01 1.162572109458376302e-01 6.861598499194476730e-02 3.387167928341106027e-02
2.848999999999999866e-01 3.263941088033329496e+00 1.786626216962697300e-01 1.167687499287891062e-01 6.903067986389745114e-02 3.414151485446820233e-02
2.856000000000000205e-01 3.273310072667216186e+00 1.794010327033454255e-01 1.172802889117406100e-01 6.944537473585020437e-02 3.441135042552536522e-02
2.862999999999999989e-01 3.282679057301102432e+00 1.801394437104210655e-01 1.177918278946920860e-01 6.986006960780288821e-02 3.468118599658250034e-02
2.869999999999999774e-01 3.292048041934988234e+00 1.808778547174966778e-01 1.183033668776435621e-01 7.027476447975558593e-02 3.495102156763964241e-02
2.877000000000000113e-01 3.301242194650332529e+00 1.816432842056035502e-01 1.188147281491151591e-01 7.069107381891234776e-02 3.522309608785213764e-02
2.883999999999999897e-01 3.309630941898233036e+00 1.825331808535167466e-01 1.193252707497243353e-01 7.111482059125612265e-02 3.550548486821841765e-02
2.891000000000000236e-01 3.318019689146134432e+00 1.834230775014300263e-01 1.198358133503335116e-01 7.153856736359991142e-02 3.578787364858471154e-02
2.898000000000000020e-01 3.326408436394034940e+00 1.843129741493431950e-01 1.203463559509427017e-01 7.196231413594368631e-02 3.607026242895099155e-02
2.904999999999999805e-01 3.334797183641935447e+00 1.852028707972563915e-01 1.208568985515518640e-01 7.238606090828746120e-02 3.635265120931726462e-02
2.912000000000000144e-01 3.343185930889836843e+00 1.860927674451696712e-01 1.213674411521610819e-01 7.280980768063126385e-02 3.663503998968357239e-02
2.918999999999999928e-01 3.351574678137737351e+00 1.869826640930828676e-01 1.218779837527702442e-01 7.323355445297503874e-02 3.691742877004984547e-02
2.925999999999999712e-01 3.359963425385637859e+00 1.878725607409960363e-01 1.223885263533794066e-01 7.365730122531879975e-02 3.719981755041611854e-02
2.933000000000000052e-01 3.368352172633539698e+00 1.887624573889092883e-01 1.228990689539886105e-01 7.408104799766261628e-02 3.748220633078242631e-02
2.939999999999999836e-01 3.376740919881439762e+00 1.896523540368224847e-01 1.234096115545977868e-01 7.450479477000637729e-02 3.776459511114869938e-02
2.947000000000000175e-01 3.384975887081597357e+00 1.905822886500328495e-01 1.239198241428365738e-01 7.492985362807719207e-02 3.804894769888735040e-02
2.953999999999999959e-01 3.392393289470962969e+00 1.917250833319112391e-01 1.244282822349287582e-01 7.536188813178529289e-02 3.834374078151689402e-02
2.960999999999999743e-01 3.399810691860329026e+00 1.928678780137896565e-01 1.249367403270209287e-01 7.579392263549337982e-02 3.863853386414645846e-02
2.968000000000000083e-01 3.407228094249695527e+00 1.940106726956681571e-01 1.254451984191131686e-01 7.622595713920152227e-02 3.893332694677602984e-02
2.974999999999999867e-01 3.414645496639060696e+00 1.951534673775465745e-01 1.259536565112053530e-01 7.665799164290962309e-02 3.922812002940558734e-02
2.982000000000000206e-01 3.422062899028427196e+00 1.962962620594250751e-01 1.264621146032975929e-01 7.709002614661775166e-02 3.952291311203516566e-02
2.988999999999999990e-01 3.429480301417792809e+00 1.974390567413034925e-01 1.269705726953897773e-01 7.752206065032585247e-02 3.981770619466472316e-02
2.995999999999999774e-01 3.436897703807158422e+00 1.985818514231819099e-01 1.274790307874819617e-01 7.795409515403393941e-02 4.011249927729427373e-02
3.003000000000000114e-01 3.444315106196524479e+00 1.997246461050604105e-01 1.279874888795742016e-01 7.838612965774208186e-02 4.040729235992385204e-02
3.009999999999999898e-01 3.451732508585890979e+00 2.008674407869388279e-01 1.284959469716663583e-01 7.881816416145018267e-02 4.070208544255340954e-02
3.017000000000000237e-01 3.459005135921989549e+00 2.020651205263646888e-01 1.290039699174309606e-01 7.925123494815661251e-02 4.099856646912860419e-02
3.024000000000000021e-01 3.465375541911642543e+00 2.036048375809408062e-01 1.295092810817333739e-01 7.969076373035979821e-02 4.130556656666916487e-02
3.030999999999999805e-01 3.471745947901295981e+00 2.051445546355169514e-01 1.300145922460357595e-01 8.013029251256298391e-02 4.161256666420973249e-02
3.038000000000000145e-01 3.478116353890949863e+00 2.066842716900931798e-01 1.305199034103381728e-01 8.056982129476618348e-02 4.191956676175032093e-02
3.044999999999999929e-01 3.484486759880602413e+00 2.082239887446693527e-01 1.310252145746406138e-01 8.100935007696936918e-02 4.222656685929089548e-02
3.051999999999999713e-01 3.490857165870255407e+00 2.097637057992454701e-01 1.315305257389429716e-01 8.144887885917254100e-02 4.253356695683146310e-02
3.059000000000000052e-01 3.497227571859908846e+00 2.113034228538217263e-01 1.320358369032454404e-01 8.188840764137575445e-02 4.284056705437205154e-02
3.065999999999999837e-01 3.503597977849562728e+00 2.128431399083978437e-01 1.325411480675478260e-01 8.232793642357892627e-02 4.314756715191261915e-02
3.073000000000000176e-01 3.509968383839216166e+00 2.143828569629740999e-01 1.330464592318502670e-01 8.276746520578212585e-02 4.345456724945321453e-02
3.079999999999999960e-01 3.516338789828869160e+00 2.159225740175502173e-01 1.335517703961526803e-01 8.320699398798532542e-02 4.376156734699377521e-02
3.086999999999999744e-01 3.522565750611549973e+00 2.175319918388108065e-01 1.340565873419803933e-01 8.364731207959921755e-02 4.406998179991837572e-02
3.094000000000000083e-01 3.527722950528672463e+00 2.196612119878878222e-01 1.345577185907089468e-01 8.409351654647959085e-02 4.438894398791028151e-02
3.100999999999999868e-01 3.532880150445795397e+00 2.217904321369647269e-01 1.350588498394374448e-01 8.453972101335995026e-02 4.470790617590215954e-02
3.108000000000000207e-01 3.538037350362917888e+00 2.239196522860417704e-01 1.355599810881659983e-01 8.498592548024032356e-02 4.502686836389406533e-02
3.114999999999999991e-01 3.543194550280040378e+00 2.260488724351186196e-01 1.360611123368944686e-01 8.543212994712066910e-02 4.534583055188594336e-02
3.121999999999999775e-01 3.548351750197163756e+00 2.281780925841955243e-01 1.365622435856229944e-01 8.587833441400102852e-02 4.566479273987783527e-02
3.129000000000000115e-01 3.553508950114286691e+00 2.303073127332725123e-01 1.370633748343515479e-01 8.632453888088138794e-02 4.598375492786974106e-02
3.135999999999999899e-01 3.558666150031409181e+00 2.324365328823493893e-01 1.375645060830800459e-01 8.677074334776174735e-02 4.630271711586162603e-02
3.143000000000000238e-01 3.563823349948532559e+00 2.345657530314264605e-01 1.380656373318085717e-01 8.721694781464213453e-02 4.662167930385353182e-02
3.150000000000000022e-01 3.568980549865655050e+00 2.366949731805033375e-01 1.385667685805370697e-01 8.766315228152246619e-02 4.694064149184541679e-02
3.156999999999999806e-01 3.573993677047931250e+00 2.389058385264798134e-01 1.390673911622485048e-01 8.810992983295608261e-02 4.726074968707554697e-02
3.164000000000000146e-01 3.577683687277533053e+00 2.418665067011264436e-01 1.395633423121704630e-01 8.856197040579716351e-02 4.759138243857537198e-02
3.170999999999999930e-01 3.581373697507134413e+00 2.448271748757728516e-01 1.400592934620923657e-01 8.901401097863823053e-02 4.792201519007516231e-02
3.177999999999999714e-01 3.585063707736735772e+00 2.477878430504192597e-01 1.405552446120142684e-01 8.946605155147928368e-02 4.825264794157495957e-02
3.185000000000000053e-01 3.588753717966337575e+00 2.507485112250659731e-01 1.410511957619362267e-01 8.991809212432037846e-02 4.858328069307478458e-02
3.191999999999999837e-01 3.592443728195938935e+00 2.537091793997123812e-01 1.415471469118581294e-01 9.037013269716143160e-02 4.891391344457457491e-02
3.199000000000000177e-01 3.596133738425540738e+00 2.566698475743590668e-01 1.420430980617800876e-01 9.082217327000252638e-02 4.924454619607439992e-02
3.205999999999999961e-01 3.599823748655142097e+00 2.596305157490054749e-01 1.425390492117020180e-01 9.127421384284359340e-02 4.957517894757419025e-02
3.212999999999999745e-01 3.603513758884743901e+00 2.625911839236518830e-01 1.430350003616239207e-01 9.172625441568464655e-02 4.990581169907398751e-02
3.220000000000000084e-01 3.607203769114346148e+00 2.655518520982985131e-01 1.435309515115458789e-01 9.217829498852574133e-02 5.023644445057381253e-02
3.226999999999999869e-01 3.610753466753664487e+00 2.685997299285135531e-01 1.440264224335016663e-01 9.263072475486658353e-02 5.056796300570719216e-02
3.234000000000000208e-01 3.612648195379390526e+00 2.726762344654354298e-01 1.445162291281647526e-01 9.308774500864067103e-02 5.090992950113425175e-02
3.240999999999999992e-01 3.614542924005116120e+00 2.767527390023569178e-01 1.450060358228277835e-01 9.354476526241473078e-02 5.125189599656129052e-02
3.247999999999999776e-01 3.616437652630843047e+00 2.808292435392785169e-01 1.454958425174908698e-01 9.400178551618879053e-02 5.159386249198830848e-02
3.255000000000000115e-01 3.618332381256568642e+00 2.849057480762003935e-01 1.459856492121539284e-01 9.445880576996289191e-02 5.193582898741536807e-02
3.261999999999999900e-01 3.620227109882294680e+00 2.889822526131219371e-01 1.464754559068170148e-01 9.491582602373693778e-02 5.227779548284240685e-02
3.269000000000000239e-01 3.622121838508020275e+00 2.930587571500437583e-01 1.469652626014801011e-01 9.537284627751105304e-02 5.261976197826945950e-02
3.276000000000000023e-01 3.624016567133746758e+00 2.971352616869653573e-01 1.474550692961431597e-01 9.582986653128511279e-02 5.296172847369649134e-02
3.282999999999999807e-01 3.625911295759472797e+00 3.012117662238868454e-01 1.479448759908061906e-01 9.628688678505917253e-02 5.330369496912351623e-02
3.290000000000000147e-01 3.627806024385199279e+00 3.052882707608087220e-01 1.484346826854693047e-01 9.674390703883326004e-02 5.364566146455057583e-02
3.296999999999999931e-01 3.629574557585233840e+00 3.094476610963273200e-01 1.489240784803892159e-01 9.720116617950746996e-02 5.398826451862235448e-02
3.303999999999999715e-01 3.629297854575789017e+00 3.149503729953158082e-01 1.494068148656791384e-01 9.766229693546003843e-02 5.434118421279882788e-02
3.311000000000000054e-01 3.629021151566345527e+00 3.204530848943047960e-01 1.498895512509691164e-01 9.812342769141264853e-02 5.469410390697532209e-02
3.317999999999999838e-01 3.628744448556900704e+00 3.259557967932932843e-01 1.503722876362590388e-01 9.858455844736520313e-02 5.504702360115177467e-02
3.325000000000000178e-01 3.628467745547456325e+00 3.314585086922822721e-01 1.508550240215490168e-01 9.904568920331781323e-02 5.539994329532826889e-02
3.331999999999999962e-01 3.628191042538011502e+00 3.369612205912707603e-01 1.513377604068389393e-01 9.950681995927036783e-02 5.575286298950472841e-02
3.338999999999999746e-01 3.627914339528567123e+00 3.424639324902593041e-01 1.518204967921288617e-01 9.996795071522293630e-02 5.610578268368118793e-02
3.346000000000000085e-01 3.627637636519123188e+00 3.479666443892482364e-01 1.523032331774188119e-01 1.004290814711755464e-01 5.645870237785767520e-02
3.352999999999999869e-01 3.627360933509678365e+00 3.534693562882367246e-01 1.527859695627087622e-01 1.008902122271281010e-01 5.681162207203414860e-02
3.360000000000000209e-01 3.627084230500233986e+00 3.589720681872256569e-01 1.532687059479987401e-01 1.013513429830806972e-01 5.716454176621064281e-02
3.366999999999999993e-01 3.626710153061428521e+00 3.645408922048827272e-01 1.537511394251882269e-01 1.018125968236203160e-01 5.751786243016742545e-02
3.373999999999999777e-01 3.623876090038753439e+00 3.717799171152188498e-01 1.542259204872092337e-01 1.022769601695172892e-01 5.788131285699567308e-02
3.381000000000000116e-01 3.621042027016077469e+00 3.790189420255554165e-01 1.547007015492302684e-01 1.027413235154143040e-01 5.824476328382396234e-02
3.387999999999999901e-01 3.618207963993402831e+00 3.862579669358915391e-01 1.551754826112512753e-01 1.032056868613112771e-01 5.860821371065220997e-02
3.395000000000000240e-01 3.615373900970727306e+00 3.934969918462282723e-01 1.556502636732723099e-01 1.036700502072082919e-01 5.897166413748049923e-02
3.402000000000000024e-01 3.612539837948052224e+00 4.007360167565643949e-01 1.561250447352933168e-01 1.041344135531052512e-01 5.933511456430873993e-02
3.408999999999999808e-01 3.609705774925376254e+00 4.079750416669004620e-01 1.565998257973143237e-01 1.045987768990022243e-01 5.969856499113700143e-02
3.416000000000000147e-01 3.606871711902701616e+00 4.152140665772371397e-01 1.570746068593353584e-01 1.050631402448992391e-01 6.006201541796528376e-02
3.422999999999999932e-01 3.604037648880026534e+00 4.224530914875732068e-01 1.575493879213563653e-01 1.055275035907962122e-01 6.042546584479353833e-02
3.429999999999999716e-01 3.601203585857350564e+00 4.296921163979093294e-01 1.580241689833773444e-01 1.059918669366931854e-01 6.078891627162178596e-02
3.437000000000000055e-01 3.598317124413667134e+00 4.369674297813599395e-01 1.584987913734480225e-01 1.064562726649807417e-01 6.115254829224659600e-02
3.443999999999999839e-01 3.592577860048431049e+00 4.462184489232345341e-01 1.589647749573322444e-01 1.069229858789758070e-01 6.152606708623783310e-02
3.451000000000000179e-01 3.586838595683194075e+00 4.554694680651098504e-01 1.594307585412164940e-01 1.073896990929708722e-01 6.189958588022909103e-02
3.457999999999999963e-01 3.581099331317957102e+00 4.647204872069844450e-01 1.598967421251006882e-01 1.078564123069659098e-01 6.227310467422032814e-02
3.464999999999999747e-01 3.575360066952721017e+00 4.739715063488590396e-01 1.603627257089848823e-01 1.083231255209609750e-01 6.264662346821157912e-02
3.472000000000000086e-01 3.569620802587483155e+00 4.832225254907343004e-01 1.608287092928691042e-01 1.087898387349560680e-01 6.302014226220283011e-02
3.478999999999999870e-01 3.563881538222247070e+00 4.924735446326089505e-01 1.612946928767533261e-01 1.092565519489511333e-01 6.339366105619406722e-02
3.486000000000000210e-01 3.558142273857010096e+00 5.017245637744842668e-01 1.617606764606375480e-01 1.097232651629462263e-01 6.376717985018533208e-02
3.492999999999999994e-01 3.552403009491773123e+00 5.109755829163588059e-01 1.622266600445217699e-01 1.101899783769412638e-01 6.414069864417656919e-02
3.499999999999999778e-01 3.546663745126536593e+00 5.202266020582334560e-01 1.626926436284059641e-01 1.106566915909363152e-01 6.451421743816780630e-02
3.507000000000000117e-01 3.540924480761299176e+00 5.294776212001086613e-01 1.631586272122902137e-01 1.111234048049314083e-01 6.488773623215907116e-02
3.513999999999999901e-01 3.532028697752429114e+00 5.409394698027758519e-01 1.636150349928731096e-01 1.115915812231985799e-01 6.527080417009910318e-02
3.521000000000000241e-01 3.523126576352706874e+00 5.524057578220319398e-01 1.640714235449353686e-01 1.120597605796269935e-01 6.565389128302702437e-02
3.528000000000000025e-01 3.514224454952986409e+00 5.638720458412870284e-01 1.645278120969975721e-01 1.125279399360553656e-01 6.603697839595490393e-02
3.534999999999999809e-01 3.505322333553264613e+00 5.753383338605422281e-01 1.649842006490597757e-01 1.129961192924837238e-01 6.642006550888278349e-02
3.542000000000000148e-01 3.496420212153543261e+00 5.868046218797982050e-01 1.654405892011220347e-01 1.134642986489121652e-01 6.680315262181070468e-02
3.548999999999999932e-01 3.487518090753821909e+00 5.982709098990534047e-01 1.658969777531842660e-01 1.139324780053405373e-01 6.718623973473859812e-02
3.555999999999999717e-01 3.478615969354101445e+00 6.097371979183083823e-01 1.663533663052464695e-01 1.144006573617688954e-01 6.756932684766646380e-02
3.563000000000000056e-01 3.469713847954379649e+00 6.212034859375644702e-01 1.668097548573087008e-01 1.148688367181973091e-01 6.795241396059439887e-02
3.569999999999999840e-01 3.460811726554658296e+00 6.326697739568196699e-01 1.672661434093709321e-01 1.153370160746256812e-01 6.833550107352226455e-02
3.577000000000000179e-01 3.451909605154936056e+00 6.441360619760756467e-01 1.677225319614331633e-01 1.158051954310540949e-01 6.871858818645017186e-02
3.583999999999999964e-01 3.439798357131062190e+00 6.578615379072836333e-01 1.681688021764916052e-01 1.162739469712442408e-01 6.911050915299428443e-02
3.590999999999999748e-01 3.427614772236560636e+00 6.716379381561791151e-01 1.686148443142814757e-01 1.167427114090191925e-01 6.950262924328791392e-02
3.598000000000000087e-01 3.415431187342058639e+00 6.854143384050758181e-01 1.690608864520714016e-01 1.172114758467941720e-01 6.989474933358158504e-02
3.604999999999999871e-01 3.403247602447557529e+00 6.991907386539712999e-01 1.695069285898612998e-01 1.176802402845691098e-01 7.028686942387521452e-02
3.612000000000000210e-01 3.391064017553055532e+00 7.129671389028678918e-01 1.699529707276512258e-01 1.181490047223441309e-01 7.067898951416888564e-02
3.618999999999999995e-01 3.378880432658554422e+00 7.267435391517633736e-01 1.703990128654410963e-01 1.186177691601190687e-01 7.107110960446252901e-02
3.625999999999999779e-01 3.366696847764053757e+00 7.405199394006588554e-01 1.708450550032309667e-01 1.190865335978940065e-01 7.146322969475615849e-02
3.633000000000000118e-01 3.354513262869551760e+00 7.542963396495554473e-01 1.712910971410209204e-01 1.195552980356689998e-01 7.185534978504984349e-02
3.639999999999999902e-01 3.342329677975050650e+00 7.680727398984509291e-01 1.717371392788107909e-01 1.200240624734439376e-01 7.224746987534348686e-02
3.646999999999999686e-01 3.330146093080549541e+00 7.818491401473465219e-01 1.721831814166006891e-01 1.204928269112189032e-01 7.263958996563711634e-02
3.654000000000000026e-01 3.314874544765798792e+00 7.977989096713613559e-01 1.726186386177800680e-01 1.209613137439122243e-01 7.303981870022314971e-02
3.660999999999999810e-01 3.299467332786143015e+00 8.138441619459556575e-01 1.730536307903635940e-01 1.214297883805663530e-01 7.344040367231990940e-02
3.668000000000000149e-01 3.284060120806485017e+00 8.298894142205512914e-01 1.734886229629471199e-01 1.218982630172205234e-01 7.384098864441669685e-02
3.674999999999999933e-01 3.268652908826829684e+00 8.459346664951457040e-01 1.739236151355306181e-01 1.223667376538746659e-01 7.424157361651345655e-02
3.681999999999999718e-01 3.253245696847173463e+00 8.619799187697400056e-01 1.743586073081141163e-01 1.228352122905287946e-01 7.464215858861023012e-02
3.689000000000000057e-01 3.237838484867515909e+00 8.780251710443356394e-01 1.747935994806976701e-01 1.233036869271829650e-01 7.504274356070701757e-02
3.695999999999999841e-01 3.222431272887860132e+00 8.940704233189298300e-01 1.752285916532811683e-01 1.237721615638371214e-01 7.544332853280377726e-02
3.703000000000000180e-01 3.207024060908202578e+00 9.101156755935255749e-01 1.756635838258646665e-01 1.242406362004912779e-01 7.584391350490056471e-02
3.709999999999999964e-01 3.191616848928546357e+00 9.261609278681200985e-01 1.760985759984481924e-01 1.247091108371454066e-01 7.624449847699732441e-02
3.716999999999999749e-01 3.176209636948890580e+00 9.422061801427142891e-01 1.765335681710316629e-01 1.251775854737995353e-01 7.664508344909409798e-02
3.724000000000000088e-01 3.158016333088309757e+00 9.602001366910586366e-01 1.769575841095883950e-01 1.256449767139900531e-01 7.705304640709084718e-02
3.730999999999999872e-01 3.139638480406557797e+00 9.783231740780473640e-01 1.773808729899082337e-01 1.261122961907395201e-01 7.746149807782881647e-02
3.738000000000000211e-01 3.121260627724804948e+00 9.964462114650376456e-01 1.778041618702281002e-01 1.265796156674890705e-01 7.786994974856681351e-02
3.744999999999999996e-01 3.102882775043052987e+00 1.014569248852026373e+00 1.782274507505479666e-01 1.270469351442385653e-01 7.827840141930478279e-02
3.751999999999999780e-01 3.084504922361301471e+00 1.032692286239015322e+00 1.786507396308677775e-01 1.275142546209880601e-01 7.868685309004273820e-02
3.759000000000000119e-01 3.066127069679548178e+00 1.050815323626005382e+00 1.790740285111876717e-01 1.279815740977375549e-01 7.909530476078073524e-02
3.765999999999999903e-01 3.047749216997796662e+00 1.068938361012993887e+00 1.794973173915074827e-01 1.284488935744870497e-01 7.950375643151870453e-02
3.772999999999999687e-01 3.029371364316045145e+00 1.087061398399982615e+00 1.799206062718273214e-01 1.289162130512365168e-01 7.991220810225667381e-02
3.780000000000000027e-01 3.010993511634291853e+00 1.105184435786972896e+00 1.803438951521472156e-01 1.293835325279860671e-01 8.032065977299467086e-02
3.786999999999999811e-01 2.992615658952540336e+00 1.123307473173961624e+00 1.807671840324670542e-01 1.298508520047355619e-01 8.072911144373262626e-02
3.794000000000000150e-01 2.971918478248218864e+00 1.143028168925466437e+00 1.811791819077012700e-01 1.303163286223356643e-01 8.114420934474093905e-02
3.800999999999999934e-01 2.951013672109564112e+00 1.162891886495627025e+00 1.815901690161046411e-01 1.307816402678285139e-01 8.155990221396119955e-02
3.807999999999999718e-01 2.930108865970909360e+00 1.182755604065787836e+00 1.820011561245080400e-01 1.312469519133213636e-01 8.197559508318144617e-02
3.815000000000000058e-01 2.909204059832252831e+00 1.202619321635949978e+00 1.824121432329114112e-01 1.317122635588142410e-01 8.239128795240174830e-02
3.821999999999999842e-01 2.888299253693598079e+00 1.222483039206110345e+00 1.828231303413148101e-01 1.321775752043070906e-01 8.280698082162199491e-02
3.829000000000000181e-01 2.867394447554941994e+00 1.242346756776272709e+00 1.832341174497182090e-01 1.326428868497999680e-01 8.322267369084228317e-02
3.835999999999999965e-01 2.846489641416287686e+00 1.262210474346433298e+00 1.836451045581215524e-01 1.331081984952927899e-01 8.363836656006254366e-02
3.842999999999999750e-01 2.825584835277632934e+00 1.282074191916593886e+00 1.840560916665249236e-01 1.335735101407856396e-01 8.405405942928280416e-02
3.850000000000000089e-01 2.804680029138976405e+00 1.301937909486756029e+00 1.844670787749283503e-01 1.340388217862785170e-01 8.446975229850309241e-02
3.856999999999999873e-01 2.783775223000321652e+00 1.321801627056916617e+00 1.848780658833317214e-01 1.345041334317713388e-01 8.488544516772336679e-02
3.864000000000000212e-01 2.761145997390865858e+00 1.342813866639378517e+00 1.852775295712483505e-01 1.349668909898764924e-01 8.530705561742561727e-02
3.870999999999999996e-01 2.738320465100584578e+00 1.363956853147346271e+00 1.856756814412077738e-01 1.354293577924976788e-01 8.572933972026310079e-02
3.877999999999999781e-01 2.715494932810301965e+00 1.385099839655313803e+00 1.860738333111672249e-01 1.358918245951188652e-01 8.615162382310054268e-02
3.885000000000000120e-01 2.692669400520018907e+00 1.406242826163283333e+00 1.864719851811266482e-01 1.363542913977401350e-01 8.657390792593805395e-02
3.891999999999999904e-01 2.669843868229737183e+00 1.427385812671250642e+00 1.868701370510860993e-01 1.368167582003613214e-01 8.699619202877552360e-02
3.898999999999999688e-01 2.647018335939455458e+00 1.448528799179218174e+00 1.872682889210455226e-01 1.372792250029825356e-01 8.741847613161297936e-02
3.906000000000000028e-01 2.624192803649171513e+00 1.469671785687187482e+00 1.876664407910049459e-01 1.377416918056037776e-01 8.784076023445047676e-02
3.912999999999999812e-01 2.601367271358890232e+00 1.490814772195155014e+00 1.880645926609643692e-01 1.382041586082250195e-01 8.826304433728794641e-02
3.920000000000000151e-01 2.578541739068606287e+00 1.511957758703124322e+00 1.884627445309238203e-01 1.386666254108462337e-01 8.868532844012544381e-02
3.926999999999999935e-01 2.555716206778324562e+00 1.533100745211091631e+00 1.888608964008832436e-01 1.391290922134674479e-01 8.910761254296291345e-02
3.933999999999999719e-01 2.531837181051352470e+00 1.554884955001663460e+00 1.892473907142095402e-01 1.395883434273350321e-01 8.953509270914702944e-02
3.941000000000000059e-01 2.507811435918811949e+00 1.576758467578170730e+00 1.896322614865435241e-01 1.400471468080657367e-01 8.996329652798906729e-02
3.947999999999999843e-01 2.483785690786273648e+00 1.598631980154676002e+00 1.900171322588775080e-01 1.405059501887964135e-01 9.039150034683107737e-02
3.955000000000000182e-01 2.459759945653733570e+00 1.620505492731183272e+00 1.904020030312115197e-01 1.409647535695271181e-01 9.081970416567310134e-02
3.961999999999999966e-01 2.435734200521194825e+00 1.642379005307688544e+00 1.907868738035455314e-01 1.414235569502577949e-01 9.124790798451509755e-02
3.968999999999999750e-01 2.411708455388656525e+00 1.664252517884194038e+00 1.911717445758794875e-01 1.418823603309884718e-01 9.167611180335710763e-02
3.976000000000000090e-01 2.387682710256116447e+00 1.686126030460701086e+00 1.915566153482135270e-01 1.423411637117192041e-01 9.210431562219913160e-02
3.982999999999999874e-01 2.363656965123577702e+00 1.707999543037206358e+00 1.919414861205475109e-01 1.427999670924498810e-01 9.253251944104112781e-02
3.990000000000000213e-01 2.339631219991037181e+00 1.729873055613713184e+00 1.923263568928814948e-01 1.432587704731805855e-01 9.296072325988315177e-02
3.996999999999999997e-01 2.315605474858498880e+00 1.751746568190219122e+00 1.927112276652154788e-01 1.437175738539112624e-01 9.338892707872516186e-02
4.003999999999999782e-01 2.291213750166130492e+00 1.773741267607572114e+00 1.930844413353947908e-01 1.441725509653489223e-01 9.382161640269003067e-02
4.011000000000000121e-01 2.266761313911265230e+00 1.795756070449460173e+00 1.934557212339549637e-01 1.446268933451982652e-01 9.425504981745805311e-02
4.017999999999999905e-01 2.242308877656401744e+00 1.817770873291346234e+00 1.938270011325151365e-01 1.450812357250476081e-01 9.468848323222600616e-02
4.024999999999999689e-01 2.217856441401537371e+00 1.839785676133233183e+00 1.941982810310753094e-01 1.455355781048969510e-01 9.512191664699398697e-02
4.032000000000000028e-01 2.193404005146672109e+00 1.861800478975120798e+00 1.945695609296354822e-01 1.459899204847462939e-01 9.555535006176199553e-02
4.038999999999999813e-01 2.168951568891808623e+00 1.883815281817007747e+00 1.949408408281956551e-01 1.464442628645956368e-01 9.598878347652996246e-02
4.046000000000000152e-01 2.144499132636942917e+00 1.905830084658895585e+00 1.953121207267558834e-01 1.468986052444450074e-01 9.642221689129797102e-02
4.052999999999999936e-01 2.120046696382079432e+00 1.927844887500782312e+00 1.956834006253160285e-01 1.473529476242943226e-01 9.685565030606593795e-02
4.059999999999999720e-01 2.095594260127215946e+00 1.949859690342668594e+00 1.960546805238761736e-01 1.478072900041436655e-01 9.728908372083391876e-02
4.067000000000000060e-01 2.071141823872350241e+00 1.971874493184556210e+00 1.964259604224363742e-01 1.482616323839930361e-01 9.772251713560192732e-02
4.073999999999999844e-01 2.046969645733123233e+00 1.993521862773053988e+00 1.967857930027464564e-01 1.487115893474930672e-01 9.815974006086125581e-02
4.081000000000000183e-01 2.022851775984723321e+00 2.015098031180872606e+00 1.971434073228215123e-01 1.491606965054326772e-01 9.859769731710098239e-02
4.087999999999999967e-01 1.998733906236325852e+00 2.036674199588689227e+00 1.975010216428965404e-01 1.496098036633722039e-01 9.903565457334068123e-02
4.094999999999999751e-01 1.974616036487928161e+00 2.058250367996505847e+00 1.978586359629715408e-01 1.500589108213117306e-01 9.947361182958040782e-02
4.102000000000000091e-01 1.950498166739528028e+00 2.079826536404324244e+00 1.982162502830466244e-01 1.505080179792513406e-01 9.991156908582013441e-02
4.108999999999999875e-01 1.926380296991130781e+00 2.101402704812140865e+00 1.985738646031216248e-01 1.509571251371908951e-01 1.003495263420598332e-01
4.116000000000000214e-01 1.902262427242730647e+00 2.122978873219959262e+00 1.989314789231966529e-01 1.514062322951304496e-01 1.007874835982995737e-01
4.122999999999999998e-01 1.878144557494332956e+00 2.144555041627775882e+00 1.992890932432716811e-01 1.518553394530699763e-01 1.012254408545392864e-01
4.129999999999999782e-01 1.854026687745935265e+00 2.166131210035592503e+00 1.996467075633466814e-01 1.523044466110095585e-01 1.016633981107789853e-01
4.137000000000000122e-01 1.829908817997535575e+00 2.187707378443410899e+00 2.000043218834217373e-01 1.527535537689491130e-01 1.021013553670187257e-01
4.143999999999999906e-01 1.806627745276489616e+00 2.208495763013906377e+00 2.003510505633215033e-01 1.531977682474519875e-01 1.025424240680409549e-01
4.150999999999999690e-01 1.783533311108113084e+00 2.229108440895195553e+00 2.006953513185742999e-01 1.536408914665706449e-01 1.029841867432671199e-01
4.158000000000000029e-01 1.760438876939734554e+00 2.249721118776486062e+00 2.010396520738271520e-01 1.540840146856893855e-01 1.034259494184933265e-01
4.164999999999999813e-01 1.737344442771357578e+00 2.270333796657775238e+00 2.013839528290799763e-01 1.545271379048080707e-01 1.038677120937195053e-01
4.172000000000000153e-01 1.714250008602979047e+00 2.290946474539066191e+00 2.017282535843328006e-01 1.549702611239268113e-01 1.043094747689457119e-01
4.178999999999999937e-01 1.691155574434602515e+00 2.311559152420354923e+00 2.020725543395856527e-01 1.554133843430454964e-01 1.047512374441718769e-01
4.185999999999999721e-01 1.668061140266225761e+00 2.332171830301644100e+00 2.024168550948384493e-01 1.558565075621641538e-01 1.051930001193980557e-01
4.193000000000000060e-01 1.644966706097847231e+00 2.352784508182934609e+00 2.027611558500912736e-01 1.562996307812829222e-01 1.056347627946242623e-01
4.199999999999999845e-01 1.621872271929470477e+00 2.373397186064223341e+00 2.031054566053440980e-01 1.567427540004015796e-01 1.060765254698504273e-01
4.207000000000000184e-01 1.598777837761091947e+00 2.394009863945514294e+00 2.034497573605969223e-01 1.571858772195202925e-01 1.065182881450766339e-01
4.213999999999999968e-01 1.576953557524973792e+00 2.413507994584805694e+00 2.037843406802210267e-01 1.576236523891248464e-01 1.069625052397145670e-01
4.220999999999999752e-01 1.555451602784227561e+00 2.432723287858665984e+00 2.041164580174368026e-01 1.580600703903853876e-01 1.074073451895298792e-01
4.228000000000000091e-01 1.533949648043479774e+00 2.451938581132527606e+00 2.044485753546526341e-01 1.584964883916459288e-01 1.078521851393452052e-01
4.234999999999999876e-01 1.512447693302733764e+00 2.471153874406387452e+00 2.047806926918684378e-01 1.589329063929064423e-01 1.082970250891604896e-01
4.242000000000000215e-01 1.490945738561985978e+00 2.490369167680249518e+00 2.051128100290842138e-01 1.593693243941669835e-01 1.087418650389758157e-01
4.248999999999999999e-01 1.469443783821239524e+00 2.509584460954109364e+00 2.054449273663000175e-01 1.598057423954274969e-01 1.091867049887911001e-01
4.255999999999999783e-01 1.447941829080493514e+00 2.528799754227969654e+00 2.057770447035158212e-01 1.602421603966880381e-01 1.096315449386063984e-01
4.263000000000000123e-01 1.426439874339745728e+00 2.548015047501830832e+00 2.061091620407316249e-01 1.606785783979485793e-01 1.100763848884217105e-01
4.269999999999999907e-01 1.404937919598999496e+00 2.567230340775691122e+00 2.064412793779474009e-01 1.611149963992090928e-01 1.105212248382370088e-01
4.276999999999999691e-01 1.383435964858253264e+00 2.586445634049551412e+00 2.067733967151632046e-01 1.615514144004696062e-01 1.109660647880522932e-01
4.284000000000000030e-01 1.363498209302964614e+00 2.604325086833648051e+00 2.070979988405389771e-01 1.619820805647358142e-01 1.114127260183106344e-01
4.290999999999999814e-01 1.344007943720836762e+00 2.621822379065259501e+00 2.074204509955171749e-01 1.624111012292432932e-01 1.118599082849843357e-01
4.298000000000000154e-01 1.324517678138707799e+00 2.639319671296872283e+00 2.077429031504954005e-01 1.628401218937508277e-01 1.123070905516580786e-01
4.304999999999999938e-01 1.305027412556580391e+00 2.656816963528483289e+00 2.080653553054736260e-01 1.632691425582583344e-01 1.127542728183317522e-01
4.311999999999999722e-01 1.285537146974452760e+00 2.674314255760094738e+00 2.083878074604518238e-01 1.636981632227658412e-01 1.132014550850054535e-01
4.319000000000000061e-01 1.266046881392323797e+00 2.691811547991707076e+00 2.087102596154300493e-01 1.641271838872733480e-01 1.136486373516792103e-01
4.325999999999999845e-01 1.246556615810196167e+00 2.709308840223318526e+00 2.090327117704082471e-01 1.645562045517808547e-01 1.140958196183529116e-01
4.333000000000000185e-01 1.227066350228067204e+00 2.726806132454930864e+00 2.093551639253865004e-01 1.649852252162883892e-01 1.145430018850266268e-01
4.339999999999999969e-01 1.207576084645939352e+00 2.744303424686542314e+00 2.096776160803646705e-01 1.654142458807958682e-01 1.149901841517003281e-01
4.346999999999999753e-01 1.188085819063812165e+00 2.761800716918153764e+00 2.100000682353428683e-01 1.658432665453033472e-01 1.154373664183740295e-01
4.354000000000000092e-01 1.170315078967261169e+00 2.777845205187717159e+00 2.103189165036638275e-01 1.662661825610073640e-01 1.158857632852188652e-01
4.360999999999999877e-01 1.153094768986465901e+00 2.793424642453554263e+00 2.106366111468907787e-01 1.666871444430996774e-01 1.163345489526474985e-01
4.368000000000000216e-01 1.135874459005669079e+00 2.809004079719393143e+00 2.109543057901177299e-01 1.671081063251919907e-01 1.167833346200761735e-01
4.375000000000000000e-01 1.118654149024873590e+00 2.824583516985230691e+00 2.112720004333446533e-01 1.675290682072842763e-01 1.172321202875048624e-01
4.381999999999999784e-01 1.101433839044078322e+00 2.840162954251067795e+00 2.115896950765715767e-01 1.679500300893765341e-01 1.176809059549335096e-01
4.389000000000000123e-01 1.084213529063281500e+00 2.855742391516906231e+00 2.119073897197985279e-01 1.683709919714688474e-01 1.181296916223621707e-01
4.395999999999999908e-01 1.066993219082486233e+00 2.871321828782743779e+00 2.122250843630254513e-01 1.687919538535611330e-01 1.185784772897908318e-01
4.402999999999999692e-01 1.049772909101690743e+00 2.886901266048580883e+00 2.125427790062524025e-01 1.692129157356534186e-01 1.190272629572194929e-01
4.410000000000000031e-01 1.032552599120893921e+00 2.902480703314419763e+00 2.128604736494793537e-01 1.696338776177457319e-01 1.194760486246481679e-01
4.416999999999999815e-01 1.015332289140098654e+00 2.918060140580256867e+00 2.131781682927062493e-01 1.700548394998380175e-01 1.199248342920768290e-01
4.424000000000000155e-01 9.998623948400390260e-01 2.932162216758177120e+00 2.134988808152405437e-01 1.704693940171424782e-01 1.203742566310962020e-01
4.430999999999999939e-01 9.850156104698084558e-01 2.945738384505342644e+00 2.138206676372020887e-01 1.708816676518729594e-01 1.208239056113610960e-01
4.437999999999999723e-01 9.701688260995781077e-01 2.959314552252508168e+00 2.141424544591636614e-01 1.712939412866034405e-01 1.212735545916260316e-01
4.445000000000000062e-01 9.553220417293465383e-01 2.972890719999674580e+00 2.144642412811252064e-01 1.717062149213339772e-01 1.217232035718909811e-01
4.451999999999999846e-01 9.404752573591158571e-01 2.986466887746840104e+00 2.147860281030867791e-01 1.721184885560644584e-01 1.221728525521558889e-01
4.459000000000000186e-01 9.256284729888842877e-01 3.000043055494006516e+00 2.151078149250483795e-01 1.725307621907949951e-01 1.226225015324208384e-01
4.465999999999999970e-01 9.107816886186537175e-01 3.013619223241172040e+00 2.154296017470098967e-01 1.729430358255255040e-01 1.230721505126857462e-01
4.472999999999999754e-01 8.959349042484233694e-01 3.027195390988337564e+00 2.157513885689714694e-01 1.733553094602559852e-01 1.235217994929506957e-01
4.480000000000000093e-01 8.810881198781914669e-01 3.040771558735503977e+00 2.160731753909330699e-01 1.737675830949864941e-01 1.239714484732156313e-01
4.486999999999999877e-01 8.662413355079611188e-01 3.054347726482669056e+00 2.163949622128946426e-01 1.741798567297170031e-01 1.244210974534805253e-01
4.494000000000000217e-01 8.530749511134845253e-01 3.066495008936990452e+00 2.167304893869530513e-01 1.745854692507098904e-01 1.248708359393411599e-01
4.501000000000000001e-01 8.405704002290131927e-01 3.078079518133514103e+00 2.170714282639321369e-01 1.749884582604261662e-01 1.253206096774055756e-01
4.507999999999999785e-01 8.280658493445416379e-01 3.089664027330038198e+00 2.174123671409113334e-01 1.753914472701424698e-01 1.257703834154700329e-01
4.515000000000000124e-01 8.155612984600691950e-01 3.101248536526562294e+00 2.177533060178905022e-01 1.757944362798588012e-01 1.262201571535345179e-01
4.521999999999999909e-01 8.030567475755977513e-01 3.112833045723085945e+00 2.180942448948696433e-01 1.761974252895750770e-01 1.266699308915989475e-01
4.528999999999999693e-01 7.905521966911263076e-01 3.124417554919610041e+00 2.184351837718488121e-01 1.766004142992913528e-01 1.271197046296633770e-01
4.536000000000000032e-01 7.780476458066537537e-01 3.136002064116134136e+00 2.187761226488280086e-01 1.770034033090076564e-01 1.275694783677278621e-01
4.542999999999999816e-01 7.655430949221823100e-01 3.147586573312657787e+00 2.191170615258071497e-01 1.774063923187239600e-01 1.280192521057923194e-01
4.550000000000000155e-01 7.530385440377098671e-01 3.159171082509182327e+00 2.194580004027862907e-01 1.778093813284402913e-01 1.284690258438567767e-01
4.556999999999999940e-01 7.405339931532384234e-01 3.170755591705705978e+00 2.197989392797654595e-01 1.782123703381565671e-01 1.289187995819212063e-01
4.563999999999999724e-01 7.295668923732134825e-01 3.181009556797032012e+00 2.201702372112034900e-01 1.786084920985921143e-01 1.293681481507240327e-01
4.571000000000000063e-01 7.192669035637953012e-01 3.190686188095586129e+00 2.205547081806395193e-01 1.790016341043109971e-01 1.298173122351633235e-01
4.577999999999999847e-01 7.089669147543777861e-01 3.200362819394139358e+00 2.209391791500754376e-01 1.793947761100298521e-01 1.302664763196026143e-01
4.585000000000000187e-01 6.986669259449597158e-01 3.210039450692693475e+00 2.213236501195114669e-01 1.797879181157487349e-01 1.307156404040419051e-01
4.591999999999999971e-01 6.883669371355423117e-01 3.219716081991246703e+00 2.217081210889474407e-01 1.801810601214676455e-01 1.311648044884811681e-01
4.598999999999999755e-01 6.780669483261250186e-01 3.229392713289799932e+00 2.220925920583834146e-01 1.805742021271865005e-01 1.316139685729204589e-01
4.606000000000000094e-01 6.677669595167067262e-01 3.239069344588354493e+00 2.224770630278193884e-01 1.809673441329053833e-01 1.320631326573597775e-01
4.612999999999999878e-01 6.574669707072894331e-01 3.248745975886907722e+00 2.228615339972553622e-01 1.813604861386242662e-01 1.325122967417990405e-01
4.620000000000000218e-01 6.471669818978711408e-01 3.258422607185461839e+00 2.232460049666913915e-01 1.817536281443431490e-01 1.329614608262383868e-01
4.627000000000000002e-01 6.368669930884537367e-01 3.268099238484015068e+00 2.236304759361273653e-01 1.821467701500620040e-01 1.334106249106776498e-01
4.633999999999999786e-01 6.279166849049216959e-01 3.276569921780348338e+00 2.240699543259470627e-01 1.825328848299119511e-01 1.338588830904790805e-01
4.641000000000000125e-01 6.196092719307605412e-01 3.284466174223553914e+00 2.245356344751802957e-01 1.829156521740669950e-01 1.343067097594915771e-01
4.647999999999999909e-01 6.113018589565999417e-01 3.292362426666759045e+00 2.250013146244134454e-01 1.832984195182219556e-01 1.347545364285039904e-01
4.654999999999999694e-01 6.029944459824393421e-01 3.300258679109963289e+00 2.254669947736466784e-01 1.836811868623769439e-01 1.352023630975164037e-01
4.662000000000000033e-01 5.946870330082780765e-01 3.308154931553168865e+00 2.259326749228799114e-01 1.840639542065319600e-01 1.356501897665289003e-01
4.668999999999999817e-01 5.863796200341175879e-01 3.316051183996373553e+00 2.263983550721131166e-01 1.844467215506869207e-01 1.360980164355413136e-01
4.676000000000000156e-01 5.780722070599563223e-01 3.323947436439578684e+00 2.268640352213464051e-01 1.848294888948419368e-01 1.365458431045537824e-01
4.682999999999999940e-01 5.697647940857957227e-01 3.331843688882783816e+00 2.273297153705795826e-01 1.852122562389969251e-01 1.369936697735661957e-01
4.689999999999999725e-01 5.614573811116351232e-01 3.339739941325988504e+00 2.277953955198127878e-01 1.855950235831518857e-01 1.374414964425786367e-01
4.697000000000000064e-01 5.531499681374740796e-01 3.347636193769194080e+00 2.282610756690460208e-01 1.859777909273068741e-01 1.378893231115911056e-01
4.703999999999999848e-01 5.459846705497379826e-01 3.354455951563086291e+00 2.288167257054498083e-01 1.863534151964023056e-01 1.383357982525173779e-01
4.711000000000000187e-01 5.394148050689486773e-01 3.360714488061147698e+00 2.294192807744944440e-01 1.867253154842928864e-01 1.387815687858134084e-01
4.717999999999999972e-01 5.328449395881598161e-01 3.366973024559208660e+00 2.300218358435389965e-01 1.870972157721834395e-01 1.392273393191093833e-01
4.724999999999999756e-01 5.262750741073709548e-01 3.373231561057270067e+00 2.306243909125835767e-01 1.874691160600740203e-01 1.396731098524054138e-01
4.732000000000000095e-01 5.197052086265815385e-01 3.379490097555331474e+00 2.312269459816282124e-01 1.878410163479646011e-01 1.401188803857014442e-01
4.738999999999999879e-01 5.131353431457926773e-01 3.385748634053392880e+00 2.318295010506727649e-01 1.882129166358551819e-01 1.405646509189974747e-01
4.746000000000000218e-01 5.065654776650033719e-01 3.392007170551454731e+00 2.324320561197173729e-01 1.885848169237457905e-01 1.410104214522934774e-01
4.753000000000000003e-01 4.999956121842143997e-01 3.398265707049515694e+00 2.330346111887620086e-01 1.889567172116363436e-01 1.414561919855894800e-01
4.759999999999999787e-01 4.934257467034255384e-01 3.404524243547577100e+00 2.336371662578065334e-01 1.893286174995268967e-01 1.419019625188854827e-01
4.767000000000000126e-01 4.868558812226361221e-01 3.410782780045638063e+00 2.342397213268511413e-01 1.897005177874175053e-01 1.423477330521815409e-01
4.773999999999999910e-01 4.812207524837701644e-01 3.416081763022957407e+00 2.349796304429957461e-01 1.900652016930456933e-01 1.427917424487104014e-01
4.780999999999999694e-01 4.761176594376337889e-01 3.420834585034066677e+00 2.357977190639362064e-01 1.904257781609710876e-01 1.432347494372050722e-01
4.788000000000000034e-01 4.710145663914970804e-01 3.425587407045177279e+00 2.366158076848767777e-01 1.907863546288965373e-01 1.436777564256997985e-01
4.794999999999999818e-01 4.659114733453607049e-01 3.430340229056286550e+00 2.374338963058172935e-01 1.911469310968219315e-01 1.441207634141945249e-01
4.802000000000000157e-01 4.608083802992239963e-01 3.435093051067397152e+00 2.382519849267578649e-01 1.915075075647473535e-01 1.445637704026892512e-01
4.808999999999999941e-01 4.557052872530877319e-01 3.439845873078506422e+00 2.390700735476983807e-01 1.918680840326727477e-01 1.450067773911839497e-01
4.815999999999999726e-01 4.506021942069513009e-01 3.444598695089616136e+00 2.398881621686388965e-01 1.922286605005981697e-01 1.454497843796786483e-01
4.823000000000000065e-01 4.454991011608146478e-01 3.449351517100726294e+00 2.407062507895794679e-01 1.925892369685235916e-01 1.458927913681733746e-01
4.829999999999999849e-01 4.403960081146783279e-01 3.454104339111836008e+00 2.415243394105199282e-01 1.929498134364489859e-01 1.463357983566680454e-01
4.837000000000000188e-01 4.352929150685415638e-01 3.458857161122946167e+00 2.423424280314604440e-01 1.933103899043744078e-01 1.467788053451627994e-01
4.843999999999999972e-01 4.309315711623862843e-01 3.462742536503319091e+00 2.433591466011027771e-01 1.936637171082203901e-01 1.472196782442704299e-01
4.850999999999999757e-01 4.270302080540763212e-01 3.466089982317229090e+00 2.444990415350374313e-01 1.940125488268742149e-01 1.476592277308035606e-01
4.858000000000000096e-01 4.231288449457660805e-01 3.469437428131138201e+00 2.456389364689721411e-01 1.943613805455280397e-01 1.480987772173367745e-01
4.864999999999999880e-01 4.192274818374562284e-01 3.472784873945047313e+00 2.467788314029067953e-01 1.947102122641818922e-01 1.485383267038699051e-01
4.872000000000000219e-01 4.153261187291459322e-01 3.476132319758957312e+00 2.479187263368415051e-01 1.950590439828357447e-01 1.489778761904031190e-01
4.879000000000000004e-01 4.114247556208359691e-01 3.479479765572867311e+00 2.490586212707762148e-01 1.954078757014895695e-01 1.494174256769362774e-01
4.885999999999999788e-01 4.075233925125260059e-01 3.482827211386776867e+00 2.501985162047108413e-01 1.957567074201433943e-01 1.498569751634694358e-01
4.893000000000000127e-01 4.036220294042157652e-01 3.486174657200686866e+00 2.513384111386455233e-01 1.961055391387972469e-01 1.502965246500026220e-01
4.899999999999999911e-01 3.997206662959058576e-01 3.489522103014595977e+00 2.524783060725802053e-01 1.964543708574510716e-01 1.507360741365357804e-01
4.906999999999999695e-01 3.958193031875958945e-01 3.492869548828505089e+00 2.536182010065147763e-01 1.968032025761049242e-01 1.511756236230689388e-01
4.914000000000000035e-01 3.924897420813497906e-01 3.495409915098134590e+00 2.550321819717952798e-01 1.971447904484697755e-01 1.516127031130329317e-01
4.920999999999999819e-01 3.895458595066975671e-01 3.497405908923467699e+00 2.566310330454665278e-01 1.974814923708208547e-01 1.520481165985995420e-01
4.928000000000000158e-01 3.866019769320450661e-01 3.499401902748800808e+00 2.582298841191378869e-01 1.978181942931719617e-01 1.524835300841661800e-01
4.934999999999999942e-01 3.836580943573928426e-01 3.501397896574133473e+00 2.598287351928091349e-01 1.981548962155230409e-01 1.529189435697327903e-01
4.941999999999999726e-01 3.807142117827405636e-01 3.503393890399465693e+00 2.614275862664803829e-01 1.984915981378741201e-01 1.533543570552993729e-01
4.949000000000000066e-01 3.777703292080881181e-01 3.505389884224799690e+00 2.630264373401517419e-01 1.988283000602251993e-01 1.537897705408660110e-01
4.955999999999999850e-01 3.748264466334358946e-01 3.507385878050131911e+00 2.646252884138229899e-01 1.991650019825762785e-01 1.542251840264325935e-01
4.963000000000000189e-01 3.718825640587833936e-01 3.509381871875464576e+00 2.662241394874943490e-01 1.995017039049274132e-01 1.546605975119992593e-01
4.969999999999999973e-01 3.689386814841311701e-01 3.511377865700797685e+00 2.678229905611655970e-01 1.998384058272784647e-01 1.550960109975658696e-01
4.976999999999999758e-01 3.659947989094789467e-01 3.513373859526130794e+00 2.694218416348368450e-01 2.001751077496295717e-01 1.555314244831324799e-01
4.984000000000000097e-01 3.634797535213711850e-01 3.514589793403616103e+00 2.713829882344642175e-01 2.005046073296359310e-01 1.559640692588358246e-01
4.990999999999999881e-01 3.612788909331279830e-01 3.515234225027644044e+00 2.736095666256773695e-01 2.008288301935494125e-01 1.563946855700211747e-01
4.998000000000000220e-01 3.590780283448846144e-01 3.515878656651671541e+00 2.758361450168906326e-01 2.011530530574629216e-01 1.568253018812066080e-01
5.004999999999999449e-01 3.568771657566415789e-01 3.516523088275698594e+00 2.780627234081035626e-01 2.014772759213763476e-01 1.572559181923919580e-01
5.011999999999999789e-01 3.546763031683982659e-01 3.517167519899726535e+00 2.802893017993168812e-01 2.018014987852898567e-01 1.576865345035773913e-01
5.019000000000000128e-01 3.524754405801548973e-01 3.517811951523754477e+00 2.825158801905301997e-01 2.021257216492033659e-01 1.581171508147628246e-01
5.026000000000000467e-01 3.502745779919115288e-01 3.518456383147781974e+00 2.847424585817434628e-01 2.024499445131168751e-01 1.585477671259482579e-01
5.032999999999999696e-01 3.480737154036684933e-01 3.519100814771809915e+00 2.869690369729563373e-01 2.027741673770303565e-01 1.589783834371335802e-01
5.040000000000000036e-01 3.458728528154251802e-01 3.519745246395837857e+00 2.891956153641696559e-01 2.030983902409438657e-01 1.594089997483190135e-01
5.047000000000000375e-01 3.436719902271817562e-01 3.520389678019864910e+00 2.914221937553829744e-01 2.034226131048573749e-01 1.598396160595044468e-01
5.053999999999999604e-01 3.417843622172965778e-01 3.520250928963327475e+00 2.941084928963261791e-01 2.037397089369198389e-01 1.602672020610970971e-01
5.060999999999999943e-01 3.401457444297747434e-01 3.519489579437706350e+00 2.971602534965880338e-01 2.040511390350289445e-01 1.606923790755675208e-01
5.068000000000000282e-01 3.385071266422529090e-01 3.518728229912085226e+00 3.002120140968498330e-01 2.043625691331380223e-01 1.611175560900379722e-01
5.074999999999999512e-01 3.368685088547314077e-01 3.517966880386464545e+00 3.032637746971111881e-01 2.046739992312470724e-01 1.615427331045083403e-01
5.081999999999999851e-01 3.352298910672095178e-01 3.517205530860843421e+00 3.063155352973729317e-01 2.049854293293561502e-01 1.619679101189787918e-01
5.089000000000000190e-01 3.335912732796876834e-01 3.516444181335222297e+00 3.093672958976347309e-01 2.052968594274652281e-01 1.623930871334492432e-01
5.095999999999999419e-01 3.319526554921661821e-01 3.515682831809601172e+00 3.124190564978960860e-01 2.056082895255742504e-01 1.628182641479196391e-01
5.102999999999999758e-01 3.303140377046443477e-01 3.514921482283980936e+00 3.154708170981578852e-01 2.059197196236833560e-01 1.632434411623900627e-01
5.110000000000000098e-01 3.286754199171225133e-01 3.514160132758359811e+00 3.185225776984197399e-01 2.062311497217924339e-01 1.636686181768605142e-01
5.117000000000000437e-01 3.270368021296007344e-01 3.513398783232738687e+00 3.215743382986815391e-01 2.065425798199015395e-01 1.640937951913309656e-01
5.123999999999999666e-01 3.256211779359524661e-01 3.511828232497632207e+00 3.251866896910763360e-01 2.068469896804897290e-01 1.645157171140670394e-01
5.131000000000000005e-01 3.243977609071725388e-01 3.509560198630467642e+00 3.292822368781838649e-01 2.071453485154536034e-01 1.649348333420620205e-01
5.138000000000000345e-01 3.231743438783925559e-01 3.507292164763303521e+00 3.333777840652913382e-01 2.074437073504175333e-01 1.653539495700570294e-01
5.144999999999999574e-01 3.219509268496127397e-01 3.505024130896139845e+00 3.374733312523982010e-01 2.077420661853813522e-01 1.657730657980519828e-01
5.151999999999999913e-01 3.207275098208328679e-01 3.502756097028975280e+00 3.415688784395057853e-01 2.080404250203452543e-01 1.661921820260469640e-01
5.159000000000000252e-01 3.195040927920528295e-01 3.500488063161811159e+00 3.456644256266133142e-01 2.083387838553091287e-01 1.666112982540419452e-01
5.165999999999999481e-01 3.182806757632730688e-01 3.498220029294647482e+00 3.497599728137201769e-01 2.086371426902730031e-01 1.670304144820368986e-01
5.172999999999999821e-01 3.170572587344930859e-01 3.495951995427483361e+00 3.538555200008277057e-01 2.089355015252368775e-01 1.674495307100318797e-01
5.180000000000000160e-01 3.158338417057131586e-01 3.493683961560319684e+00 3.579510671879352346e-01 2.092338603602007796e-01 1.678686469380268886e-01
5.187000000000000499e-01 3.146104246769331758e-01 3.491415927693155119e+00 3.620466143750427079e-01 2.095322191951646817e-01 1.682877631660218698e-01
5.193999999999999728e-01 3.135417836375818945e-01 3.488299993090652418e+00 3.667993216810383483e-01 2.098236937331017515e-01 1.687034358399988609e-01
5.201000000000000068e-01 3.126177201697509234e-01 3.484392027181110407e+00 3.721658878577795426e-01 2.101087375904828192e-01 1.691158918608041128e-01
5.208000000000000407e-01 3.116936567019200077e-01 3.480484061271566620e+00 3.775324540345207369e-01 2.103937814478639146e-01 1.695283478816093647e-01
5.214999999999999636e-01 3.107695932340891476e-01 3.476576095362024610e+00 3.828990202112610430e-01 2.106788253052449822e-01 1.699408039024145611e-01
5.221999999999999975e-01 3.098455297662581764e-01 3.472668129452480823e+00 3.882655863880022928e-01 2.109638691626260776e-01 1.703532599232198408e-01
5.229000000000000314e-01 3.089214662984272053e-01 3.468760163542938812e+00 3.936321525647434871e-01 2.112489130200072007e-01 1.707657159440250649e-01
5.235999999999999543e-01 3.079974028305963452e-01 3.464852197633395914e+00 3.989987187414839043e-01 2.115339568773882406e-01 1.711781719648302891e-01
5.242999999999999883e-01 3.070733393627653740e-01 3.460944231723853015e+00 4.043652849182250431e-01 2.118190007347693360e-01 1.715906279856355132e-01
5.250000000000000222e-01 3.061492758949344584e-01 3.457036265814310116e+00 4.097318510949662929e-01 2.121040445921504314e-01 1.720030840064407929e-01
5.256999999999999451e-01 3.052252124271035982e-01 3.453128299904767218e+00 4.150984172717066545e-01 2.123890884495314990e-01 1.724155400272459893e-01
5.263999999999999790e-01 3.044058697975974281e-01 3.448332957160388901e+00 4.212053739115242945e-01 2.126674107850985429e-01 1.728243996666269100e-01
5.271000000000000130e-01 3.036925147907507117e-01 3.442639503183976490e+00 4.280616773506654149e-01 2.129389302901200098e-01 1.732296194199695327e-01
5.278000000000000469e-01 3.029791597839039397e-01 3.436946049207565412e+00 4.349179807898066463e-01 2.132104497951414490e-01 1.736348391733120999e-01
5.284999999999999698e-01 3.022658047770573897e-01 3.431252595231154778e+00 4.417742842289467120e-01 2.134819693001628604e-01 1.740400589266546671e-01
5.292000000000000037e-01 3.015524497702106177e-01 3.425559141254742812e+00 4.486305876680878324e-01 2.137534888051843274e-01 1.744452786799972621e-01
5.299000000000000377e-01 3.008390947633639567e-01 3.419865687278331290e+00 4.554868911072290638e-01 2.140250083102057665e-01 1.748504984333398571e-01
5.305999999999999606e-01 3.001257397565172957e-01 3.414172233301920656e+00 4.623431945463690740e-01 2.142965278152271780e-01 1.752557181866823965e-01
5.312999999999999945e-01 2.994123847496705793e-01 3.408478779325509578e+00 4.691994979855101944e-01 2.145680473202486171e-01 1.756609379400250193e-01
5.320000000000000284e-01 2.986990297428238628e-01 3.402785325349097167e+00 4.760558014246514258e-01 2.148395668252700841e-01 1.760661576933676420e-01
5.326999999999999513e-01 2.979856747359772018e-01 3.397091871372686978e+00 4.829121048637915470e-01 2.151110863302915233e-01 1.764713774467101537e-01
5.333999999999999853e-01 2.973413303307449462e-01 3.390482892498270395e+00 4.905694152231209748e-01 2.153760717087307153e-01 1.768728827688024752e-01
5.341000000000000192e-01 2.967726656188797163e-01 3.382869913630662584e+00 4.991051407344218038e-01 2.156338915113801269e-01 1.772703147020026904e-01
5.347999999999999421e-01 2.962040009070145974e-01 3.375256934763056549e+00 5.076408662457212451e-01 2.158917113140294830e-01 1.776677466352028223e-01
5.354999999999999760e-01 2.956353361951493675e-01 3.367643955895448737e+00 5.161765917570221296e-01 2.161495311166788669e-01 1.780651785684030097e-01
5.362000000000000099e-01 2.950666714832841375e-01 3.360030977027840926e+00 5.247123172683229031e-01 2.164073509193282785e-01 1.784626105016032249e-01
5.369000000000000439e-01 2.944980067714188521e-01 3.352417998160233559e+00 5.332480427796236766e-01 2.166651707219777456e-01 1.788600424348034124e-01
5.375999999999999668e-01 2.939293420595537887e-01 3.344805019292626636e+00 5.417837682909231178e-01 2.169229905246271572e-01 1.792574743680035443e-01
5.383000000000000007e-01 2.933606773476885587e-01 3.337192040425019268e+00 5.503194938022238913e-01 2.171808103272765411e-01 1.796549063012037317e-01
5.390000000000000346e-01 2.927920126358233843e-01 3.329579061557411901e+00 5.588552193135246648e-01 2.174386301299259527e-01 1.800523382344039192e-01
5.396999999999999575e-01 2.922233479239582099e-01 3.321966082689804978e+00 5.673909448248242171e-01 2.176964499325753088e-01 1.804497701676040511e-01
5.403999999999999915e-01 2.916988953480965652e-01 3.313431531233552274e+00 5.767574532989467873e-01 2.179479456370310986e-01 1.808434033829052767e-01
5.411000000000000254e-01 2.912269931619586028e-01 3.303801601832022428e+00 5.871114274876518824e-01 2.181919245405638808e-01 1.812325214554406094e-01
5.417999999999999483e-01 2.907550909758205293e-01 3.294171672430494802e+00 5.974654016763553122e-01 2.184359034440966074e-01 1.816216395279758866e-01
5.424999999999999822e-01 2.902831887896825669e-01 3.284541743028964955e+00 6.078193758650604073e-01 2.186798823476293618e-01 1.820107576005112193e-01
5.432000000000000162e-01 2.898112866035444934e-01 3.274911813627435109e+00 6.181733500537653914e-01 2.189238612511620885e-01 1.823998756730465243e-01
5.438999999999999391e-01 2.893393844174065865e-01 3.265281884225907039e+00 6.285273242424688211e-01 2.191678401546947874e-01 1.827889937455818015e-01
5.445999999999999730e-01 2.888674822312685131e-01 3.255651954824377636e+00 6.388812984311739163e-01 2.194118190582275696e-01 1.831781118181171342e-01
5.453000000000000069e-01 2.883955800451305507e-01 3.246022025422847790e+00 6.492352726198789004e-01 2.196557979617602685e-01 1.835672298906524391e-01
5.460000000000000409e-01 2.879236778589924217e-01 3.236392096021318832e+00 6.595892468085839955e-01 2.198997768652930507e-01 1.839563479631877996e-01
5.466999999999999638e-01 2.874517756728545148e-01 3.226762166619790762e+00 6.699432209972874253e-01 2.201437557688257218e-01 1.843454660357230490e-01
5.473999999999999977e-01 2.870073129492604069e-01 3.216234749784066871e+00 6.811210299272312252e-01 2.203816417240214154e-01 1.847307337107156333e-01
5.481000000000000316e-01 2.865982194411473838e-01 3.204550479879496816e+00 6.933607542805148016e-01 2.206116739247093173e-01 1.851110382586003411e-01
5.487999999999999545e-01 2.861891259330343606e-01 3.192866209974928982e+00 7.056004786337964907e-01 2.208417061253972191e-01 1.854913428064849934e-01
5.494999999999999885e-01 2.857800324249212265e-01 3.181181940070358927e+00 7.178402029870802892e-01 2.210717383260850655e-01 1.858716473543697290e-01
5.502000000000000224e-01 2.853709389168080923e-01 3.169497670165789316e+00 7.300799273403637546e-01 2.213017705267730229e-01 1.862519519022544368e-01
5.508999999999999453e-01 2.849618454086950692e-01 3.157813400261221481e+00 7.423196516936454437e-01 2.215318027274608415e-01 1.866322564501391168e-01
5.515999999999999792e-01 2.845527519005819905e-01 3.146129130356651871e+00 7.545593760469291311e-01 2.217618349281487711e-01 1.870125609980237968e-01
5.523000000000000131e-01 2.841436583924689119e-01 3.134444860452082260e+00 7.667991004002125965e-01 2.219918671288366729e-01 1.873928655459085324e-01
5.530000000000000471e-01 2.837345648843558332e-01 3.122760590547512205e+00 7.790388247534962840e-01 2.222218993295245193e-01 1.877731700937932680e-01
5.536999999999999700e-01 2.833254713762427546e-01 3.111076320642943926e+00 7.912785491067780841e-01 2.224519315302124212e-01 1.881534746416779202e-01
5.544000000000000039e-01 2.829327690243915727e-01 3.098552999243151529e+00 8.042959494437099677e-01 2.226761224725332666e-01 1.885299084367694777e-01
5.551000000000000378e-01 2.825629985305798675e-01 3.084855812530329366e+00 8.184013483923807675e-01 2.228921412697348614e-01 1.889009268998283753e-01
5.557999999999999607e-01 2.821932280367682178e-01 3.071158625817509868e+00 8.325067473410493468e-01 2.231081600669364284e-01 1.892719453628871618e-01
5.564999999999999947e-01 2.818234575429565680e-01 3.057461439104688594e+00 8.466121462897202576e-01 2.233241788641380232e-01 1.896429638259460315e-01
5.572000000000000286e-01 2.814536870491448073e-01 3.043764252391866876e+00 8.607175452383912795e-01 2.235401976613396180e-01 1.900139822890049013e-01
5.578999999999999515e-01 2.810839165553331576e-01 3.030067065679047378e+00 8.748229441870598588e-01 2.237562164585411573e-01 1.903850007520636878e-01
5.585999999999999854e-01 2.807141460615213968e-01 3.016369878966226104e+00 8.889283431357308807e-01 2.239722352557427520e-01 1.907560192151225575e-01
5.593000000000000194e-01 2.803443755677097471e-01 3.002672692253404385e+00 9.030337420844017915e-01 2.241882540529443468e-01 1.911270376781813995e-01
5.599999999999999423e-01 2.799746050738980419e-01 2.988975505540585331e+00 9.171391410330703708e-01 2.244042728501459416e-01 1.914980561412402138e-01
5.606999999999999762e-01 2.796048345800863366e-01 2.975278318827763169e+00 9.312445399817411706e-01 2.246202916473474809e-01 1.918690746042990836e-01
5.614000000000000101e-01 2.792443745173101566e-01 2.960834710350566112e+00 9.460437523071230093e-01 2.248307425655552416e-01 1.922362318898562239e-01
5.621000000000000441e-01 2.788980681906031434e-01 2.945256389999240998e+00 9.618977011294239654e-01 2.250327291828682075e-01 1.925975194055749296e-01
5.627999999999999670e-01 2.785517618638961856e-01 2.929678069647918548e+00 9.777516499517220350e-01 2.252347158001812288e-01 1.929588069212935797e-01
5.635000000000000009e-01 2.782054555371892279e-01 2.914099749296593433e+00 9.936055987740229911e-01 2.254367024174941947e-01 1.933200944370122853e-01
5.642000000000000348e-01 2.778591492104822147e-01 2.898521428945268763e+00 1.009459547596323947e+00 2.256386890348071883e-01 1.936813819527309632e-01
5.648999999999999577e-01 2.775128428837752570e-01 2.882943108593945869e+00 1.025313496418622350e+00 2.258406756521202097e-01 1.940426694684496134e-01
5.655999999999999917e-01 2.771665365570682993e-01 2.867364788242620754e+00 1.041167445240923195e+00 2.260426622694331755e-01 1.944039569841683190e-01
5.663000000000000256e-01 2.768202302303612861e-01 2.851786467891296084e+00 1.057021394063224040e+00 2.262446488867461969e-01 1.947652444998870247e-01
5.669999999999999485e-01 2.764739239036543283e-01 2.836208147539973190e+00 1.072875342885522443e+00 2.264466355040591905e-01 1.951265320156056748e-01
5.676999999999999824e-01 2.761276175769473151e-01 2.820629827188648520e+00 1.088729291707823288e+00 2.266486221213721564e-01 1.954878195313243527e-01
5.684000000000000163e-01 2.757862171358692605e-01 2.804427437652919686e+00 1.105160985482788849e+00 2.268453401370864597e-01 1.958452838852400846e-01
5.690999999999999392e-01 2.754529322821879789e-01 2.787192678349375896e+00 1.122548416918808245e+00 2.270333425405814953e-01 1.961964237534071787e-01
5.697999999999999732e-01 2.751196474285066418e-01 2.769957919045829886e+00 1.139935848354830528e+00 2.272213449440765309e-01 1.965475636215743838e-01
5.705000000000000071e-01 2.747863625748253602e-01 2.752723159742283432e+00 1.157323279790852810e+00 2.274093473475716221e-01 1.968987034897415611e-01
5.712000000000000410e-01 2.744530777211440231e-01 2.735488400438737422e+00 1.174710711226875093e+00 2.275973497510666577e-01 1.972498433579087107e-01
5.718999999999999639e-01 2.741197928674627970e-01 2.718253641135194076e+00 1.192098142662894267e+00 2.277853521545616933e-01 1.976009832260758325e-01
5.725999999999999979e-01 2.737865080137815155e-01 2.701018881831647622e+00 1.209485574098916771e+00 2.279733545580567289e-01 1.979521230942430099e-01
5.733000000000000318e-01 2.734532231601001784e-01 2.683784122528101612e+00 1.226873005534938832e+00 2.281613569615517922e-01 1.983032629624101872e-01
5.739999999999999547e-01 2.731199383064188968e-01 2.666549363224557823e+00 1.244260436970958228e+00 2.283493593650468279e-01 1.986544028305773368e-01
5.746999999999999886e-01 2.727866534527376152e-01 2.649314603921011813e+00 1.261647868406980511e+00 2.285373617685418079e-01 1.990055426987444864e-01
5.754000000000000226e-01 2.724556280900816696e-01 2.631599747450262150e+00 1.279473641552577812e+00 2.287204300770512844e-01 1.993529242894135634e-01
5.760999999999999455e-01 2.721286774275334386e-01 2.613019097773490618e+00 1.298089907331731130e+00 2.288946003828057629e-01 1.996935283122348581e-01
5.767999999999999794e-01 2.718017267649851521e-01 2.594438448096715977e+00 1.316706173110887779e+00 2.290687706885602970e-01 2.000341323350561529e-01
5.775000000000000133e-01 2.714747761024368100e-01 2.575857798419941780e+00 1.335322438890044205e+00 2.292429409943147756e-01 2.003747363578775309e-01
5.782000000000000473e-01 2.711478254398884680e-01 2.557277148743167139e+00 1.353938704669200632e+00 2.294171113000692541e-01 2.007153403806988534e-01
5.788999999999999702e-01 2.708208747773402369e-01 2.538696499066396051e+00 1.372554970448354172e+00 2.295912816058237882e-01 2.010559444035201204e-01
5.796000000000000041e-01 2.704939241147918949e-01 2.520115849389621410e+00 1.391171236227510821e+00 2.297654519115783223e-01 2.013965484263414707e-01
5.803000000000000380e-01 2.701669734522435529e-01 2.501535199712846769e+00 1.409787502006667248e+00 2.299396222173328008e-01 2.017371524491628210e-01
5.809999999999999609e-01 2.698400227896952663e-01 2.482954550036075236e+00 1.428403767785820788e+00 2.301137925230872794e-01 2.020777564719840880e-01
5.816999999999999948e-01 2.695130721271469798e-01 2.464373900359301039e+00 1.447020033564977437e+00 2.302879628288417579e-01 2.024183604948054382e-01
5.824000000000000288e-01 2.691868596499049637e-01 2.445468195390643196e+00 1.465923015750887348e+00 2.304575861923907065e-01 2.027552963537586905e-01
5.830999999999999517e-01 2.688621015734748432e-01 2.425922054102862546e+00 1.485390897523909404e+00 2.306182509971892169e-01 2.030850050565194409e-01
5.837999999999999856e-01 2.685373434970446671e-01 2.406375912815077900e+00 1.504858779296934568e+00 2.307789158019878106e-01 2.034147137592802190e-01
5.845000000000000195e-01 2.682125854206144355e-01 2.386829771527293254e+00 1.524326661069959732e+00 2.309395806067863766e-01 2.037444224620410527e-01
5.851999999999999424e-01 2.678878273441842595e-01 2.367283630239512160e+00 1.543794542842982009e+00 2.311002454115848870e-01 2.040741311648017475e-01
5.858999999999999764e-01 2.675630692677541389e-01 2.347737488951727514e+00 1.563262424616007396e+00 2.312609102163834252e-01 2.044038398675625812e-01
5.866000000000000103e-01 2.672383111913239073e-01 2.328191347663942867e+00 1.582730306389032782e+00 2.314215750211820188e-01 2.047335485703233593e-01
5.873000000000000442e-01 2.669135531148936757e-01 2.308645206376158665e+00 1.602198188162057946e+00 2.315822398259805848e-01 2.050632572730841652e-01
5.879999999999999671e-01 2.665887950384635552e-01 2.289099065088377571e+00 1.621666069935080223e+00 2.317429046307791507e-01 2.053929659758449155e-01
5.887000000000000011e-01 2.662640369620333236e-01 2.269552923800592925e+00 1.641133951708105387e+00 2.319035694355776889e-01 2.057226746786057214e-01
5.894000000000000350e-01 2.659391963999158670e-01 2.249836326382849805e+00 1.660736616291996759e+00 2.320601564659100224e-01 2.060488288673759105e-01
5.900999999999999579e-01 2.656141778148910504e-01 2.229751845798551457e+00 1.680630172891741658e+00 2.322079427298310850e-01 2.063673116050650791e-01
5.907999999999999918e-01 2.652891592298661783e-01 2.209667365214250001e+00 1.700523729491489444e+00 2.323557289937521475e-01 2.066857943427542477e-01
5.915000000000000258e-01 2.649641406448413061e-01 2.189582884629948545e+00 1.720417286091237452e+00 2.325035152576732100e-01 2.070042770804434717e-01
5.921999999999999487e-01 2.646391220598164340e-01 2.169498404045650197e+00 1.740310842690982573e+00 2.326513015215942726e-01 2.073227598181326126e-01
5.928999999999999826e-01 2.643141034747915619e-01 2.149413923461348741e+00 1.760204399290730137e+00 2.327990877855153629e-01 2.076412425558218366e-01
5.936000000000000165e-01 2.639890848897667452e-01 2.129329442877047285e+00 1.780097955890478145e+00 2.329468740494364254e-01 2.079597252935110330e-01
5.942999999999999394e-01 2.636640663047418731e-01 2.109244962292749381e+00 1.799991512490223267e+00 2.330946603133574324e-01 2.082782080312001738e-01
5.949999999999999734e-01 2.633390477197170010e-01 2.089160481708447925e+00 1.819885069089971275e+00 2.332424465772785505e-01 2.085966907688893701e-01
5.957000000000000073e-01 2.630140291346921289e-01 2.069076001124146469e+00 1.839778625689719282e+00 2.333902328411996130e-01 2.089151735065785942e-01
5.964000000000000412e-01 2.626885308570440780e-01 2.048964270293293755e+00 1.859665942971695740e+00 2.335345382587124818e-01 2.092302371826403606e-01
5.970999999999999641e-01 2.623618949299994507e-01 2.028787912188528608e+00 1.879538462952738520e+00 2.336705884256220223e-01 2.095371921382209179e-01
5.977999999999999980e-01 2.620352590029546569e-01 2.008611554083759909e+00 1.899410982933783743e+00 2.338066385925315627e-01 2.098441470938015030e-01
5.985000000000000320e-01 2.617086230759099741e-01 1.988435195978991654e+00 1.919283502914829409e+00 2.339426887594411031e-01 2.101511020493820603e-01
5.991999999999999549e-01 2.613819871488652913e-01 1.968258837874226286e+00 1.939156022895871967e+00 2.340787389263506990e-01 2.104580570049625898e-01
5.998999999999999888e-01 2.610553512218205530e-01 1.948082479769457365e+00 1.959028542876917633e+00 2.342147890932602394e-01 2.107650119605432026e-01
6.006000000000000227e-01 2.607287152947758146e-01 1.927906121664689332e+00 1.978901062857962856e+00 2.343508392601698354e-01 2.110719669161237599e-01
6.012999999999999456e-01 2.604020793677310763e-01 1.907729763559923741e+00 1.998773582839005414e+00 2.344868894270793758e-01 2.113789218717042895e-01
6.019999999999999796e-01 2.600754434406863935e-01 1.887553405455155486e+00 2.018646102820051080e+00 2.346229395939889439e-01 2.116858768272849023e-01
6.027000000000000135e-01 2.597488075136415997e-01 1.867377047350387009e+00 2.038518622801096303e+00 2.347589897608984844e-01 2.119928317828654873e-01
6.034000000000000474e-01 2.594215416696685761e-01 1.847296182509180262e+00 2.058264019847806825e+00 2.348923499559595063e-01 2.122965231697110100e-01
6.040999999999999703e-01 2.590926279995279247e-01 1.827465122509613682e+00 2.077676870667739539e+00 2.350186733406050277e-01 2.125916772499379936e-01
6.048000000000000043e-01 2.587637143293873287e-01 1.807634062510043993e+00 2.097089721487675362e+00 2.351449967252505213e-01 2.128868313301649773e-01
6.055000000000000382e-01 2.584348006592466218e-01 1.787803002510473638e+00 2.116502572307610741e+00 2.352713201098960150e-01 2.131819854103920164e-01
6.061999999999999611e-01 2.581058869891060259e-01 1.767971942510907279e+00 2.135915423127543011e+00 2.353976434945415364e-01 2.134771394906190001e-01
6.068999999999999950e-01 2.577769733189653745e-01 1.748140882511337368e+00 2.155328273947478390e+00 2.355239668791870300e-01 2.137722935708460392e-01
6.076000000000000290e-01 2.574480596488247230e-01 1.728309822511767235e+00 2.174741124767413769e+00 2.356502902638325236e-01 2.140674476510730784e-01
6.082999999999999519e-01 2.571191459786840716e-01 1.708478762512200877e+00 2.194153975587346039e+00 2.357766136484780450e-01 2.143626017313000065e-01
6.089999999999999858e-01 2.567902323085434757e-01 1.688647702512630744e+00 2.213566826407281862e+00 2.359029370331235942e-01 2.146577558115269901e-01
6.097000000000000197e-01 2.564613186384028243e-01 1.668816642513061055e+00 2.232979677227217241e+00 2.360292604177690878e-01 2.149529098917540293e-01
6.103999999999999426e-01 2.561317621770088926e-01 1.649177093140487438e+00 2.252170986671983677e+00 2.361539672803853462e-01 2.152449741583373211e-01
6.110999999999999766e-01 2.558003426253418477e-01 1.630092625350837210e+00 2.270720172287171046e+00 2.362739887549323847e-01 2.155280827931876919e-01
6.118000000000000105e-01 2.554689230736748029e-01 1.611008157561186538e+00 2.289269357902358415e+00 2.363940102294794787e-01 2.158111914280379795e-01
6.125000000000000444e-01 2.551375035220077025e-01 1.591923689771536088e+00 2.307818543517545340e+00 2.365140317040265172e-01 2.160943000628883504e-01
6.131999999999999673e-01 2.548060839703407132e-01 1.572839221981888524e+00 2.326367729132730044e+00 2.366340531785735557e-01 2.163774086977386379e-01
6.139000000000000012e-01 2.544746644186736684e-01 1.553754754192237852e+00 2.344916914747917414e+00 2.367540746531206219e-01 2.166605173325889533e-01
6.146000000000000352e-01 2.541432448670065680e-01 1.534670286402587402e+00 2.363466100363104783e+00 2.368740961276676604e-01 2.169436259674393241e-01
6.152999999999999581e-01 2.538118253153396342e-01 1.515585818612939839e+00 2.382015285978289043e+00 2.369941176022146989e-01 2.172267346022896117e-01
6.159999999999999920e-01 2.534804057636725338e-01 1.496501350823289833e+00 2.400564471593476412e+00 2.371141390767617652e-01 2.175098432371399271e-01
6.167000000000000259e-01 2.531489862120055445e-01 1.477416883033639161e+00 2.419113657208663337e+00 2.372341605513088592e-01 2.177929518719902702e-01
6.173999999999999488e-01 2.528169819094897020e-01 1.458590186462141114e+00 2.437376363319680106e+00 2.373540299754543226e-01 2.180731609269016547e-01
6.180999999999999828e-01 2.524830895555043031e-01 1.440595785095004633e+00 2.454714080523173081e+00 2.374734084572013848e-01 2.183440077787898725e-01
6.188000000000000167e-01 2.521491972015189598e-01 1.422601383727868152e+00 2.472051797726666500e+00 2.375927869389485581e-01 2.186148546306781737e-01
6.194999999999999396e-01 2.518153048475336164e-01 1.404606982360734335e+00 2.489389514930157254e+00 2.377121654206956480e-01 2.188857014825663916e-01
6.201999999999999735e-01 2.514814124935482731e-01 1.386612580993598076e+00 2.506727232133650674e+00 2.378315439024427658e-01 2.191565483344546927e-01
6.209000000000000075e-01 2.511475201395629298e-01 1.368618179626461595e+00 2.524064949337144093e+00 2.379509223841898835e-01 2.194273951863429106e-01
6.216000000000000414e-01 2.508136277855775309e-01 1.350623778259324892e+00 2.541402666540637512e+00 2.380703008659370012e-01 2.196982420382312118e-01
6.222999999999999643e-01 2.504797354315922431e-01 1.332629376892191297e+00 2.558740383744128266e+00 2.381896793476841467e-01 2.199690888901194297e-01
6.229999999999999982e-01 2.501458430776068442e-01 1.314634975525054816e+00 2.576078100947621685e+00 2.383090578294312645e-01 2.202399357420077031e-01
6.237000000000000322e-01 2.498119507236215286e-01 1.296640574157918335e+00 2.593415818151115104e+00 2.384284363111783267e-01 2.205107825938959487e-01
6.243999999999999551e-01 2.494775633546060245e-01 1.278940580559637441e+00 2.610431393338103589e+00 2.385496360169874486e-01 2.207789347997127782e-01
6.250999999999999890e-01 2.491413838478426235e-01 1.262306452124514644e+00 2.626280695113498265e+00 2.386774292284283006e-01 2.210373313887341318e-01
6.258000000000000229e-01 2.488052043410791392e-01 1.245672323689392069e+00 2.642129996888893384e+00 2.388052224398692358e-01 2.212957279777554020e-01
6.264999999999999458e-01 2.484690248343157937e-01 1.229038195254272159e+00 2.657979298664285839e+00 2.389330156513100600e-01 2.215541245667766723e-01
6.271999999999999797e-01 2.481328453275523649e-01 1.212404066819149584e+00 2.673828600439680958e+00 2.390608088627509120e-01 2.218125211557979981e-01
6.279000000000000137e-01 2.477966658207889084e-01 1.195769938384027231e+00 2.689677902215076077e+00 2.391886020741917918e-01 2.220709177448192961e-01
6.286000000000000476e-01 2.474604863140254796e-01 1.179135809948904656e+00 2.705527203990471197e+00 2.393163952856326715e-01 2.223293143338406219e-01
6.292999999999999705e-01 2.471243068072620785e-01 1.162501681513784746e+00 2.721376505765863651e+00 2.394441884970735235e-01 2.225877109228618644e-01
6.300000000000000044e-01 2.467881273004986498e-01 1.145867553078661949e+00 2.737225807541258327e+00 2.395719817085144032e-01 2.228461075118831902e-01
6.307000000000000384e-01 2.464519477937351932e-01 1.129233424643539596e+00 2.753075109316653446e+00 2.396997749199553107e-01 2.231045041009044605e-01
6.313999999999999613e-01 2.461153722238895170e-01 1.112903529165863992e+00 2.768592971954402682e+00 2.398319769103277044e-01 2.233604239142131243e-01
6.320999999999999952e-01 2.457771760285744900e-01 1.097818505279360757e+00 2.782754639753430848e+00 2.399822189042872256e-01 2.236062091656769724e-01
6.328000000000000291e-01 2.454389798332594075e-01 1.082733481392857522e+00 2.796916307552459013e+00 2.401324608982468300e-01 2.238519944171409037e-01
6.334999999999999520e-01 2.451007836379444360e-01 1.067648457506356952e+00 2.811077975351485403e+00 2.402827028922064068e-01 2.240977796686047796e-01
6.341999999999999860e-01 2.447625874426293813e-01 1.052563433619853717e+00 2.825239643150512681e+00 2.404329448861659557e-01 2.243435649200687110e-01
6.349000000000000199e-01 2.444243912473143543e-01 1.037478409733350482e+00 2.839401310949541291e+00 2.405831868801255879e-01 2.245893501715326424e-01
6.355999999999999428e-01 2.440861950519993273e-01 1.022393385846849689e+00 2.853562978748567236e+00 2.407334288740850536e-01 2.248351354229965460e-01
6.362999999999999767e-01 2.437479988566843003e-01 1.007308361960346454e+00 2.867724646547595402e+00 2.408836708680446859e-01 2.250809206744604218e-01
6.370000000000000107e-01 2.434098026613692456e-01 9.922233380738434416e-01 2.881886314346624012e+00 2.410339128620042348e-01 2.253267059259243532e-01
6.377000000000000446e-01 2.430716064660541631e-01 9.771383141873400957e-01 2.896047982145651734e+00 2.411841548559638115e-01 2.255724911773882846e-01
6.383999999999999675e-01 2.427331099577457463e-01 9.623452730765293950e-01 2.909890461870065614e+00 2.413420655602492859e-01 2.258160287199869054e-01
6.391000000000000014e-01 2.423932108512519557e-01 9.489159242476339351e-01 2.922242188200553148e+00 2.415357926275341627e-01 2.260490684404990736e-01
6.398000000000000353e-01 2.420533117447581928e-01 9.354865754187382532e-01 2.934593914531041126e+00 2.417295196948190672e-01 2.262821081610112139e-01
6.404999999999999583e-01 2.417134126382644577e-01 9.220572265898444586e-01 2.946945640861526883e+00 2.419232467621038885e-01 2.265151478815233266e-01
6.411999999999999922e-01 2.413735135317706670e-01 9.086278777609488877e-01 2.959297367192014416e+00 2.421169738293888207e-01 2.267481876020354670e-01
6.419000000000000261e-01 2.410336144252769042e-01 8.951985289320532058e-01 2.971649093522501950e+00 2.423107008966736975e-01 2.269812273225476074e-01
6.425999999999999490e-01 2.406937153187831691e-01 8.817691801031596333e-01 2.984000819852987707e+00 2.425044279639585743e-01 2.272142670430597200e-01
6.432999999999999829e-01 2.403538162122893784e-01 8.683398312742638403e-01 2.996352546183475241e+00 2.426981550312434510e-01 2.274473067635718604e-01
6.440000000000000169e-01 2.400139171057955878e-01 8.549104824453682694e-01 3.008704272513962774e+00 2.428918820985283555e-01 2.276803464840840008e-01
6.446999999999999398e-01 2.396740179993018804e-01 8.414811336164746969e-01 3.021055998844448531e+00 2.430856091658132323e-01 2.279133862045961134e-01
6.453999999999999737e-01 2.393339046219652433e-01 8.283152324378573184e-01 3.033116533384371483e+00 2.432908996251564593e-01 2.281444167713792548e-01
6.461000000000000076e-01 2.389926347314897115e-01 8.165712730639477224e-01 3.043605378900862579e+00 2.435586027518911456e-01 2.283646030597018539e-01
6.468000000000000416e-01 2.386513648410142074e-01 8.048273136900381264e-01 3.054094224417353676e+00 2.438263058786259152e-01 2.285847893480243975e-01
6.474999999999999645e-01 2.383100949505387867e-01 7.930833543161304178e-01 3.064583069933843884e+00 2.440940090053605738e-01 2.288049756363469411e-01
6.481999999999999984e-01 2.379688250600632549e-01 7.813393949422208218e-01 3.075071915450334981e+00 2.443617121320953989e-01 2.290251619246695125e-01
6.489000000000000323e-01 2.376275551695877786e-01 7.695954355683112258e-01 3.085560760966826077e+00 2.446294152588300852e-01 2.292453482129921116e-01
6.495999999999999552e-01 2.372862852791123300e-01 7.578514761944035172e-01 3.096049606483315841e+00 2.448971183855647993e-01 2.294655345013146275e-01
6.502999999999999892e-01 2.369450153886368537e-01 7.461075168204940322e-01 3.106538451999806938e+00 2.451648215122995689e-01 2.296857207896372266e-01
6.510000000000000231e-01 2.366037454981613219e-01 7.343635574465843252e-01 3.117027297516298034e+00 2.454325246390343385e-01 2.299059070779597702e-01
6.516999999999999460e-01 2.362624756076858734e-01 7.226195980726767276e-01 3.127516143032788243e+00 2.457002277657689970e-01 2.301260933662822861e-01
6.523999999999999799e-01 2.359210646702589731e-01 7.111002783135480509e-01 3.137751640958211130e+00 2.459838329279172009e-01 2.303445168752881744e-01
6.531000000000000139e-01 2.355787597440669456e-01 7.010047772892826767e-01 3.146381362240244339e+00 2.463682289321715291e-01 2.305517674742129930e-01
6.538000000000000478e-01 2.352364548178749182e-01 6.909092762650171915e-01 3.155011083522277104e+00 2.467526249364258295e-01 2.307590180731378116e-01
6.544999999999999707e-01 2.348941498916829185e-01 6.808137752407533716e-01 3.163640804804309425e+00 2.471370209406800744e-01 2.309662686720625746e-01
6.552000000000000046e-01 2.345518449654908910e-01 6.707182742164879974e-01 3.172270526086342191e+00 2.475214169449343471e-01 2.311735192709873654e-01
6.559000000000000385e-01 2.342095400392988636e-01 6.606227731922225122e-01 3.180900247368375844e+00 2.479058129491887030e-01 2.313807698699121840e-01
6.565999999999999615e-01 2.338672351131068361e-01 6.505272721679586923e-01 3.189529968650407721e+00 2.482902089534428924e-01 2.315880204688369470e-01
6.572999999999999954e-01 2.335249301869148086e-01 6.404317711436932070e-01 3.198159689932440930e+00 2.486746049576971929e-01 2.317952710677617656e-01
6.580000000000000293e-01 2.331826252607227534e-01 6.303362701194277218e-01 3.206789411214474139e+00 2.490590009619514933e-01 2.320025216666865842e-01
6.586999999999999522e-01 2.328403203345307815e-01 6.202407690951640129e-01 3.215419132496506016e+00 2.494433969662057382e-01 2.322097722656113750e-01
6.593999999999999861e-01 2.324979335614252018e-01 6.103263752516674412e-01 3.223837948162703970e+00 2.498480763531528703e-01 2.324155126557316542e-01
6.601000000000000201e-01 2.321549244695461367e-01 6.017890204895356421e-01 3.230653153887808049e+00 2.504069793912648834e-01 2.326097702513210408e-01
6.607999999999999430e-01 2.318119153776670716e-01 5.932516657274051752e-01 3.237468359612911240e+00 2.509658824293767299e-01 2.328040278469103719e-01
6.614999999999999769e-01 2.314689062857879509e-01 5.847143109652732651e-01 3.244283565338015318e+00 2.515247854674886874e-01 2.329982854424996752e-01
6.622000000000000108e-01 2.311258971939089135e-01 5.761769562031413550e-01 3.251098771063119397e+00 2.520836885056007004e-01 2.331925430380890618e-01
6.629000000000000448e-01 2.307828881020298484e-01 5.676396014410095558e-01 3.257913976788223920e+00 2.526425915437126024e-01 2.333868006336784207e-01
6.635999999999999677e-01 2.304398790101507832e-01 5.591022466788790890e-01 3.264729182513327110e+00 2.532014945818244489e-01 2.335810582292677240e-01
6.643000000000000016e-01 2.300968699182716626e-01 5.505648919167472899e-01 3.271544388238431633e+00 2.537603976199364619e-01 2.337753158248571106e-01
6.650000000000000355e-01 2.297538608263925697e-01 5.420275371546153798e-01 3.278359593963535712e+00 2.543193006580484195e-01 2.339695734204464972e-01
6.656999999999999584e-01 2.294108517345135878e-01 5.334901823924849129e-01 3.285174799688638902e+00 2.548782036961603215e-01 2.341638310160358283e-01
6.663999999999999924e-01 2.290678058067468215e-01 5.250902889608434210e-01 3.291822052200312321e+00 2.554611595946983393e-01 2.343568355980251428e-01
6.671000000000000263e-01 2.287244137751194006e-01 5.179819592802682449e-01 3.296891244310791613e+00 2.562701121609902155e-01 2.345380670730644601e-01
6.677999999999999492e-01 2.283810217434920076e-01 5.108736295996941790e-01 3.301960436421270906e+00 2.570790647272819252e-01 2.347192985481036942e-01
6.684999999999999831e-01 2.280376297118645035e-01 5.037652999191190029e-01 3.307029628531750642e+00 2.578880172935738013e-01 2.349005300231429283e-01
6.692000000000000171e-01 2.276942376802370549e-01 4.966569702385439933e-01 3.312098820642229935e+00 2.586969698598656220e-01 2.350817614981822734e-01
6.698999999999999400e-01 2.273508456486096063e-01 4.895486405579700384e-01 3.317168012752708783e+00 2.595059224261574427e-01 2.352629929732214520e-01
6.705999999999999739e-01 2.270074536169821855e-01 4.824403108773948623e-01 3.322237204863188520e+00 2.603148749924492633e-01 2.354442244482607416e-01
6.713000000000000078e-01 2.266640615853546814e-01 4.753319811968196862e-01 3.327306396973668257e+00 2.611238275587410840e-01 2.356254559233000312e-01
6.720000000000000417e-01 2.263206695537272328e-01 4.682236515162445101e-01 3.332375589084147993e+00 2.619327801250329602e-01 2.358066873983393208e-01
6.726999999999999647e-01 2.259772775220998398e-01 4.611153218356705552e-01 3.337444781194626398e+00 2.627417326913246698e-01 2.359879188733785826e-01
6.733999999999999986e-01 2.256338798614308250e-01 4.541041203314097330e-01 3.342386817292041457e+00 2.635769772967845870e-01 2.361681576402916705e-01
6.741000000000000325e-01 2.252904139115997073e-01 4.482712369661207008e-01 3.345786250178327759e+00 2.647311858510991711e-01 2.363363532902004738e-01
6.747999999999999554e-01 2.249469479617687284e-01 4.424383536008327233e-01 3.349185683064612729e+00 2.658853944054134777e-01 2.365045489401092771e-01
6.754999999999999893e-01 2.246034820119376385e-01 4.366054702355436357e-01 3.352585115950898587e+00 2.670396029597280063e-01 2.366727445900181359e-01
6.762000000000000233e-01 2.242600160621064931e-01 4.307725868702546035e-01 3.355984548837184889e+00 2.681938115140425904e-01 2.368409402399269392e-01
6.768999999999999462e-01 2.239165501122755142e-01 4.249397035049665150e-01 3.359383981723470303e+00 2.693480200683570080e-01 2.370091358898357981e-01
6.775999999999999801e-01 2.235730841624443965e-01 4.191068201396774273e-01 3.362783414609756161e+00 2.705022286226714812e-01 2.371773315397446014e-01
6.783000000000000140e-01 2.232296182126133066e-01 4.132739367743885062e-01 3.366182847496042907e+00 2.716564371769860098e-01 2.373455271896534324e-01
6.790000000000000480e-01 2.228861522627822167e-01 4.074410534090994740e-01 3.369582280382328765e+00 2.728106457313006494e-01 2.375137228395622357e-01
6.796999999999999709e-01 2.225426863129511823e-01 4.016081700438113855e-01 3.372981713268614179e+00 2.739648542856150115e-01 2.376819184894710391e-01
6.804000000000000048e-01 2.221992327989550653e-01 3.958375918900562396e-01 3.376291398405005140e+00 2.751449212367510500e-01 2.378493833939834823e-01
6.811000000000000387e-01 2.218559884734684629e-01 3.911150764017455317e-01 3.378091398177086813e+00 2.767599633629917455e-01 2.380045561170064938e-01
6.817999999999999616e-01 2.215127441479819159e-01 3.863925609134356010e-01 3.379891397949168930e+00 2.783750054892321635e-01 2.381597288400294499e-01
6.824999999999999956e-01 2.211694998224953135e-01 3.816700454251248931e-01 3.381691397721251491e+00 2.799900476154728590e-01 2.383149015630524614e-01
6.832000000000000295e-01 2.208262554970087110e-01 3.769475299368142407e-01 3.383491397493333164e+00 2.816050897417135546e-01 2.384700742860754730e-01
6.838999999999999524e-01 2.204830111715221364e-01 3.722250144485042544e-01 3.385291397265415281e+00 2.832201318679540281e-01 2.386252470090983735e-01
6.845999999999999863e-01 2.201397668460355339e-01 3.675024989601935466e-01 3.387091397037497842e+00 2.848351739941947236e-01 2.387804197321213850e-01
6.853000000000000203e-01 2.197965225205489037e-01 3.627799834718828387e-01 3.388891396809579515e+00 2.864502161204353636e-01 2.389355924551444244e-01
6.859999999999999432e-01 2.194532781950623845e-01 3.580574679835729635e-01 3.390691396581661632e+00 2.880652582466758371e-01 2.390907651781673526e-01
6.866999999999999771e-01 2.191100338695757821e-01 3.533349524952622556e-01 3.392491396353744193e+00 2.896803003729164772e-01 2.392459379011903364e-01
6.874000000000000110e-01 2.187668076939210671e-01 3.486465104346178068e-01 3.394235664064937819e+00 2.913168312000941063e-01 2.394006421105054627e-01
6.881000000000000449e-01 2.184240665221078292e-01 3.448685860799452496e-01 3.394490647260171468e+00 2.935275878689759810e-01 2.395428265924044731e-01
6.887999999999999678e-01 2.180813253502945914e-01 3.410906617252733031e-01 3.394745630455404672e+00 2.957383445378574671e-01 2.396850110743033724e-01
6.895000000000000018e-01 2.177385841784812703e-01 3.373127373706007459e-01 3.395000613650638321e+00 2.979491012067392863e-01 2.398271955562023550e-01
6.902000000000000357e-01 2.173958430066680325e-01 3.335348130159282443e-01 3.395255596845871082e+00 3.001598578756211610e-01 2.399693800381012820e-01
6.908999999999999586e-01 2.170531018348547947e-01 3.297568886612562977e-01 3.395510580041105175e+00 3.023706145445026472e-01 2.401115645200002924e-01
6.915999999999999925e-01 2.167103606630415291e-01 3.259789643065837406e-01 3.395765563236337936e+00 3.045813712133844109e-01 2.402537490018992195e-01
6.923000000000000265e-01 2.163676194912282358e-01 3.222010399519111279e-01 3.396020546431572029e+00 3.067921278822663411e-01 2.403959334837982298e-01
6.929999999999999494e-01 2.160248783194150257e-01 3.184231155972392369e-01 3.396275529626804790e+00 3.090028845511478273e-01 2.405381179656971569e-01
6.936999999999999833e-01 2.156821371476017879e-01 3.146451912425666797e-01 3.396530512822038883e+00 3.112136412200296465e-01 2.406803024475961117e-01
6.944000000000000172e-01 2.153394083294108696e-01 3.108798744336391806e-01 3.396761255233679222e+00 3.134363672025040071e-01 2.408222795940277716e-01
6.950999999999999401e-01 2.149974377147917393e-01 3.078883457448132188e-01 3.395504219552319292e+00 3.163937098067152176e-01 2.409515315261530344e-01
6.957999999999999741e-01 2.146554671001726089e-01 3.048968170559867574e-01 3.394247183870959805e+00 3.193510524109269277e-01 2.410807834582783249e-01
6.965000000000000080e-01 2.143134964855534785e-01 3.019052883671602405e-01 3.392990148189599875e+00 3.223083950151386379e-01 2.412100353904035877e-01
6.972000000000000419e-01 2.139715258709343482e-01 2.989137596783338346e-01 3.391733112508240389e+00 3.252657376193502925e-01 2.413392873225288782e-01
6.978999999999999648e-01 2.136295552563152456e-01 2.959222309895078729e-01 3.390476076826880902e+00 3.282230802235615030e-01 2.414685392546541964e-01
6.985999999999999988e-01 2.132875846416961152e-01 2.929307023006814115e-01 3.389219041145520972e+00 3.311804228277732687e-01 2.415977911867794869e-01
6.993000000000000327e-01 2.129456140270769571e-01 2.899391736118549501e-01 3.387962005464161042e+00 3.341377654319849233e-01 2.417270431189047497e-01
6.999999999999999556e-01 2.126036434124579100e-01 2.869476449230289883e-01 3.386704969782801999e+00 3.370951080361961338e-01 2.418562950510299847e-01
7.006999999999999895e-01 2.122616727978387519e-01 2.839561162342024714e-01 3.385447934101442069e+00 3.400524506404078440e-01 2.419855469831552475e-01
7.014000000000000234e-01 2.119197021832196215e-01 2.809645875453760655e-01 3.384190898420082139e+00 3.430097932446196096e-01 2.421147989152805380e-01
7.020999999999999464e-01 2.115787514245463241e-01 2.786119984077783940e-01 3.381438682169025878e+00 3.468710954814483993e-01 2.422312458534526258e-01
7.027999999999999803e-01 2.112378047699210448e-01 2.762619804554971581e-01 3.378680449094750848e+00 3.507360353827954080e-01 2.423476412624739618e-01
7.035000000000000142e-01 2.108968581152957933e-01 2.739119625032159222e-01 3.375922216020475819e+00 3.546009752841423612e-01 2.424640366714953255e-01
7.042000000000000481e-01 2.105559114606704862e-01 2.715619445509346863e-01 3.373163982946201234e+00 3.584659151854893699e-01 2.425804320805166614e-01
7.048999999999999710e-01 2.102149648060452902e-01 2.692119265986538390e-01 3.370405749871926204e+00 3.623308550868357680e-01 2.426968274895379696e-01
7.056000000000000050e-01 2.098740181514200109e-01 2.668619086463725476e-01 3.367647516797651175e+00 3.661957949881827767e-01 2.428132228985593055e-01
7.063000000000000389e-01 2.095330714967947594e-01 2.645118906940913672e-01 3.364889283723376145e+00 3.700607348895297855e-01 2.429296183075806692e-01
7.069999999999999618e-01 2.091921248421695356e-01 2.621618727418104644e-01 3.362131050649101560e+00 3.739256747908762391e-01 2.430460137166019774e-01
7.076999999999999957e-01 2.088511781875442286e-01 2.598118547895292840e-01 3.359372817574826975e+00 3.777906146922231923e-01 2.431624091256233133e-01
7.084000000000000297e-01 2.085102315329189493e-01 2.574618368372480481e-01 3.356614584500551945e+00 3.816555545935702010e-01 2.432788045346446770e-01
7.090999999999999526e-01 2.081705181104683278e-01 2.556128102308382610e-01 3.352383869285692874e+00 3.865650976116812298e-01 2.433827462489121518e-01
7.097999999999999865e-01 2.078308350756687128e-01 2.537761283803838808e-01 3.348116871143344220e+00 3.915003803369821456e-01 2.434863810959577712e-01
7.105000000000000204e-01 2.074911520408691534e-01 2.519394465299295560e-01 3.343849873000995565e+00 3.964356630622831723e-01 2.435900159430033629e-01
7.111999999999999433e-01 2.071514690060696218e-01 2.501027646794754533e-01 3.339582874858648243e+00 4.013709457875833109e-01 2.436936507900489823e-01
7.118999999999999773e-01 2.068117859712700346e-01 2.482660828290211563e-01 3.335315876716299588e+00 4.063062285128843376e-01 2.437972856370946573e-01
7.126000000000000112e-01 2.064721029364704474e-01 2.464294009785667761e-01 3.331048878573950933e+00 4.112415112381853088e-01 2.439009204841402489e-01
7.133000000000000451e-01 2.061324199016708603e-01 2.445927191281123958e-01 3.326781880431602723e+00 4.161767939634862246e-01 2.440045553311858684e-01
7.139999999999999680e-01 2.057927368668713286e-01 2.427560372776583486e-01 3.322514882289254956e+00 4.211120766887864741e-01 2.441081901782314323e-01
7.147000000000000020e-01 2.054530538320717414e-01 2.409193554272039683e-01 3.318247884146906301e+00 4.260473594140873899e-01 2.442118250252770795e-01
7.154000000000000359e-01 2.051133707972721543e-01 2.390826735767495881e-01 3.313980886004558091e+00 4.309826421393885276e-01 2.443154598723227544e-01
7.160999999999999588e-01 2.047751119446004908e-01 2.376315284695377228e-01 3.308254162630347217e+00 4.370881399517957400e-01 2.444070077048624279e-01
7.167999999999999927e-01 2.044369187774776608e-01 2.361981649311963027e-01 3.302460114402675284e+00 4.432476099485149756e-01 2.444979980650350548e-01
7.175000000000000266e-01 2.040987256103548031e-01 2.347648013928548827e-01 3.296666066175002463e+00 4.494070799452343778e-01 2.445889884252076263e-01
7.181999999999999496e-01 2.037605324432320564e-01 2.333314378545137124e-01 3.290872017947330974e+00 4.555665499419526698e-01 2.446799787853801977e-01
7.188999999999999835e-01 2.034223392761091986e-01 2.318980743161722924e-01 3.285077969719658597e+00 4.617260199386720165e-01 2.447709691455527969e-01
7.196000000000000174e-01 2.030841461089863409e-01 2.304647107778309001e-01 3.279283921491986220e+00 4.678854899353913632e-01 2.448619595057253684e-01
7.202999999999999403e-01 2.027459529418635664e-01 2.290313472394897298e-01 3.273489873264314731e+00 4.740449599321096552e-01 2.449529498658979954e-01
7.209999999999999742e-01 2.024077597747407087e-01 2.275979837011482543e-01 3.267695825036642354e+00 4.802044299288289464e-01 2.450439402260705668e-01
7.217000000000000082e-01 2.020695666076178787e-01 2.261646201628068897e-01 3.261901776808969977e+00 4.863638999255482931e-01 2.451349305862431938e-01
7.224000000000000421e-01 2.017313734404950487e-01 2.247312566244654697e-01 3.256107728581297156e+00 4.925233699222676398e-01 2.452259209464157652e-01
7.230999999999999650e-01 2.013947741324886298e-01 2.235893208341847849e-01 3.248867252047506593e+00 4.999527788619449464e-01 2.453052064106797103e-01
7.237999999999999989e-01 2.010582840396678839e-01 2.224673543970901723e-01 3.241527662653338027e+00 5.074692071724472564e-01 2.453836898264017685e-01
7.245000000000000329e-01 2.007217939468471102e-01 2.213453879599955321e-01 3.234188073259169904e+00 5.149856354829493998e-01 2.454621732421238267e-01
7.251999999999999558e-01 2.003853038540264198e-01 2.202234215229010306e-01 3.226848483865002226e+00 5.225020637934504331e-01 2.455406566578458571e-01
7.258999999999999897e-01 2.000488137612056738e-01 2.191014550858063625e-01 3.219508894470834104e+00 5.300184921039526875e-01 2.456191400735678598e-01
7.266000000000000236e-01 1.997123236683849001e-01 2.179794886487117223e-01 3.212169305076665538e+00 5.375349204144549420e-01 2.456976234892899458e-01
7.272999999999999465e-01 1.993758335755642097e-01 2.168575222116172208e-01 3.204829715682498303e+00 5.450513487249559752e-01 2.457761069050119762e-01
7.279999999999999805e-01 1.990393434827434360e-01 2.157355557745225527e-01 3.197490126288330181e+00 5.525677770354582297e-01 2.458545903207340066e-01
7.287000000000000144e-01 1.987028533899227178e-01 2.146135893374279124e-01 3.190150536894161615e+00 5.600842053459603731e-01 2.459330737364560371e-01
7.293999999999999373e-01 1.983663632971019719e-01 2.134916229003334387e-01 3.182810947499994381e+00 5.676006336564614063e-01 2.460115571521780675e-01
7.300999999999999712e-01 1.980316166101745434e-01 2.125862084700389509e-01 3.174049787537228884e+00 5.764504837359547551e-01 2.460787352521953686e-01
7.308000000000000052e-01 1.976970301487339654e-01 2.117006959747239070e-01 3.165157979951090716e+00 5.854228802362306805e-01 2.461448743516445881e-01
7.315000000000000391e-01 1.973624436872934429e-01 2.108151834794088908e-01 3.156266172364952549e+00 5.943952767365067169e-01 2.462110134510937798e-01
7.321999999999999620e-01 1.970278572258529481e-01 2.099296709840940134e-01 3.147374364778815714e+00 6.033676732367813100e-01 2.462771525505430548e-01
7.328999999999999959e-01 1.966932707644124256e-01 2.090441584887789972e-01 3.138482557192677547e+00 6.123400697370573464e-01 2.463432916499922742e-01
7.336000000000000298e-01 1.963586843029718476e-01 2.081586459934639810e-01 3.129590749606539379e+00 6.213124662373332718e-01 2.464094307494414382e-01
7.342999999999999527e-01 1.960240978415313806e-01 2.072731334981490758e-01 3.120698942020402988e+00 6.302848627376078650e-01 2.464755698488907132e-01
7.349999999999999867e-01 1.956895113800908304e-01 2.063876210028340874e-01 3.111807134434264377e+00 6.392572592378840124e-01 2.465417089483399327e-01
7.357000000000000206e-01 1.953549249186502801e-01 2.055021085075190712e-01 3.102915326848126654e+00 6.482296557381599378e-01 2.466078480477891244e-01
7.363999999999999435e-01 1.950203384572097853e-01 2.046165960122041938e-01 3.094023519261989374e+00 6.572020522384345309e-01 2.466739871472383994e-01
7.370999999999999774e-01 1.946876259387447516e-01 2.038893841054215950e-01 3.083756639585065962e+00 6.675264358754595673e-01 2.467292434629519970e-01
7.378000000000000114e-01 1.943551314181202749e-01 2.031805874796316358e-01 3.073329796264471891e+00 6.780080976581467356e-01 2.467832337725039127e-01
7.385000000000000453e-01 1.940226368974957982e-01 2.024717908538416211e-01 3.062902952943877821e+00 6.884897594408339039e-01 2.468372240820558283e-01
7.391999999999999682e-01 1.936901423768714048e-01 2.017629942280517452e-01 3.052476109623285527e+00 6.989714212235195179e-01 2.468912143916077995e-01
7.399000000000000021e-01 1.933576478562469281e-01 2.010541976022617860e-01 3.042049266302690569e+00 7.094530830062066862e-01 2.469452047011597429e-01
7.406000000000000361e-01 1.930251533356224236e-01 2.003454009764717714e-01 3.031622422982096499e+00 7.199347447888939655e-01 2.469991950107117140e-01
7.412999999999999590e-01 1.926926588149980302e-01 1.996366043506819232e-01 3.021195579661504205e+00 7.304164065715795795e-01 2.470531853202636297e-01
7.419999999999999929e-01 1.923601642943735535e-01 1.989278077248919363e-01 3.010768736340909690e+00 7.408980683542668588e-01 2.471071756298156008e-01
7.427000000000000268e-01 1.920276697737490768e-01 1.982190110991019771e-01 3.000341893020315620e+00 7.513797301369540271e-01 2.471611659393675164e-01
7.433999999999999497e-01 1.916951752531246556e-01 1.975102144733120735e-01 2.989915049699723326e+00 7.618613919196395301e-01 2.472151562489194321e-01
7.440999999999999837e-01 1.913646672946999194e-01 1.969153426163695320e-01 2.978189113782044206e+00 7.736627800929087861e-01 2.472587206612746613e-01
7.448000000000000176e-01 1.910344411826284949e-01 1.963366339989431053e-01 2.966278867244183104e+00 7.856514063353224886e-01 2.473008058845538037e-01
7.454999999999999405e-01 1.907042150705571260e-01 1.957579253815168452e-01 2.954368620706324666e+00 7.976400325777340816e-01 2.473428911078329462e-01
7.461999999999999744e-01 1.903739889584857015e-01 1.951792167640904185e-01 2.942458374168464008e+00 8.096286588201476730e-01 2.473849763311121441e-01
7.469000000000000083e-01 1.900437628464142770e-01 1.946005081466640196e-01 2.930548127630602906e+00 8.216172850625613755e-01 2.474270615543913421e-01
7.476000000000000423e-01 1.897135367343428525e-01 1.940217995292375930e-01 2.918637881092742248e+00 8.336059113049749669e-01 2.474691467776705400e-01
7.482999999999999652e-01 1.893833106222714835e-01 1.934430909118112496e-01 2.906727634554883366e+00 8.455945375473867820e-01 2.475112320009496825e-01
7.489999999999999991e-01 1.890530845102000312e-01 1.928643822943848785e-01 2.894817388017022264e+00 8.575831637898002624e-01 2.475533172242288249e-01
7.497000000000000330e-01 1.887228583981286067e-01 1.922856736769584518e-01 2.882907141479161606e+00 8.695717900322139648e-01 2.475954024475080784e-01
7.503999999999999559e-01 1.883926322860572378e-01 1.917069650595321362e-01 2.870996894941302724e+00 8.815604162746256689e-01 2.476374876707872208e-01
7.510999999999999899e-01 1.880644884971349462e-01 1.912090400259208178e-01 2.857897639845383697e+00 8.947833850986124382e-01 2.476696593595270335e-01
7.518000000000000238e-01 1.877366958259333307e-01 1.907247365802128281e-01 2.844597896186982222e+00 9.082144866295627228e-01 2.477001594452532263e-01
7.524999999999999467e-01 1.874089031547317985e-01 1.902404331345048660e-01 2.831298152528582524e+00 9.216455881605106759e-01 2.477306595309794468e-01
7.531999999999999806e-01 1.870811104835301830e-01 1.897561296887968485e-01 2.817998408870180160e+00 9.350766896914609605e-01 2.477611596167055563e-01
7.539000000000000146e-01 1.867533178123285953e-01 1.892718262430888310e-01 2.804698665211778241e+00 9.485077912224110230e-01 2.477916597024317769e-01
7.545999999999999375e-01 1.864255251411270631e-01 1.887875227973808689e-01 2.791398921553378543e+00 9.619388927533591982e-01 2.478221597881579419e-01
7.552999999999999714e-01 1.860977324699254476e-01 1.883032193516728237e-01 2.778099177894976624e+00 9.753699942843094828e-01 2.478526598738841624e-01
7.560000000000000053e-01 1.857699397987238876e-01 1.878189159059648339e-01 2.764799434236575149e+00 9.888010958152595453e-01 2.478831599596103274e-01
7.567000000000000393e-01 1.854421471275222721e-01 1.873346124602568163e-01 2.751499690578173229e+00 1.002232197346209830e+00 2.479136600453364925e-01
7.573999999999999622e-01 1.851143544563207399e-01 1.868503090145488821e-01 2.738199946919773531e+00 1.015663298877157894e+00 2.479441601310626853e-01
7.580999999999999961e-01 1.847887240362919570e-01 1.864225013473756465e-01 2.723856237973403704e+00 1.030192010791537438e+00 2.479653510024355800e-01
7.588000000000000300e-01 1.844635188071412912e-01 1.860058031618327390e-01 2.709307240888872759e+00 1.044936559759732431e+00 2.479847112848948820e-01
7.594999999999999529e-01 1.841383135779907088e-01 1.855891049762899425e-01 2.694758243804343589e+00 1.059681108727925647e+00 2.480040715673542118e-01
7.601999999999999869e-01 1.838131083488400153e-01 1.851724067907470350e-01 2.680209246719812644e+00 1.074425657696120862e+00 2.480234318498135138e-01
7.609000000000000208e-01 1.834879031196893773e-01 1.847557086052041275e-01 2.665660249635281698e+00 1.089170206664316298e+00 2.480427921322727880e-01
7.615999999999999437e-01 1.831626978905387670e-01 1.843390104196613033e-01 2.651111252550752528e+00 1.103914755632509070e+00 2.480621524147320900e-01
7.622999999999999776e-01 1.828374926613881291e-01 1.839223122341183958e-01 2.636562255466221583e+00 1.118659304600704507e+00 2.480815126971913642e-01
7.630000000000000115e-01 1.825122874322374633e-01 1.835056140485755161e-01 2.622013258381690193e+00 1.133403853568899944e+00 2.481008729796506662e-01
7.637000000000000455e-01 1.821870822030867698e-01 1.830889158630326086e-01 2.607464261297158803e+00 1.148148402537095158e+00 2.481202332621099405e-01
7.643999999999999684e-01 1.818618769739361873e-01 1.826722176774897566e-01 2.592915264212630078e+00 1.162892951505288153e+00 2.481395935445692980e-01
7.651000000000000023e-01 1.815388990810989367e-01 1.822945350802689102e-01 2.577499313282687776e+00 1.178552870814860487e+00 2.481504006642033522e-01
7.658000000000000362e-01 1.812164246647748056e-01 1.819256717315139438e-01 2.561887392441744016e+00 1.194419704304793273e+00 2.481592743907663767e-01
7.664999999999999591e-01 1.808939502484507023e-01 1.815568083827590606e-01 2.546275471600802920e+00 1.210286537794723616e+00 2.481681481173294013e-01
7.671999999999999931e-01 1.805714758321265712e-01 1.811879450340040942e-01 2.530663550759858715e+00 1.226153371284656624e+00 2.481770218438923148e-01
7.679000000000000270e-01 1.802490014158024123e-01 1.808190816852491556e-01 2.515051629918914955e+00 1.242020204774589409e+00 2.481858955704553393e-01
7.685999999999999499e-01 1.799265269994783367e-01 1.804502183364942447e-01 2.499439709077973415e+00 1.257887038264519752e+00 2.481947692970183639e-01
7.692999999999999838e-01 1.796040525831541779e-01 1.800813549877393061e-01 2.483827788237029655e+00 1.273753871754452538e+00 2.482036430235813884e-01
7.700000000000000178e-01 1.792815781668300468e-01 1.797124916389843396e-01 2.468215867396085450e+00 1.289620705244385324e+00 2.482125167501443574e-01
7.706999999999999407e-01 1.789591037505059434e-01 1.793436282902294565e-01 2.452603946555144798e+00 1.305487538734315667e+00 2.482213904767073820e-01
7.713999999999999746e-01 1.786366293341818123e-01 1.789747649414744624e-01 2.436992025714200594e+00 1.321354372224248452e+00 2.482302642032704065e-01
7.721000000000000085e-01 1.783164334506303350e-01 1.786325546116696306e-01 2.420715680510580281e+00 1.337918252192888069e+00 2.482315861394978063e-01
7.728000000000000425e-01 1.779968229835595106e-01 1.782971921607890142e-01 2.404268626780529328e+00 1.354661222188802139e+00 2.482309678172512080e-01
7.734999999999999654e-01 1.776772125164887139e-01 1.779618297099084256e-01 2.387821573050480595e+00 1.371404192184713544e+00 2.482303494950045264e-01
7.741999999999999993e-01 1.773576020494178895e-01 1.776264672590277538e-01 2.371374519320429197e+00 1.388147162180627614e+00 2.482297311727579003e-01
7.749000000000000332e-01 1.770379915823470651e-01 1.772911048081471375e-01 2.354927465590377800e+00 1.404890132176541906e+00 2.482291128505112465e-01
7.755999999999999561e-01 1.767183811152762962e-01 1.769557423572665766e-01 2.338480411860329067e+00 1.421633102172453311e+00 2.482284945282646205e-01
7.762999999999999901e-01 1.763987706482054718e-01 1.766203799063859048e-01 2.322033358130277669e+00 1.438376072168367381e+00 2.482278762060179944e-01
7.770000000000000240e-01 1.760791601811346196e-01 1.762850174555052607e-01 2.305586304400226272e+00 1.455119042164281451e+00 2.482272578837712851e-01
7.776999999999999469e-01 1.757595497140638507e-01 1.759496550046246999e-01 2.289139250670177539e+00 1.471862012160193078e+00 2.482266395615246590e-01
7.783999999999999808e-01 1.754399392469929986e-01 1.756142925537440558e-01 2.272692196940126141e+00 1.488604982156107148e+00 2.482260212392780330e-01
7.791000000000000147e-01 1.751226455386418190e-01 1.752969876251767589e-01 2.255799635262874858e+00 1.505802701270812394e+00 2.482192382772116512e-01
7.797999999999999376e-01 1.748060223134343394e-01 1.749849086462195724e-01 2.238778141053102466e+00 1.523132027365629915e+00 2.482106712333369825e-01
7.804999999999999716e-01 1.744893990882268042e-01 1.746728296672623582e-01 2.221756646843327854e+00 1.540461353460450322e+00 2.482021041894622859e-01
7.812000000000000055e-01 1.741727758630192691e-01 1.743607506883051161e-01 2.204735152633552353e+00 1.557790679555270508e+00 2.481935371455877004e-01
7.819000000000000394e-01 1.738561526378117339e-01 1.740486717093478741e-01 2.187713658423777741e+00 1.575120005650090915e+00 2.481849701017130039e-01
7.825999999999999623e-01 1.735395294126042542e-01 1.737365927303907154e-01 2.170692164214005349e+00 1.592449331744908436e+00 2.481764030578383351e-01
7.832999999999999963e-01 1.732229061873966913e-01 1.734245137514335011e-01 2.153670670004230736e+00 1.609778657839728844e+00 2.481678360139636386e-01
7.840000000000000302e-01 1.729062829621891839e-01 1.731124347724762869e-01 2.136649175794455680e+00 1.627107983934549251e+00 2.481592689700889975e-01
7.846999999999999531e-01 1.725896597369817043e-01 1.728003557935190726e-01 2.119627681584683732e+00 1.644437310029366994e+00 2.481507019262143843e-01
7.853999999999999870e-01 1.722730365117741413e-01 1.724882768145618306e-01 2.102606187374908675e+00 1.661766636124187402e+00 2.481421348823396877e-01
7.861000000000000210e-01 1.719587561828967992e-01 1.721883784382871041e-01 2.085363725013823721e+00 1.679298048322211079e+00 2.481293783493511707e-01
7.867999999999999439e-01 1.716452340326727888e-01 1.718924217955064560e-01 2.068049755717835669e+00 1.696894857084133346e+00 2.481152660665698340e-01
7.874999999999999778e-01 1.713317118824487506e-01 1.715964651527257800e-01 2.050735786421844509e+00 1.714491665846058277e+00 2.481011537837884973e-01
7.882000000000000117e-01 1.710181897322246569e-01 1.713005085099451319e-01 2.033421817125852904e+00 1.732088474607983208e+00 2.480870415010071328e-01
7.889000000000000457e-01 1.707046675820006187e-01 1.710045518671644005e-01 2.016107847829862187e+00 1.749685283369908362e+00 2.480729292182257961e-01
7.895999999999999686e-01 1.703911454317766083e-01 1.707085952243837801e-01 1.998793878533873469e+00 1.767282092131830851e+00 2.480588169354444872e-01
7.903000000000000025e-01 1.700776232815525424e-01 1.704126385816031042e-01 1.981479909237882309e+00 1.784878900893755560e+00 2.480447046526631505e-01
7.910000000000000364e-01 1.697641011313284765e-01 1.701166819388224283e-01 1.964165939941891148e+00 1.802475709655680713e+00 2.480305923698817860e-01
7.916999999999999593e-01 1.694505789811044938e-01 1.698207252960417801e-01 1.946851970645902874e+00 1.820072518417602980e+00 2.480164800871004216e-01
7.923999999999999932e-01 1.691370568308804001e-01 1.695247686532610765e-01 1.929538001349911269e+00 1.837669327179528134e+00 2.480023678043190849e-01
7.931000000000000272e-01 1.688258924726530608e-01 1.692370410228593580e-01 1.912222000056321480e+00 1.855218980539774298e+00 2.479869083443467515e-01
7.937999999999999501e-01 1.685155761486044346e-01 1.689522731462288485e-01 1.894905267908011393e+00 1.872751673374073667e+00 2.479709643410795972e-01
7.944999999999999840e-01 1.682052598245557529e-01 1.686675052695983390e-01 1.877588535759699084e+00 1.890284366208375699e+00 2.479550203378123874e-01
7.952000000000000179e-01 1.678949435005070712e-01 1.683827373929677740e-01 1.860271803611386776e+00 1.907817059042677510e+00 2.479390763345451776e-01
7.958999999999999408e-01 1.675846271764584172e-01 1.680979695163372367e-01 1.842955071463076688e+00 1.925349751876976878e+00 2.479231323312780233e-01
7.965999999999999748e-01 1.672743108524097633e-01 1.678132016397066717e-01 1.825638339314764158e+00 1.942882444711279355e+00 2.479071883280108135e-01
7.973000000000000087e-01 1.669639945283610538e-01 1.675284337630761344e-01 1.808321607166451406e+00 1.960415137545581388e+00 2.478912443247436592e-01
7.980000000000000426e-01 1.666536782043123999e-01 1.672436658864455694e-01 1.791004875018139542e+00 1.977947830379883198e+00 2.478753003214764772e-01
7.986999999999999655e-01 1.663433618802637737e-01 1.669588980098150599e-01 1.773688142869829454e+00 1.995480523214182567e+00 2.478593563182092674e-01
7.993999999999999995e-01 1.660330455562150642e-01 1.666741301331845504e-01 1.756371410721516924e+00 2.013013216048484821e+00 2.478434123149421131e-01
8.001000000000000334e-01 1.657250914888373505e-01 1.663949787726539953e-01 1.739255423079594465e+00 2.030265625509782179e+00 2.478301994946690290e-01
8.007999999999999563e-01 1.654180770305557213e-01 1.661180614325330207e-01 1.722219283392597555e+00 2.047406549707865064e+00 2.478180730272955268e-01
8.014999999999999902e-01 1.651110625722740366e-01 1.658411440924120461e-01 1.705183143705597981e+00 2.064547473905950614e+00 2.478059465599219968e-01
8.022000000000000242e-01 1.648040481139923241e-01 1.655642267522910438e-01 1.688147004018598185e+00 2.081688398104036608e+00 2.477938200925484669e-01
8.028999999999999471e-01 1.644970336557106949e-01 1.652873094121700692e-01 1.671110864331601276e+00 2.098829322302119493e+00 2.477816936251749369e-01
8.035999999999999810e-01 1.641900191974290102e-01 1.650103920720490669e-01 1.654074724644601702e+00 2.115970246500205043e+00 2.477695671578014069e-01
8.043000000000000149e-01 1.638830047391473255e-01 1.647334747319280923e-01 1.637038584957602128e+00 2.133111170698291037e+00 2.477574406904279047e-01
8.049999999999999378e-01 1.635759902808656963e-01 1.644565573918071177e-01 1.620002445270605218e+00 2.150252094896373922e+00 2.477453142230543748e-01
8.056999999999999718e-01 1.632689758225839838e-01 1.641796400516860877e-01 1.602966305583605422e+00 2.167393019094459472e+00 2.477331877556808448e-01
8.064000000000000057e-01 1.629619613643022991e-01 1.639027227115651131e-01 1.585930165896605848e+00 2.184533943292545466e+00 2.477210612883073149e-01
8.071000000000000396e-01 1.626573039723346603e-01 1.636297244813686713e-01 1.569272466138182720e+00 2.201188091941783220e+00 2.477174456281828474e-01
8.077999999999999625e-01 1.623536790705104871e-01 1.633584429794389115e-01 1.552780538336948402e+00 2.217629013261262827e+00 2.477175580450089176e-01
8.084999999999999964e-01 1.620500541686862028e-01 1.630871614775091238e-01 1.536288610535711197e+00 2.234069934580745986e+00 2.477176704618349323e-01
8.092000000000000304e-01 1.617464292668619463e-01 1.628158799755793362e-01 1.519796682734474214e+00 2.250510855900228702e+00 2.477177828786610025e-01
8.098999999999999533e-01 1.614428043650377176e-01 1.625445984736496319e-01 1.503304754933239895e+00 2.266951777219708752e+00 2.477178952954870728e-01
8.105999999999999872e-01 1.611391794632134333e-01 1.622733169717198443e-01 1.486812827132003134e+00 2.283392698539191468e+00 2.477180077123130875e-01
8.113000000000000211e-01 1.608355545613892046e-01 1.620020354697900566e-01 1.470320899330766151e+00 2.299833619858674183e+00 2.477181201291391577e-01
8.119999999999999440e-01 1.605319296595649481e-01 1.617307539678602690e-01 1.453828971529531833e+00 2.316274541178154678e+00 2.477182325459652279e-01
8.126999999999999780e-01 1.602283047577407193e-01 1.614594724659305092e-01 1.437337043728294850e+00 2.332715462497637393e+00 2.477183449627912981e-01
8.134000000000000119e-01 1.599246798559164351e-01 1.611881909640007216e-01 1.420845115927057645e+00 2.349156383817120108e+00 2.477184573796173683e-01
8.141000000000000458e-01 1.596233979165297412e-01 1.609197456808046656e-01 1.404877648726383876e+00 2.364938267487891821e+00 2.477351187503059049e-01
8.147999999999999687e-01 1.593232422676917059e-01 1.606526638024598497e-01 1.389162296117080864e+00 2.380403343742960587e+00 2.477597354044535904e-01
8.155000000000000027e-01 1.590230866188536429e-01 1.603855819241150060e-01 1.373446943507775631e+00 2.395868419998031573e+00 2.477843520586012482e-01
8.162000000000000366e-01 1.587229309700155522e-01 1.601185000457701346e-01 1.357731590898470175e+00 2.411333496253102560e+00 2.478089687127489338e-01
8.168999999999999595e-01 1.584227753211775447e-01 1.598514181674253465e-01 1.342016238289167163e+00 2.426798572508170881e+00 2.478335853668965916e-01
8.175999999999999934e-01 1.581226196723394817e-01 1.595843362890805028e-01 1.326300885679861707e+00 2.442263648763241868e+00 2.478582020210443049e-01
8.183000000000000274e-01 1.578224640235013909e-01 1.593172544107356592e-01 1.310585533070556252e+00 2.457728725018312854e+00 2.478828186751919349e-01
8.189999999999999503e-01 1.575223083746633557e-01 1.590501725323908433e-01 1.294870180461253462e+00 2.473193801273381620e+00 2.479074353293396482e-01
8.196999999999999842e-01 1.572221527258252927e-01 1.587830906540459996e-01 1.279154827851948006e+00 2.488658877528452162e+00 2.479320519834873338e-01
8.204000000000000181e-01 1.569219970769872019e-01 1.585160087757011560e-01 1.263439475242642773e+00 2.504123953783523149e+00 2.479566686376349915e-01
8.210999999999999410e-01 1.566241620808694612e-01 1.582510856447873482e-01 1.248359034189046701e+00 2.518796248188266418e+00 2.480087600114496416e-01
8.217999999999999750e-01 1.563275477338889885e-01 1.579872980018189321e-01 1.233612552730499301e+00 2.533051544188559490e+00 2.480753029197679538e-01
8.225000000000000089e-01 1.560309333869084880e-01 1.577235103588504606e-01 1.218866071271951901e+00 2.547306840188852561e+00 2.481418458280863493e-01
8.232000000000000428e-01 1.557343190399280153e-01 1.574597227158820167e-01 1.204119589813404501e+00 2.561562136189145189e+00 2.482083887364046615e-01
8.238999999999999657e-01 1.554377046929475426e-01 1.571959350729136284e-01 1.189373108354859543e+00 2.575817432189436040e+00 2.482749316447230015e-01
8.245999999999999996e-01 1.551410903459670698e-01 1.569321474299451846e-01 1.174626626896312143e+00 2.590072728189729112e+00 2.483414745530413137e-01
8.253000000000000336e-01 1.548444759989865693e-01 1.566683597869767686e-01 1.159880145437764964e+00 2.604328024190022184e+00 2.484080174613596814e-01
8.259999999999999565e-01 1.545478616520061244e-01 1.564045721440083525e-01 1.145133663979219563e+00 2.618583320190313035e+00 2.484745603696780214e-01
8.266999999999999904e-01 1.542512473050256239e-01 1.561407845010398809e-01 1.130387182520672384e+00 2.632838616190606107e+00 2.485411032779963891e-01
8.274000000000000243e-01 1.539546329580451511e-01 1.558769968580714649e-01 1.115640701062124984e+00 2.647093912190899179e+00 2.486076461863147569e-01
8.280999999999999472e-01 1.536603094227556865e-01 1.556149530363487021e-01 1.101602862140928396e+00 2.660462189448894232e+00 2.487161376186118045e-01
8.287999999999999812e-01 1.533673011168912581e-01 1.553539103990634607e-01 1.087971877925714592e+00 2.673321200425825328e+00 2.488487130615213982e-01
8.295000000000000151e-01 1.530742928110268575e-01 1.550928677617781914e-01 1.074340893710501232e+00 2.686180211402756424e+00 2.489812885044309643e-01
8.301999999999999380e-01 1.527812845051624846e-01 1.548318251244930055e-01 1.060709909495290093e+00 2.699039222379685743e+00 2.491138639473404748e-01
8.308999999999999719e-01 1.524882761992980840e-01 1.545707824872077640e-01 1.047078925280076733e+00 2.711898233356616839e+00 2.492464393902499853e-01
8.316000000000000059e-01 1.521952678934336833e-01 1.543097398499225226e-01 1.033447941064862929e+00 2.724757244333547490e+00 2.493790148331595791e-01
8.323000000000000398e-01 1.519022595875692550e-01 1.540486972126372811e-01 1.019816956849649792e+00 2.737616255310479030e+00 2.495115902760691451e-01
8.329999999999999627e-01 1.516092512817049098e-01 1.537876545753520952e-01 1.006185972634438430e+00 2.750475266287407905e+00 2.496441657189786556e-01
8.336999999999999966e-01 1.513162429758404814e-01 1.535266119380668537e-01 9.925549884192249595e-01 2.763334277264339445e+00 2.497767411618882216e-01
8.344000000000000306e-01 1.510232346699760808e-01 1.532655693007815845e-01 9.789240042040114886e-01 2.776193288241270540e+00 2.499093166047977599e-01
8.350999999999999535e-01 1.507324804455772993e-01 1.530060221420916355e-01 9.660400291189787936e-01 2.788108592668743224e+00 2.501024908222199139e-01
8.357999999999999874e-01 1.504431359398800405e-01 1.527474102664319322e-01 9.536232388971179752e-01 2.799433696257469073e+00 2.503335639474805752e-01
8.365000000000000213e-01 1.501537914341827540e-01 1.524887983907722566e-01 9.412064486752568238e-01 2.810758799846195810e+00 2.505646370727411809e-01
8.371999999999999442e-01 1.498644469284855785e-01 1.522301865151125810e-01 9.287896584533978928e-01 2.822083903434919439e+00 2.507957101980018422e-01
8.378999999999999782e-01 1.495751024227883197e-01 1.519715746394529055e-01 9.163728682315366303e-01 2.833409007023646176e+00 2.510267833232624479e-01
8.386000000000000121e-01 1.492857579170910609e-01 1.517129627637932021e-01 9.039560780096755899e-01 2.844734110612372024e+00 2.512578564485231092e-01
8.393000000000000460e-01 1.489964134113938299e-01 1.514543508881334988e-01 8.915392877878144384e-01 2.856059214201098317e+00 2.514889295737838260e-01
8.399999999999999689e-01 1.487070689056965989e-01 1.511957390124738509e-01 8.791224975659555074e-01 2.867384317789822834e+00 2.517200026990443762e-01
8.407000000000000028e-01 1.484177243999993401e-01 1.509371271368141476e-01 8.667057073440943560e-01 2.878709421378549127e+00 2.519510758243050930e-01
8.414000000000000368e-01 1.481283798943021091e-01 1.506785152611544720e-01 8.542889171222335376e-01 2.890034524967274976e+00 2.521821489495656987e-01
8.420999999999999597e-01 1.478412464611357224e-01 1.504212537230200653e-01 8.426255464444372123e-01 2.900392489369098659e+00 2.524971585246458261e-01
8.427999999999999936e-01 1.475556168550777869e-01 1.501649105962664654e-01 8.314746025272475860e-01 2.910092668869395993e+00 2.528692561901756952e-01
8.435000000000000275e-01 1.472699872490198791e-01 1.499085674695128378e-01 8.203236586100579597e-01 2.919792848369692884e+00 2.532413538557056198e-01
8.441999999999999504e-01 1.469843576429619714e-01 1.496522243427592658e-01 8.091727146928699987e-01 2.929493027869988442e+00 2.536134515212353779e-01
8.448999999999999844e-01 1.466987280369040636e-01 1.493958812160056382e-01 7.980217707756803724e-01 2.939193207370285332e+00 2.539855491867652471e-01
8.456000000000000183e-01 1.464130984308461558e-01 1.491395380892520384e-01 7.868708268584907461e-01 2.948893386870582667e+00 2.543576468522950607e-01
8.462999999999999412e-01 1.461274688247882758e-01 1.488831949624984663e-01 7.757198829413027852e-01 2.958593566370877781e+00 2.547297445178248743e-01
8.469999999999999751e-01 1.458418392187303680e-01 1.486268518357448665e-01 7.645689390241131589e-01 2.968293745871174671e+00 2.551018421833546879e-01
8.477000000000000091e-01 1.455562096126724325e-01 1.483705087089912389e-01 7.534179951069234216e-01 2.977993925371472450e+00 2.554739398488845570e-01
8.484000000000000430e-01 1.452705800066145247e-01 1.481141655822376113e-01 7.422670511897339063e-01 2.987694104871769341e+00 2.558460375144143706e-01
8.490999999999999659e-01 1.449871127651233549e-01 1.478590896802572663e-01 7.318488603214328148e-01 2.996431108240301011e+00 2.563303878957121640e-01
8.497999999999999998e-01 1.447052428103503818e-01 1.476049498467504328e-01 7.219719365136322287e-01 3.004456636556800841e+00 2.568976566593890731e-01
8.505000000000000338e-01 1.444233728555774088e-01 1.473508100132435716e-01 7.120950127058314205e-01 3.012482164873300228e+00 2.574649254230660378e-01
8.511999999999999567e-01 1.441415029008045190e-01 1.470966701797367937e-01 7.022180888980322777e-01 3.020507693189798282e+00 2.580321941867428359e-01
8.518999999999999906e-01 1.438596329460315459e-01 1.468425303462299603e-01 6.923411650902313585e-01 3.028533221506297224e+00 2.585994629504197451e-01
8.526000000000000245e-01 1.435777629912585729e-01 1.465883905127231268e-01 6.824642412824306614e-01 3.036558749822796610e+00 2.591667317140967097e-01
8.532999999999999474e-01 1.432958930364856831e-01 1.463342506792163489e-01 6.725873174746315186e-01 3.044584278139294664e+00 2.597340004777735634e-01
8.539999999999999813e-01 1.430140230817127101e-01 1.460801108457094877e-01 6.627103936668308215e-01 3.052609806455794050e+00 2.603012692414504725e-01
8.547000000000000153e-01 1.427321531269397648e-01 1.458259710122026542e-01 6.528334698590300134e-01 3.060635334772292993e+00 2.608685380051273817e-01
8.553999999999999382e-01 1.424502831721668472e-01 1.455718311786958763e-01 6.429565460512308706e-01 3.068660863088791491e+00 2.614358067688042353e-01
8.560999999999999721e-01 1.421705217246933550e-01 1.453189111887427110e-01 6.337703590408151344e-01 3.075747969434885043e+00 2.621485851776935716e-01
8.568000000000000060e-01 1.418924501278353845e-01 1.450669688351394204e-01 6.251377589221668307e-01 3.082082983082675920e+00 2.629779814249843528e-01
8.575000000000000400e-01 1.416143785309773584e-01 1.448150264815361576e-01 6.165051588035183050e-01 3.088417996730466797e+00 2.638073776722750785e-01
8.581999999999999629e-01 1.413363069341194156e-01 1.445630841279329226e-01 6.078725586848712226e-01 3.094753010378257230e+00 2.646367739195655822e-01
8.588999999999999968e-01 1.410582353372614450e-01 1.443111417743296598e-01 5.992399585662226968e-01 3.101088024026048107e+00 2.654661701668563079e-01
8.596000000000000307e-01 1.407801637404034745e-01 1.440591994207263693e-01 5.906073584475741711e-01 3.107423037673838540e+00 2.662955664141470336e-01
8.602999999999999536e-01 1.405020921435455039e-01 1.438072570671231343e-01 5.819747583289270887e-01 3.113758051321628972e+00 2.671249626614375927e-01
8.609999999999999876e-01 1.402240205466875334e-01 1.435553147135198437e-01 5.733421582102787850e-01 3.120093064969419849e+00 2.679543589087283184e-01
8.617000000000000215e-01 1.399459489498295350e-01 1.433033723599165532e-01 5.647095580916302593e-01 3.126428078617210726e+00 2.687837551560189886e-01
8.623999999999999444e-01 1.396678773529715922e-01 1.430514300063133182e-01 5.560769579729831769e-01 3.132763092265000715e+00 2.696131514033095478e-01
8.630999999999999783e-01 1.393918557774935230e-01 1.428006793506315930e-01 5.480777143199857537e-01 3.138198651796546557e+00 2.706257863708682043e-01
8.638000000000000123e-01 1.391176154940010345e-01 1.425509641777880643e-01 5.406288028768428955e-01 3.142852663182141626e+00 2.717976400017306782e-01
8.645000000000000462e-01 1.388433752105085461e-01 1.423012490049445355e-01 5.331798914336998152e-01 3.147506674567736695e+00 2.729694936325932630e-01
8.651999999999999691e-01 1.385691349270160855e-01 1.420515338321010901e-01 5.257309799905581782e-01 3.152160685953330876e+00 2.741413472634555704e-01
8.659000000000000030e-01 1.382948946435236248e-01 1.418018186592575614e-01 5.182820685474153199e-01 3.156814697338925502e+00 2.753132008943181552e-01
8.666000000000000369e-01 1.380206543600310809e-01 1.415521034864140326e-01 5.108331571042722397e-01 3.161468708724520571e+00 2.764850545251806291e-01
8.672999999999999599e-01 1.377464140765386480e-01 1.413023883135705594e-01 5.033842456611306027e-01 3.166122720110114752e+00 2.776569081560429919e-01
8.679999999999999938e-01 1.374721737930461596e-01 1.410526731407270307e-01 4.959353342179876889e-01 3.170776731495709821e+00 2.788287617869055768e-01
8.687000000000000277e-01 1.371979335095536712e-01 1.408029579678835019e-01 4.884864227748446641e-01 3.175430742881304891e+00 2.800006154177681061e-01
8.693999999999999506e-01 1.369236932260612105e-01 1.405532427950400565e-01 4.810375113317029161e-01 3.180084754266899072e+00 2.811724690486304690e-01
8.700999999999999845e-01 1.366514403418488677e-01 1.403047002691126532e-01 4.741549568033399109e-01 3.183886588173682419e+00 2.825687876318992431e-01
8.708000000000000185e-01 1.363810588608497520e-01 1.400572619476743996e-01 4.678057033386995300e-01 3.186885982586798338e+00 2.841764701003132165e-01
8.714999999999999414e-01 1.361106773798506919e-01 1.398098236262361738e-01 4.614564498740602594e-01 3.189885376999913813e+00 2.857841525687268569e-01
8.721999999999999753e-01 1.358402958988515485e-01 1.395623853047979201e-01 4.551071964094197675e-01 3.192884771413030176e+00 2.873918350371408303e-01
8.729000000000000092e-01 1.355699144178524607e-01 1.393149469833596665e-01 4.487579429447794976e-01 3.195884165826146095e+00 2.889995175055548038e-01
8.736000000000000432e-01 1.352995329368533450e-01 1.390675086619214129e-01 4.424086894801391168e-01 3.198883560239262014e+00 2.906071999739686662e-01
8.742999999999999661e-01 1.350291514558542849e-01 1.388200703404831871e-01 4.360594360154998461e-01 3.201882954652377489e+00 2.922148824423824176e-01
8.750000000000000000e-01 1.347587699748551415e-01 1.385726320190449334e-01 4.297101825508594652e-01 3.204882349065493408e+00 2.938225649107963355e-01
8.757000000000000339e-01 1.344883884938560259e-01 1.383251936976066798e-01 4.233609290862191954e-01 3.207881743478609327e+00 2.954302473792103090e-01
8.763999999999999568e-01 1.342180070128569380e-01 1.380777553761684540e-01 4.170116756215798137e-01 3.210881137891724801e+00 2.970379298476240049e-01
8.770999999999999908e-01 1.339495466380614119e-01 1.378314736618623526e-01 4.111572886171444563e-01 3.213079173120281240e+00 2.989132873843728389e-01
8.778000000000000247e-01 1.336830462582590251e-01 1.375863719677882513e-01 4.058077856125943961e-01 3.214459627318437374e+00 3.010617385131071910e-01
8.784999999999999476e-01 1.334165458784566383e-01 1.373412702737142055e-01 4.004582826080452240e-01 3.215840081516592619e+00 3.032101896418411546e-01
8.791999999999999815e-01 1.331500454986542237e-01 1.370961685796400764e-01 3.951087796034952193e-01 3.217220535714748308e+00 3.053586407705755068e-01
8.799000000000000155e-01 1.328835451188518091e-01 1.368510668855659751e-01 3.897592765989451591e-01 3.218600989912903998e+00 3.075070918993098035e-01
8.805999999999999384e-01 1.326170447390494500e-01 1.366059651914919015e-01 3.844097735943959870e-01 3.219981444111059243e+00 3.096555430280438226e-01
8.812999999999999723e-01 1.323505443592470354e-01 1.363608634974178002e-01 3.790602705898459268e-01 3.221361898309214933e+00 3.118039941567781193e-01
8.820000000000000062e-01 1.320840439794445931e-01 1.361157618033436711e-01 3.737107675852959776e-01 3.222742352507370622e+00 3.139524452855124714e-01
8.827000000000000401e-01 1.318175435996422062e-01 1.358706601092695976e-01 3.683612645807459729e-01 3.224122806705526312e+00 3.161008964142468236e-01
8.833999999999999631e-01 1.315510432198398472e-01 1.356255584151955240e-01 3.630117615761967453e-01 3.225503260903682001e+00 3.182493475429808427e-01
8.840999999999999970e-01 1.312863944210414802e-01 1.353815967678708154e-01 3.580854149487778804e-01 3.226133346213368558e+00 3.207086441673899779e-01
8.848000000000000309e-01 1.310237925176991336e-01 1.351388954253914254e-01 3.536268614471325122e-01 3.225933909798250454e+00 3.235115758967223032e-01
8.854999999999999538e-01 1.307611906143568148e-01 1.348961940829120632e-01 3.491683079454879213e-01 3.225734473383131906e+00 3.263145076260542399e-01
8.861999999999999877e-01 1.304985887110144127e-01 1.346534927404327009e-01 3.447097544438426642e-01 3.225535036968012914e+00 3.291174393553865096e-01
8.869000000000000217e-01 1.302359868076720939e-01 1.344107913979533109e-01 3.402512009421973516e-01 3.225335600552895254e+00 3.319203710847188904e-01
8.875999999999999446e-01 1.299733849043297751e-01 1.341680900554739486e-01 3.357926474405527606e-01 3.225136164137776706e+00 3.347233028140507716e-01
8.882999999999999785e-01 1.297107830009874008e-01 1.339253887129945586e-01 3.313340939389075035e-01 3.224936727722658603e+00 3.375262345433830968e-01
8.890000000000000124e-01 1.294481810976450264e-01 1.336826873705151686e-01 3.268755404372621909e-01 3.224737291307540055e+00 3.403291662727154776e-01
8.897000000000000464e-01 1.291855791943027076e-01 1.334399860280358063e-01 3.224169869356168783e-01 3.224537854892421507e+00 3.431320980020478029e-01
8.903999999999999693e-01 1.289229772909603611e-01 1.331972846855564441e-01 3.179584334339723428e-01 3.224338418477303403e+00 3.459350297313797395e-01
8.911000000000000032e-01 1.286621546247267989e-01 1.329557043571286123e-01 3.138544088914134722e-01 3.223437857983125543e+00 3.490895010882743565e-01
8.918000000000000371e-01 1.284034639078042161e-01 1.327154672702074989e-01 3.101751943791258292e-01 3.221697184055008822e+00 3.526652005451557659e-01
8.924999999999999600e-01 1.281447731908816889e-01 1.324752301832864132e-01 3.064959798668387969e-01 3.219956510126892102e+00 3.562409000020366201e-01
8.931999999999999940e-01 1.278860824739591062e-01 1.322349930963652997e-01 3.028167653545510984e-01 3.218215836198775381e+00 3.598165994589179739e-01
8.939000000000000279e-01 1.276273917570365235e-01 1.319947560094441863e-01 2.991375508422634555e-01 3.216475162270658661e+00 3.633922989157993277e-01
8.945999999999999508e-01 1.273687010401139685e-01 1.317545189225230728e-01 2.954583363299764232e-01 3.214734488342541940e+00 3.669679983726801820e-01
8.952999999999999847e-01 1.271100103231913858e-01 1.315142818356019594e-01 2.917791218176887247e-01 3.212993814414424776e+00 3.705436978295615358e-01
8.960000000000000187e-01 1.268513196062688031e-01 1.312740447486808459e-01 2.880999073054010817e-01 3.211253140486308055e+00 3.741193972864429451e-01
8.966999999999999416e-01 1.265926288893462481e-01 1.310338076617597602e-01 2.844206927931139939e-01 3.209512466558191779e+00 3.776950967433237993e-01
8.973999999999999755e-01 1.263339381724236932e-01 1.307935705748386468e-01 2.807414782808262954e-01 3.207771792630075058e+00 3.812707962002051532e-01
8.981000000000000094e-01 1.260769519189427756e-01 1.305544320081158949e-01 2.773535782352781198e-01 3.205376901256229871e+00 3.852335702324143907e-01
8.988000000000000433e-01 1.258221806824690037e-01 1.303167210114205277e-01 2.743442527501930850e-01 3.202131828685632176e+00 3.896993628371696050e-01
8.994999999999999662e-01 1.255674094459952872e-01 1.300790100147252160e-01 2.713349272651086053e-01 3.198886756115034480e+00 3.941651554419240422e-01
9.002000000000000002e-01 1.253126382095215152e-01 1.298412990180298765e-01 2.683256017800235704e-01 3.195641683544436784e+00 3.986309480466791455e-01
9.009000000000000341e-01 1.250578669730477710e-01 1.296035880213345093e-01 2.653162762949385911e-01 3.192396610973839088e+00 4.030967406514343598e-01
9.015999999999999570e-01 1.248030957365740545e-01 1.293658770246391976e-01 2.623069508098540559e-01 3.189151538403241393e+00 4.075625332561887970e-01
9.022999999999999909e-01 1.245483245001002964e-01 1.291281660279438304e-01 2.592976253247690765e-01 3.185906465832644141e+00 4.120283258609439558e-01
9.030000000000000249e-01 1.242935532636265245e-01 1.288904550312484909e-01 2.562882998396840972e-01 3.182661393262046001e+00 4.164941184656991147e-01
9.036999999999999478e-01 1.240387820271527941e-01 1.286527440345531514e-01 2.532789743545995620e-01 3.179416320691448750e+00 4.209599110704536074e-01
9.043999999999999817e-01 1.237840107906790221e-01 1.284150330378578120e-01 2.502696488695146382e-01 3.176171248120850610e+00 4.254257036752087107e-01
9.051000000000000156e-01 1.235308671795487950e-01 1.281783941938958171e-01 2.474952734775941188e-01 3.172316989182756952e+00 4.303062428917588389e-01
9.057999999999999385e-01 1.232800195423330303e-01 1.279432677586204714e-01 2.450523252702344612e-01 3.167603394885684764e+00 4.357718352998253275e-01
9.064999999999999725e-01 1.230291719051172794e-01 1.277081413233450979e-01 2.426093770628744151e-01 3.162889800588611688e+00 4.412374277078927043e-01
9.072000000000000064e-01 1.227783242679015285e-01 1.274730148880697522e-01 2.401664288555143412e-01 3.158176206291539057e+00 4.467030201159601366e-01
9.079000000000000403e-01 1.225274766306857777e-01 1.272378884527943788e-01 2.377234806481542950e-01 3.153462611994465981e+00 4.521686125240275134e-01
9.085999999999999632e-01 1.222766289934700268e-01 1.270027620175190608e-01 2.352805324407946375e-01 3.148749017697393793e+00 4.576342049320940020e-01
9.092999999999999972e-01 1.220257813562542759e-01 1.267676355822436873e-01 2.328375842334346191e-01 3.144035423400320717e+00 4.630997973401613788e-01
9.100000000000000311e-01 1.217749337190385250e-01 1.265325091469683416e-01 2.303946360260745452e-01 3.139321829103248085e+00 4.685653897482288111e-01
9.106999999999999540e-01 1.215240860818228297e-01 1.262973827116930514e-01 2.279516878187148876e-01 3.134608234806175897e+00 4.740309821562952997e-01
9.113999999999999879e-01 1.212732384446070788e-01 1.260622562764177057e-01 2.255087396113548970e-01 3.129894640509102821e+00 4.794965745643627320e-01
9.121000000000000218e-01 1.210239398728773230e-01 1.258281716780813297e-01 2.232519034870562025e-01 3.124616172484618204e+00 4.853942605931185206e-01
9.127999999999999448e-01 1.207770160106743790e-01 1.255956842104839488e-01 2.212803762413594333e-01 3.118471755903393206e+00 4.919543439490196013e-01
9.134999999999999787e-01 1.205300921484714627e-01 1.253631967428865679e-01 2.193088489956624421e-01 3.112327339322167319e+00 4.985144273049219033e-01
9.142000000000000126e-01 1.202831682862686713e-01 1.251307092752893257e-01 2.173373217499655341e-01 3.106182922740940544e+00 5.050745106608244273e-01
9.148999999999999355e-01 1.200362444240661575e-01 1.248982218076923750e-01 2.153657945042692090e-01 3.100038506159715990e+00 5.116345940167258410e-01
9.155999999999999694e-01 1.197893205618639906e-01 1.246657343400957851e-01 2.133942672585729117e-01 3.093894089578490547e+00 5.181946773726289202e-01
9.163000000000000034e-01 1.195423966996625453e-01 1.244332468724999169e-01 2.114227400128774192e-01 3.087749672997265105e+00 5.247547607285327764e-01
9.170000000000000373e-01 1.192954728374623768e-01 1.242007594049052976e-01 2.094512127671832036e-01 3.081605256416041883e+00 5.313148440844377429e-01
9.176999999999999602e-01 1.190485489752644843e-01 1.239682719373129682e-01 2.074796855214914859e-01 3.075460839834821325e+00 5.378749274403440417e-01
9.183999999999999941e-01 1.188016251130705053e-01 1.237357844697245524e-01 2.055081582758034042e-01 3.069316423253604320e+00 5.444350107962552254e-01
9.191000000000000281e-01 1.185561703556597124e-01 1.235043046926225796e-01 2.036815052383193769e-01 3.062652181823502406e+00 5.514322583444711823e-01
9.197999999999999510e-01 1.183131667249465446e-01 1.232745061959050065e-01 2.020965674573047544e-01 3.055120639041252861e+00 5.591588921386704270e-01
9.204999999999999849e-01 1.180701630942538327e-01 1.230447076992078753e-01 2.005116296763103934e-01 3.047589096259023744e+00 5.668855259328914320e-01
9.212000000000000188e-01 1.178271594635964120e-01 1.228149092025460215e-01 1.989266918953512542e-01 3.040057553476829266e+00 5.746121597271476311e-01
9.218999999999999417e-01 1.175841558329992070e-01 1.225851107059443557e-01 1.973417541144526222e-01 3.032526010694696073e+00 5.823387935214628941e-01
9.225999999999999757e-01 1.173411522025043369e-01 1.223553122094450524e-01 1.957568163336560474e-01 3.024994467912664575e+00 5.900654273158816299e-01
9.233000000000000096e-01 1.170981485721825366e-01 1.221255137131188467e-01 1.941718785530325841e-01 3.017462925130805829e+00 5.977920611104735604e-01
9.240000000000000435e-01 1.168551449421520450e-01 1.218957152170839497e-01 1.925869407727004157e-01 3.009931382349238849e+00 6.055186949053567025e-01
9.246999999999999664e-01 1.166121413126092604e-01 1.216659167215367182e-01 1.910020029928561625e-01 3.002399839568159479e+00 6.132453287007264553e-01
9.254000000000000004e-01 1.163691376838788122e-01 1.214361182268018508e-01 1.894170652138240374e-01 2.994868296787892348e+00 6.209719624969096685e-01
9.261000000000000343e-01 1.161275220997457919e-01 1.212072896694662005e-01 1.879429979295535735e-01 2.986864086789490003e+00 6.291273547251499121e-01
9.267999999999999572e-01 1.158884316586624719e-01 1.209802256307857676e-01 1.866706272513435627e-01 2.977999996314931952e+00 6.380627481685405833e-01
9.274999999999999911e-01 1.156493412212212246e-01 1.207531615957474491e-01 1.853982565767754165e-01 2.969135905844013656e+00 6.469981416155744514e-01
9.282000000000000250e-01 1.154102507897247221e-01 1.205260975666538892e-01 1.841258859081520705e-01 2.960271815379040827e+00 6.559335350685533417e-01
9.288999999999999480e-01 1.151711603678822332e-01 1.202990335472142874e-01 1.828535152491828353e-01 2.951407724923722942e+00 6.648689285311846220e-01
9.295999999999999819e-01 1.149320699616374203e-01 1.200719695433723755e-01 1.815811446058111511e-01 2.942543634484001913e+00 6.738043220094150909e-01
9.303000000000000158e-01 1.146929795804653013e-01 1.198449055646031713e-01 1.803087739875121609e-01 2.933679544069352829e+00 6.827397155127181705e-01
9.309999999999999387e-01 1.144538892393913154e-01 1.196178416259320865e-01 1.790364034093114565e-01 2.924815453694803669e+00 6.916751090561179538e-01
9.316999999999999726e-01 1.142147989621181969e-01 1.193907777510618828e-01 1.777640328949114390e-01 2.915951363384053252e+00 7.006105026633201449e-01
9.324000000000000066e-01 1.139757087858420392e-01 1.191637139771886261e-01 1.764916624815084101e-01 2.907087273174301156e+00 7.095458963715193246e-01
9.331000000000000405e-01 1.137379249295830813e-01 1.189375792119918562e-01 1.753027382504429021e-01 2.897800755934303751e+00 7.188878965535594467e-01
9.337999999999999634e-01 1.135027380018174131e-01 1.187132912713055183e-01 1.742797069615853733e-01 2.887674443573180927e+00 7.290382400776813654e-01
9.344999999999999973e-01 1.132675514625617191e-01 1.184890037191291406e-01 1.732566760612377632e-01 2.877548131600566439e+00 7.391885839903147293e-01
9.352000000000000313e-01 1.130323655258321514e-01 1.182647167694789309e-01 1.722336457634162377e-01 2.867421820230477980e+00 7.493389285054743443e-01
9.358999999999999542e-01 1.127971805187468340e-01 1.180404307494729715e-01 1.712106163952391014e-01 2.857295509790035215e+00 7.594892739502765444e-01
9.365999999999999881e-01 1.125619969386563168e-01 1.178161461564618123e-01 1.701875884540566541e-01 2.847169200776585640e+00 7.696396208220751545e-01
9.373000000000000220e-01 1.123268155377315364e-01 1.175918637426163343e-01 1.691645626920398882e-01 2.837042893942301802e+00 7.797899698730393903e-01
9.379999999999999449e-01 1.120916374474899557e-01 1.173675846394541256e-01 1.681415402407065718e-01 2.826916590418702580e+00 7.899403222346853548e-01
9.386999999999999789e-01 1.118564643610696074e-01 1.171433105401131075e-01 1.671185227931942519e-01 2.816790291898923382e+00 8.000906796001542309e-01
9.394000000000000128e-01 1.116212987984943894e-01 1.169190439646172336e-01 1.660955128695271177e-01 2.806664000902989287e+00 8.102410444894682096e-01
9.400999999999999357e-01 1.113873682092951373e-01 1.166956733738234303e-01 1.651342998988686028e-01 2.796168971253163438e+00 8.207628765105950963e-01
9.407999999999999696e-01 1.111561200486614331e-01 1.164742467776685997e-01 1.643076941786503209e-01 2.784870694219632625e+00 8.320938839423661637e-01
9.415000000000000036e-01 1.109248966820625126e-01 1.162528449755485666e-01 1.634811132524668364e-01 2.773572441980137082e+00 8.434249161681721674e-01
9.422000000000000375e-01 1.106937098303548278e-01 1.160314796883197275e-01 1.626545688411746016e-01 2.762274226255532206e+00 8.547559849088693928e-01
9.428999999999999604e-01 1.104625764757982131e-01 1.158101678982420141e-01 1.618280779270335201e-01 2.750976064028080259e+00 8.660871071467156623e-01
9.435999999999999943e-01 1.102315210908806631e-01 1.155889340778033653e-01 1.610016649825314616e-01 2.739677979770265726e+00 8.774183073542032307e-01
9.443000000000000282e-01 1.100005787508332583e-01 1.153678133022348756e-01 1.601753650828995068e-01 2.728380008557321545e+00 8.887496206065605975e-01
9.449999999999999512e-01 1.097697994540049043e-01 1.151468555698854090e-01 1.593492282264866722e-01 2.717082200387598068e+00 9.000810969021353358e-01
9.456999999999999851e-01 1.095392540824163957e-01 1.149261317627757323e-01 1.585233252953135996e-01 2.705784626143112437e+00 9.114128071229518069e-01
9.464000000000000190e-01 1.093090425748511063e-01 1.147057418196893441e-01 1.576977562281637602e-01 2.694487385762649900e+00 9.227448512077913723e-01
9.470999999999999419e-01 1.090804460240749063e-01 1.144866637561574307e-01 1.569176773120176116e-01 2.682878615529994626e+00 9.344024240400127246e-01
9.477999999999999758e-01 1.088552509752652719e-01 1.142702614586289661e-01 1.562460615873855485e-01 2.670523403447175426e+00 9.468390286754904128e-01
9.485000000000000098e-01 1.086309963227305719e-01 1.140547995573754358e-01 1.555753862590284198e-01 2.658169131760631743e+00 9.592765737072427301e-01
9.492000000000000437e-01 1.084080557739586503e-01 1.138406517598846562e-01 1.549060250344340417e-01 2.645816174177850755e+00 9.717154328427580756e-01
9.498999999999999666e-01 1.081869418200712557e-01 1.136283305572784452e-01 1.542384904047242877e-01 2.633465043189956223e+00 9.841561185731557693e-01
9.506000000000000005e-01 1.079683533410652901e-01 1.134185348295536772e-01 1.535734812498958934e-01 2.621116437676941580e+00 9.965993297784371263e-01
9.513000000000000345e-01 1.077532380337661438e-01 1.132122122735357006e-01 1.529119452667743184e-01 2.608771305335633173e+00 1.009046014155424942e+00
9.519999999999999574e-01 1.075428737337590784e-01 1.130106407248098049e-01 1.522551602909449076e-01 2.596430924001619012e+00 1.021497449539703117e+00
9.526999999999999913e-01 1.073389736358670993e-01 1.128155333781989955e-01 1.516048395172304997e-01 2.584097006869718438e+00 1.033955349126098433e+00
9.534000000000000252e-01 1.071438215054298232e-01 1.126291739990429169e-01 1.509632667109708226e-01 2.571771837705271846e+00 1.046421996679948174e+00
9.540999999999999481e-01 1.069615023294436945e-01 1.124553780725776747e-01 1.503657489984183138e-01 2.559205175936410726e+00 1.059170442103113619e+00
9.547999999999999821e-01 1.067977424949215493e-01 1.122994293734361632e-01 1.498692900025901664e-01 2.545985059988499000e+00 1.072648142482209188e+00
9.555000000000000160e-01 1.066549715039037949e-01 1.121644695177990009e-01 1.493938198502664516e-01 2.532785932884091817e+00 1.086146831704809079e+00
9.561999999999999389e-01 1.065399949170305338e-01 1.120573040663064013e-01 1.489461441020872301e-01 2.519614600183831765e+00 1.099673315331551660e+00
9.568999999999999728e-01 1.064616240881113424e-01 1.119867443727678158e-01 1.485350741118620366e-01 2.506479873241523215e+00 1.113236404716250183e+00
9.576000000000000068e-01 1.064311995761672014e-01 1.119641309962043224e-01 1.481719504386119213e-01 2.493393092616190021e+00 1.126847440417923840e+00
9.583000000000000407e-01 1.064632297452131060e-01 1.120039723006308330e-01 1.478712814463518377e-01 2.480368766671846359e+00 1.140520930800587696e+00
9.589999999999999636e-01 1.065761635632854060e-01 1.121247172540837667e-01 1.476515161031181911e-01 2.467425344376531715e+00 1.154275324832275462e+00
9.596999999999999975e-01 1.067933179474126054e-01 1.123496827735915859e-01 1.475359713259394023e-01 2.454586142647269931e+00 1.168133939430020751e+00
9.604000000000000314e-01 1.071439808775428160e-01 1.127081568391024025e-01 1.475539350947636663e-01 2.441880449464010283e+00 1.182126062573768399e+00
9.610999999999999543e-01 1.076656870905660507e-01 1.132374360076566361e-01 1.477647532127776553e-01 2.429150613517581547e+00 1.196497884127345257e+00
9.617999999999999883e-01 1.084056672444400904e-01 1.139842914563998638e-01 1.482577328044170084e-01 2.416067325455811599e+00 1.211699158418790390e+00
9.625000000000000222e-01 1.094169582103285965e-01 1.150024577171575441e-01 1.490220232080708418e-01 2.403255348206056574e+00 1.227171743522249781e+00
9.631999999999999451e-01 1.107680063880141785e-01 1.163603811897123280e-01 1.501260708235218067e-01 2.390783128168100458e+00 1.242984085837504082e+00
9.638999999999999790e-01 1.125420815532577473e-01 1.181413316498250710e-01 1.516531454265306889e-01 2.378733935117699261e+00 1.259219455140318855e+00
9.646000000000000130e-01 1.148398144531463383e-01 1.204459398445828222e-01 1.537038777641845932e-01 2.367208399801944196e+00 1.275978482177778206e+00
9.652999999999999359e-01 1.177819954278125775e-01 1.233949961141182494e-01 1.563990581766162291e-01 2.356327312560968945e+00 1.293381957290013373e+00
9.659999999999999698e-01 1.215126165134098879e-01 1.271324924945847479e-01 1.598826786999788530e-01 2.346234665430921851e+00 1.311573872513181360e+00
9.667000000000000037e-01 1.262021250133297801e-01 1.318288762893738142e-01 1.643251866376640724e-01 2.337100905715198351e+00 1.330724675150672498e+00
9.674000000000000377e-01 1.320508393734798891e-01 1.376844659443930974e-01 1.699269004355795087e-01 2.329126351859704069e+00 1.351034683648393742e+00
9.680999999999999606e-01 1.392933514103633363e-01 1.449336442506012346e-01 1.769373560296854941e-01 2.322407806050434953e+00 1.372885101649983230e+00
9.687999999999999945e-01 1.482022746427208715e-01 1.538485512928133292e-01 1.856630147306556067e-01 2.316905794181467471e+00 1.396880612197190397e+00
9.695000000000000284e-01 1.590855761848739558e-01 1.647378366448209452e-01 1.963630517414211574e-01 2.313378160622294732e+00 1.422850501054193417e+00
9.701999999999999513e-01 1.722975772009515683e-01 1.779558214707531449e-01 2.093917882261114027e-01 2.312179226537049104e+00 1.451149089385118218e+00
9.708999999999999853e-01 1.882387671673811935e-01 1.939029952470373019e-01 2.251497136611535499e-01 2.313709481402152601e+00 1.482176866666397475e+00
9.716000000000000192e-01 2.073579267580282215e-01 2.130281386475388894e-01 2.440856087204131275e-01 2.318417705891474334e+00 1.516382613571894300e+00
9.722999999999999421e-01 2.301534326156255139e-01 2.358296283149907691e-01 2.666978500466229973e-01 2.326802276647748080e+00 1.554264706744338698e+00
9.729999999999999760e-01 2.571735148548668914e-01 2.628556943640866783e-01 2.935346677544769523e-01 2.339411423785663580e+00 1.596371376298429734e+00
9.737000000000000099e-01 2.890152261195991223e-01 2.947033894386734132e-01 3.251931144878216773e-01 2.356842199949070071e+00 1.643299674878011540e+00
9.744000000000000439e-01 3.263218767199864145e-01 3.320160238489153204e-01 3.623165005568215746e-01 2.379737915448131957e+00 1.695692912793248741e+00
9.750999999999999668e-01 3.697795067140204894e-01 3.754794557013732548e-01 4.056008952202164730e-01 2.408700262340769616e+00 1.754323624960300476e+00
9.758000000000000007e-01 4.201110876684707174e-01 4.258161719258287681e-01 4.557959833364889080e-01 2.444227546959912178e+00 1.820145166446676566e+00
9.765000000000000346e-01 4.780615146637487434e-01 4.837717341911120239e-01 5.136099174935891964e-01 2.487373677619881374e+00 1.893585553973880176e+00
9.771999999999999575e-01 5.443948404121454754e-01 5.501101952095140968e-01 5.798067504038081355e-01 2.538902707032972383e+00 1.975408840254200271e+00
9.778999999999999915e-01 6.198780037770129647e-01 6.255984938443867049e-01 6.551534209304977763e-01 2.599581574062531431e+00 2.066381964150993067e+00
9.786000000000000254e-01 7.052650800773401230e-01 7.109907054147192040e-01 7.404040043926470860e-01 2.670164354027550591e+00 2.167259000983245976e+00
9.792999999999999483e-01 8.012791521658728655e-01 8.070099127732570654e-01 8.362815836430019800e-01 2.751374129780776556e+00 2.278763033603701693e+00
9.799999999999999822e-01 9.085919724646520645e-01 9.143278683420414943e-01 9.434579111036033305e-01 2.843882653744247868e+00 2.401565814434406754e+00
9.807000000000000162e-01 1.027801695954615235e+00 1.033542727102009895e+00 1.062531141755388653e+00 2.948288080898902486e+00 2.536265498456295564e+00
9.813999999999999391e-01 1.159409080153974703e+00 1.165155246571374592e+00 1.194002033116570161e+00 3.065091168762955842e+00 2.683362843187577784e+00
9.820999999999999730e-01 1.303793395627713014e+00 1.309544540445227945e+00 1.338256435820411205e+00 3.194634221828215104e+00 2.843268796509672569e+00
9.828000000000000069e-01 1.461188050716109021e+00 1.466943523813161621e+00 1.495548448112606899e+00 3.337034414905917679e+00 3.016316370695961258e+00
9.835000000000000409e-01 1.631648839618003111e+00 1.637408640994593600e+00 1.665906594218300674e+00 3.492500741797117669e+00 3.202430078695748250e+00
9.841999999999999638e-01 1.815038580734156470e+00 1.820802710390284851e+00 1.849193692538254163e+00 3.660896020902579817e+00 3.401472738909792071e+00
9.848999999999999977e-01 2.011002441113365791e+00 2.016770899049032284e+00 2.045054910121263170e+00 3.841865419271095039e+00 3.613089518386894294e+00
9.856000000000000316e-01 2.218949266590288349e+00 2.224722052805492734e+00 2.252899092801985859e+00 4.034817782737324166e+00 3.836689262961709534e+00
9.862999999999999545e-01 2.438036827310452903e+00 2.443813941805195178e+00 2.471884010725950098e+00 4.238910881446797063e+00 4.071429742779764993e+00
9.869999999999999885e-01 2.667161880307719279e+00 2.672943323081999445e+00 2.700906420927016605e+00 4.453041472433369563e+00 4.316207714874924051e+00
9.877000000000000224e-01 2.904955877838021117e+00 2.910741648891839617e+00 2.938597775661118128e+00 4.675841007952977968e+00 4.569654631503119013e+00
9.883999999999999453e-01 3.149787035324900675e+00 3.155577134658256622e+00 3.183326290351797372e+00 4.905677703429166314e+00 4.830138708087888588e+00
9.890999999999999792e-01 3.399769966126449994e+00 3.405564260045470970e+00 3.433210787143209597e+00 5.140668761393180297e+00 5.095759528073370070e+00
9.898000000000000131e-01 3.652783075608174723e+00 3.658580930987851865e+00 3.686145393877531706e+00 5.378702259409105402e+00 5.364339350594747202e+00
9.904999999999999361e-01 3.906484971791805538e+00 3.912286388632139289e+00 3.939768787313759901e+00 5.617424544126938812e+00 5.633607959818027311e+00
9.911999999999999700e-01 4.158354031165570674e+00 4.164159009466560590e+00 4.191559343940122417e+00 5.854313992034905212e+00 5.901043732231444849e+00
9.919000000000000039e-01 4.405723238537453845e+00 4.411531778299100814e+00 4.438850048564602524e+00 6.086703587940989202e+00 6.163979652642979978e+00
9.926000000000000378e-01 4.645824369408060761e+00 4.651636470630363007e+00 4.678872676687806376e+00 6.311825107345796937e+00 6.419647496553238852e+00
9.932999999999999607e-01 4.875837519631073036e+00 4.881653182314032335e+00 4.908807324163416475e+00 6.526858646103011807e+00 6.665227359815901309e+00
9.939999999999999947e-01 5.092944815313573237e+00 5.098764039457189590e+00 5.125836117098514499e+00 6.728986330319713716e+00 6.897901368538054356e+00
9.947000000000000286e-01 5.294386921409979685e+00 5.300209707014251315e+00 5.327199720447517883e+00 6.915448824950320095e+00 7.114910187674112763e+00
9.953999999999999515e-01 5.477520796312771445e+00 5.483347143377700128e+00 5.510255092602907467e+00 7.083603088387315339e+00 7.313610775616553816e+00
9.960999999999999854e-01 5.639877591596065720e+00 5.645707387784263176e+00 5.672535999018973207e+00 7.231013340545979773e+00 7.491482704171938067e+00
9.968000000000000194e-01 5.779219243463938227e+00 5.785051873108166376e+00 5.811816087440836220e+00 7.355589680977190348e+00 7.646056805390975875e+00
9.974999999999999423e-01 5.893582124464965766e+00 5.899417587565225496e+00 5.926117404995855154e+00 7.455187250541558619e+00 7.775652135743166937e+00
9.981999999999999762e-01 5.981331640477492329e+00 5.987169937033782752e+00 6.013805357562370446e+00 7.528171455117422362e+00 7.878634101106857912e+00
9.989000000000000101e-01 6.041197905605174334e+00 6.047039035617495450e+00 6.073610059244043846e+00 7.573272408808442435e+00 7.953732815585706106e+00
9.996000000000000441e-01 6.072306249237788833e+00 6.078150212706141531e+00 6.104656839430649740e+00 7.589615441004395890e+00 8.000073608569486794e+00
1.000299999999999967e+00 6.074198408849034614e+00 6.080045205773418004e+00 6.106487435595886026e+00 7.576742289178980627e+00 8.017198217531895210e+00
1.000999999999999890e+00 6.046843690821547490e+00 6.052693321201962462e+00 6.079071154122389409e+00 7.534622259714835124e+00 8.005075948855571610e+00
1.001700000000000035e+00 5.990639719372643945e+00 5.996492183209090499e+00 6.022805619227476370e+00 7.463652976829266095e+00 7.964104426757835142e+00
1.002399999999999958e+00 5.906402748039233153e+00 5.912258045331710399e+00 5.938507084448057860e+00 7.364650694059196034e+00 7.895099904775587873e+00
1.003099999999999881e+00 5.795348354869643615e+00 5.801206392902321873e+00 5.827392694559150321e+00 7.238884839162052387e+00 7.799201163017276173e+00
1.003800000000000026e+00 5.659063903483344760e+00 5.664924084446690600e+00 5.691058348333101868e+00 7.088236136112875840e+00 7.677577188265691355e+00
1.004499999999999948e+00 5.499462829507704598e+00 5.505325153401718907e+00 5.531407379517711220e+00 6.914270810474364204e+00 7.532636590924760789e+00
1.005200000000000093e+00 5.318748763459176132e+00 5.324613230283858023e+00 5.350643418629432269e+00 6.719192492762958935e+00 7.366583001510945472e+00
1.005900000000000016e+00 5.119361743872784309e+00 5.125228353628134670e+00 5.151206504203290848e+00 6.505441221513694749e+00 7.181856458559263245e+00
1.006599999999999939e+00 4.903923487625415412e+00 4.909792240311433353e+00 4.935718353116171464e+00 6.275638713603454377e+00 6.981078678946603056e+00
1.007300000000000084e+00 4.675180261002542359e+00 4.681051156619228770e+00 4.706925231653548813e+00 6.032531235317703633e+00 6.766995928958444040e+00
1.008000000000000007e+00 4.435945081463271933e+00 4.441818120010625925e+00 4.467640157274527901e+00 5.778931804115561732e+00 6.542421226053882322e+00
1.008699999999999930e+00 4.189040932615915480e+00 4.194916114093937054e+00 4.220686113587420962e+00 5.517663403605332029e+00 6.310177553841234577e+00
1.009400000000000075e+00 3.937246565408536458e+00 3.943123889817226058e+00 3.968841851540291898e+00 5.251504784735076647e+00 6.073043663268569148e+00
1.010099999999999998e+00 3.683246708305321082e+00 3.689126100898453497e+00 3.714792997516901618e+00 4.983205648713540548e+00 5.833613889161497923e+00
1.010799999999999921e+00 3.429589026324329382e+00 3.435469907490826813e+00 3.461093281430689839e+00 4.715752511552678605e+00 5.593825343014440676e+00
1.011500000000000066e+00 3.178636878510245456e+00 3.184519248250107903e+00 3.210099099511385834e+00 4.451004908558719997e+00 5.356742331034296534e+00
1.012199999999999989e+00 2.932546521748018886e+00 2.938430380061246794e+00 2.963966708643939185e+00 4.191119096616623629e+00 5.124521110106004862e+00
1.012899999999999912e+00 2.693239158261699462e+00 2.699124505148291941e+00 2.724617311052399682e+00 3.938016277950434407e+00 4.899082882453621224e+00
1.013600000000000056e+00 2.462383611254665983e+00 2.468270446714623478e+00 2.493719729940146124e+00 3.693365275763526689e+00 4.682096471280527084e+00
1.014299999999999979e+00 2.241386316462644857e+00 2.247274640495967368e+00 2.272680401042904474e+00 3.458572525791635321e+00 4.474968312322440411e+00
1.014999999999999902e+00 2.031388296012870853e+00 2.037278108619558381e+00 2.062640346487910392e+00 3.234779050161991520e+00 4.278839427706602194e+00
1.015700000000000047e+00 1.833268582079323084e+00 1.839159883259375405e+00 1.864478598449142321e+00 3.022863881048569290e+00 4.094588849606992653e+00
1.016399999999999970e+00 1.647653396281464566e+00 1.653546186034881682e+00 1.678821378546063281e+00 2.823453240070840309e+00 3.922842799643069256e+00
1.017099999999999893e+00 1.474930607788933701e+00 1.480824827768325358e+00 1.506057040656502588e+00 2.637002095001375501e+00 3.763896267274045915e+00
1.017800000000000038e+00 1.315270136106221788e+00 1.321165225183491110e+00 1.346359681025738775e+00 2.464258555433787024e+00 3.617118825563497175e+00
1.018499999999999961e+00 1.168636500651255350e+00 1.174532458826402115e+00 1.199689157622720215e+00 2.304541852093948684e+00 3.483368220080688804e+00
1.019199999999999884e+00 1.034821696519867995e+00 1.040718523792892647e+00 1.065837465543281182e+00 2.157643980077689427e+00 3.362436445921459960e+00
1.019900000000000029e+00 9.134666999576388502e-01 9.193643963285410559e-01 9.444455810329999146e-01 2.023205915630583718e+00 3.253964479331393100e+00
1.020599999999999952e+00 8.040866769908090461e-01 8.099852424595889167e-01 8.350286701181180993e-01 1.900742824778881790e+00 3.157467486336722473e+00
1.021300000000000097e+00 7.060958995384795100e-01 7.119953341051370455e-01 7.370010047177366630e-01 1.789668979441675578e+00 3.072359738856555111e+00
1.022000000000000020e+00 6.188317252208951347e-01 6.247320288854303350e-01 6.496999424521002764e-01 1.689321737239219301e+00 2.997978594511129025e+00
1.022699999999999942e+00 5.415771103692960109e-01 5.474782831317087650e-01 5.724084396524490304e-01 1.598984054502748275e+00 2.933607009631688634e+00
1.023400000000000087e+00 4.735812433690125278e-01 4.794832852293030023e-01 5.043756847041136471e-01 1.517905119617588339e+00 2.878494172603567769e+00
1.024100000000000010e+00 4.140782652011320009e-01 4.199811327192229937e-01 4.448360586689028562e-01 1.445380483535829708e+00 2.831788803696045242e+00
1.024799999999999933e+00 3.623058619297037097e-01 3.682090126916593431e-01 3.930300052948327849e-01 1.381353217123477028e+00 2.791747405121405734e+00
1.025500000000000078e+00 3.175098476372677503e-01 3.234132816430879132e-01 3.482003408997550453e-01 1.324302339690112795e+00 2.758682395525762221e+00
1.026200000000000001e+00 2.789649706343507174e-01 2.848686878840354653e-01 3.096218137941962323e-01 1.273502599546271430e+00 2.731868523219634248e+00
1.026899999999999924e+00 2.459804815570837133e-01 2.518844820506330184e-01 2.766036746142874203e-01 1.228263247328080121e+00 2.710615038839156554e+00
1.027600000000000069e+00 2.179067717786298819e-01 2.238110555160437443e-01 2.484963147331917810e-01 1.187934674408698044e+00 2.694272333757495197e+00
1.028299999999999992e+00 1.941399845567690352e-01 2.000445515380474548e-01 2.246958774086891264e-01 1.151913024045912559e+00 2.682236551232423327e+00
1.028999999999999915e+00 1.741248188908669503e-01 1.800296691160099549e-01 2.046470616401452058e-01 1.119642995239086281e+00 2.673952390263309997e+00
1.029700000000000060e+00 1.573557645784862125e-01 1.632608980474938298e-01 1.878443572251226878e-01 1.090619077785777158e+00 2.668914340647722483e+00
1.030399999999999983e+00 1.433770138172517083e-01 1.492824305301238830e-01 1.738319563612464036e-01 1.064385463883618321e+00 2.666666594583276595e+00
1.031099999999999905e+00 1.317814815891364955e-01 1.376871515988038197e-01 1.622028777308129333e-01 1.040584537098843576e+00 2.666732432059041979e+00
1.031800000000000050e+00 1.222115366837591699e-01 1.281169364710823821e-01 1.526011992584035137e-01 1.019673981776549221e+00 2.667606534018550857e+00
1.032499999999999973e+00 1.143469556591868580e-01 1.202520852241659860e-01 1.447048846667991218e-01 1.000468790335063751e+00 2.670185999858861514e+00
1.033199999999999896e+00 1.079115954261758575e-01 1.138164547688108735e-01 1.382377908667560829e-01 9.826928196851391073e-01 2.674194686490733996e+00
1.033900000000000041e+00 1.026667005482734540e-01 1.085712896685643580e-01 1.329611624218215715e-01 9.661073143903197158e-01 2.679393838477718059e+00
1.034599999999999964e+00 9.840739995118807926e-02 1.043117188491348712e-01 1.286701282577041305e-01 9.505074033763206698e-01 2.685578584745515585e+00
1.035299999999999887e+00 9.495919118288993765e-02 1.008632398584926315e-01 1.251901859223739089e-01 9.357185841911092039e-01 2.692574422842100468e+00
1.036000000000000032e+00 9.217450648553696113e-02 9.807828493879555687e-02 1.223737676579888800e-01 9.215932890768390173e-01 2.700233785009633625e+00
1.036699999999999955e+00 8.992943259475801032e-02 9.583294082567248018e-02 1.200969602001778491e-01 9.080076047691467700e-01 2.708432757983738171e+00
1.037400000000000100e+00 8.812063609584645796e-02 9.402387410441682969e-02 1.182564301342342028e-01 8.948581978533182157e-01 2.717068008349713182e+00
1.038100000000000023e+00 8.666264686151196883e-02 9.256559685446917596e-02 1.167667419906125298e-01 8.820926496582531806e-01 2.726006685840179689e+00
1.038799999999999946e+00 8.548827992155977329e-02 9.139043740739251354e-02 1.155616587903754433e-01 8.705478297505192531e-01 2.733885619300351344e+00
1.039500000000000091e+00 8.453662513023969816e-02 9.043799010894794377e-02 1.145792877387704634e-01 8.592257219914142263e-01 2.741987264909158561e+00
1.040200000000000014e+00 8.376094024855350317e-02 8.966151272013724027e-02 1.137728865967993636e-01 8.480795841419463965e-01 2.750264880427595759e+00
1.040899999999999936e+00 8.312350853390688965e-02 8.902328849836614599e-02 1.131047386218678452e-01 8.370716994595180926e-01 2.758680749113073372e+00
1.041600000000000081e+00 8.259408771336029798e-02 8.849307517069504581e-02 1.125446015410363487e-01 8.261718256711866326e-01 2.767204628692653934e+00
1.042300000000000004e+00 8.214857976684651619e-02 8.804677471705678327e-02 1.120683773342376621e-01 8.153558647568911466e-01 2.775812421146263809e+00
1.042999999999999927e+00 8.176790094833744083e-02 8.766530339142322714e-02 1.116569822554436958e-01 8.046047329706004225e-01 2.784485042727878668e+00
1.043700000000000072e+00 8.143703064358571997e-02 8.733364057954699777e-02 1.112953956904070840e-01 7.939034096980637223e-01 2.793207472823254545e+00
1.044399999999999995e+00 8.114421776509683770e-02 8.704003519393362087e-02 1.109718665516332692e-01 7.832401438517931913e-01 2.801967960344889264e+00
1.045099999999999918e+00 8.088037228800080969e-02 8.677539030395441111e-02 1.106773106765817083e-01 7.726198318257454511e-01 2.810736865142176022e+00
1.045800000000000063e+00 8.064176346953917662e-02 8.653549669642721098e-02 1.104084034981701185e-01 7.630078018961057307e-01 2.818086626331694156e+00
1.046499999999999986e+00 8.041958166928107887e-02 8.631203010710354617e-02 1.101559233379620639e-01 7.534121989846724876e-01 2.825452814539413993e+00
1.047199999999999909e+00 8.020967988409626048e-02 8.610084353285314684e-02 1.099157231928273026e-01 7.438288760883126072e-01 2.832831282762207081e+00
1.047900000000000054e+00 8.000890842503599609e-02 8.589878728472731539e-02 1.096846533738170815e-01 7.342546835180742137e-01 2.840218881311126431e+00
1.048599999999999977e+00 7.981488890466340025e-02 8.570348297528915249e-02 1.094603354934945427e-01 7.246872428865264171e-01 2.847613231798731714e+00
1.049299999999999899e+00 7.962583568135016276e-02 8.551314496291034795e-02 1.092409839102313623e-01 7.151247685520382147e-01 2.855012548583395926e+00
1.050000000000000044e+00 7.944041579549057652e-02 8.532644028798518077e-02 1.090252656644218054e-01 7.055659275550005827e-01 2.862415498705516370e+00
1.050699999999999967e+00 7.925763986498259028e-02 8.514237956841161359e-02 1.088121913739638763e-01 6.960097305133173817e-01 2.869821092782986138e+00
1.051399999999999890e+00 7.907677767927438761e-02 8.496023259363785773e-02 1.086010308283057169e-01 6.864554472164340337e-01 2.877228600605255426e+00
1.052100000000000035e+00 7.889729334169004460e-02 8.477946346698791991e-02 1.083912481307714171e-01 6.769025417676717282e-01 2.884637486275651419e+00
1.052799999999999958e+00 7.872216313099643370e-02 8.460258782385451926e-02 1.081858483022823253e-01 6.683452372011896570e-01 2.890547487201545085e+00
1.053499999999999881e+00 7.854775623103163462e-02 8.442643270530043875e-02 1.079811719583656793e-01 6.597946513895214249e-01 2.896449119267574535e+00
1.054200000000000026e+00 7.837384744966899297e-02 8.425077570534855731e-02 1.077769937330512323e-01 6.512445636964527829e-01 2.902351249452207238e+00
1.054899999999999949e+00 7.820028978660113761e-02 8.407546982369144828e-02 1.075731666260315578e-01 6.426948271216815778e-01 2.908253730755133937e+00
1.055600000000000094e+00 7.802697832308058690e-02 8.390041014158163002e-02 1.073695857185591740e-01 6.341453367464550128e-01 2.914156458257608939e+00
1.056300000000000017e+00 7.785383858657247969e-02 8.372552218648426914e-02 1.071661765380992476e-01 6.255960180982436114e-01 2.920059357487094776e+00
1.056999999999999940e+00 7.768081800494645861e-02 8.355075338626900827e-02 1.069628865125214351e-01 6.170468186049143933e-01 2.925962375871462573e+00
1.057700000000000085e+00 7.750787966861132083e-02 8.337606683134460295e-02 1.067596787322344365e-01 6.084977013568731996e-01 2.931865476501123169e+00
1.058400000000000007e+00 7.733499780518494904e-02 8.320143674932897748e-02 1.065565274248562594e-01 5.999486405817434642e-01 2.937768633603691004e+00
1.059099999999999930e+00 7.716215451649534318e-02 8.302684524205011796e-02 1.063534146922148343e-01 5.913996183813503560e-01 2.943671829280995578e+00
1.059800000000000075e+00 7.699259559043039602e-02 8.285511374919127259e-02 1.061533777244489385e-01 5.838026139981429274e-01 2.948081774421392520e+00
1.060499999999999998e+00 7.682314153573679971e-02 8.268347577682584604e-02 1.059534400482792099e-01 5.762310921301556643e-01 2.952451793664241819e+00
1.061199999999999921e+00 7.665369939700823754e-02 8.251184972042549526e-02 1.057535142880745294e-01 5.686595821781335047e-01 2.956821824823056666e+00
1.061900000000000066e+00 7.648426523017813616e-02 8.234023163592356365e-02 1.055535964997682957e-01 5.610880801980072663e-01 2.961191863953770209e+00
1.062599999999999989e+00 7.631483636907393509e-02 8.216861885714756009e-02 1.053536840171879624e-01 5.535165835236095511e-01 2.965561908390208945e+00
1.063299999999999912e+00 7.614541102099554870e-02 8.199700959139737122e-02 1.051537750476334576e-01 5.459450903622374840e-01 2.969931956339673995e+00
1.064000000000000057e+00 7.597598798697520472e-02 8.182540263970521088e-02 1.049538683921369675e-01 5.383735995149210307e-01 2.974302006603198212e+00
1.064699999999999980e+00 7.580656646939866461e-02 8.165379720445688216e-02 1.047539632530843229e-01 5.308021101840508793e-01 2.978672058383164067e+00
1.065399999999999903e+00 7.563714594046674899e-02 8.148219275785313631e-02 1.045540591026762611e-01 5.232306218418252275e-01 2.983042111151775089e+00
1.066100000000000048e+00 7.546772605277160539e-02 8.131058895248620411e-02 1.043541555935049991e-01 5.156591341408339746e-01 2.987412164561624728e+00
1.066799999999999971e+00 7.530145658153761246e-02 8.114174535615370498e-02 1.041570615845563985e-01 5.089794499332471744e-01 2.990314876083339346e+00
1.067499999999999893e+00 7.513533958194641704e-02 8.097303537690347941e-02 1.039601035744071311e-01 5.023428573165666933e-01 2.993146686877106166e+00
1.068200000000000038e+00 7.496922275200920693e-02 8.080432556730723914e-02 1.037631457339118490e-01 4.957062648695382823e-01 2.995978497840527055e+00
1.068899999999999961e+00 7.480310602987341739e-02 8.063561586551240556e-02 1.035661880012179875e-01 4.890696725303133596e-01 2.998810308911748823e+00
1.069599999999999884e+00 7.463698937588675308e-02 8.046690623186668334e-02 1.033692303366732512e-01 4.824330802592374789e-01 3.001642120051120077e+00
1.070300000000000029e+00 7.447087276476221929e-02 8.029819664108311938e-02 1.031722727149906454e-01 4.757964880310217026e-01 3.004473931233353934e+00
1.070999999999999952e+00 7.430475618045835617e-02 8.012948707712022611e-02 1.029753151201287242e-01 4.691598958296286925e-01 3.007305742442407670e+00
1.071700000000000097e+00 7.413863961285169224e-02 7.996077752985453202e-02 1.027783575419639883e-01 4.625233036449307722e-01 3.010137553668159160e+00
1.072400000000000020e+00 7.397252305558711660e-02 7.979206799293091235e-02 1.025813999741413546e-01 4.558867114705771328e-01 3.012969364904252156e+00
1.073099999999999943e+00 7.380640650469565134e-02 7.962335846238041692e-02 1.023844424126918173e-01 4.492501193025963402e-01 3.015801176146718277e+00
1.073800000000000088e+00 7.364333299814959655e-02 7.945733384769920749e-02 1.021901234034119921e-01 4.434327224687749647e-01 3.017206267747217563e+00
1.074500000000000011e+00 7.348047498826701385e-02 7.929149936865206860e-02 1.019959912464999258e-01 4.376733373238159697e-01 3.018510325555435081e+00
1.075199999999999934e+00 7.331761697983095460e-02 7.912566489105143930e-02 1.018018590910343968e-01 4.319139521803033732e-01 3.019814383365098998e+00
1.075900000000000079e+00 7.315475897226828006e-02 7.895983041432419469e-02 1.016077269364422248e-01 4.261545670376624684e-01 3.021118441175637326e+00
1.076600000000000001e+00 7.299190096523038018e-02 7.879399593812173863e-02 1.014135947823748551e-01 4.203951818955480868e-01 3.022422498986699235e+00
1.077299999999999924e+00 7.282904295850613219e-02 7.862816146223292058e-02 1.012194626286211374e-01 4.146357967537473987e-01 3.023726556798075116e+00
1.078000000000000069e+00 7.266618495196833227e-02 7.846232698653053672e-02 1.010253304750538539e-01 4.088764116121313408e-01 3.025030614609637958e+00
1.078699999999999992e+00 7.250332694554094404e-02 7.829649251093859230e-02 1.008311983215969959e-01 4.031170264706274708e-01 3.026334672421310490e+00
1.079399999999999915e+00 7.234046893917854548e-02 7.813065803541160981e-02 1.006370661682051137e-01 3.973576413291886045e-01 3.027638730233047859e+00
1.080100000000000060e+00 7.217761093285414431e-02 7.796482355992266633e-02 1.004429340148512428e-01 3.915982561877859314e-01 3.028942788044824308e+00
1.080799999999999983e+00 7.201769029688769030e-02 7.780159843372133621e-02 1.002513152130583285e-01 3.865778604173562005e-01 3.028871588658523351e+00
1.081499999999999906e+00 7.185804664980346979e-02 7.763861936459079405e-02 1.000599334159190112e-01 3.816271500481472345e-01 3.028670704931186286e+00
1.082200000000000051e+00 7.169840300272663225e-02 7.747564029546763487e-02 9.986855161878703535e-02 3.766764396789439862e-01 3.028469821203857215e+00
1.082899999999999974e+00 7.153875935565409683e-02 7.731266122634879168e-02 9.967716982165940320e-02 3.717257293097467885e-01 3.028268937476531697e+00
1.083599999999999897e+00 7.137911570858399002e-02 7.714968215723234934e-02 9.948578802453417191e-02 3.667750189405518668e-01 3.028068053749208843e+00
1.084300000000000042e+00 7.121947206151521548e-02 7.698670308811726704e-02 9.929440622741028677e-02 3.618243085713568341e-01 3.027867170021887322e+00
1.084999999999999964e+00 7.105982841444727360e-02 7.682372401900298964e-02 9.910302443028722041e-02 3.568735982021640218e-01 3.027666286294566689e+00
1.085699999999999887e+00 7.090018476737977582e-02 7.666074494988919796e-02 9.891164263316462590e-02 3.519228878329718202e-01 3.027465402567246500e+00
1.086400000000000032e+00 7.074054112031247232e-02 7.649776588077555894e-02 9.872026083604218405e-02 3.469721774637782308e-01 3.027264518839926311e+00
1.087099999999999955e+00 7.058089747324533536e-02 7.633478681166211421e-02 9.852887903891995036e-02 3.420214670945863067e-01 3.027063635112606121e+00
1.087799999999999878e+00 7.042408691517902664e-02 7.617434103427722647e-02 9.833991422929332094e-02 3.377262177670053434e-01 3.025546933131753047e+00
1.088500000000000023e+00 7.026761302463968573e-02 7.601419629828606861e-02 9.815123664015380778e-02 3.335088595497491260e-01 3.023873867098349155e+00
1.089199999999999946e+00 7.011113913410042808e-02 7.585405156229498014e-02 9.796255905101435013e-02 3.292915013324943518e-01 3.022200801064945264e+00
1.089900000000000091e+00 6.995466524356114268e-02 7.569390682630386391e-02 9.777388146187487861e-02 3.250741431152380789e-01 3.020527735031540928e+00
1.090600000000000014e+00 6.979819135302191280e-02 7.553376209031281707e-02 9.758520387273546259e-02 3.208567848979833048e-01 3.018854668998137036e+00
1.091299999999999937e+00 6.964171746248265515e-02 7.537361735432175636e-02 9.739652628359606046e-02 3.166394266807285307e-01 3.017181602964733589e+00
1.092000000000000082e+00 6.948524357194336976e-02 7.521347261833065401e-02 9.720784869445657506e-02 3.124220684634723688e-01 3.015508536931329253e+00
1.092700000000000005e+00 6.932876968140413987e-02 7.505332788233959329e-02 9.701917110531717292e-02 3.082047102462175392e-01 3.013835470897925806e+00
1.093399999999999928e+00 6.917229579086492386e-02 7.489318314634853258e-02 9.683049351617777079e-02 3.039873520289627651e-01 3.012162404864521914e+00
1.094100000000000072e+00 6.901582190032563846e-02 7.473303841035743023e-02 9.664181592703828538e-02 2.997699938117065477e-01 3.010489338831118022e+00
1.094799999999999995e+00 6.886207829338367170e-02 7.457535058642117409e-02 9.645547685192154552e-02 2.961248379636785555e-01 3.007566025768058982e+00
1.095499999999999918e+00 6.870872919989728933e-02 7.441801777500657578e-02 9.626947568135393873e-02 2.925623627332221144e-01 3.004462057744292647e+00
1.096200000000000063e+00 6.855538010641085145e-02 7.426068496359193583e-02 9.608347451078629031e-02 2.889998875027646741e-01 3.001358089720525424e+00
1.096899999999999986e+00 6.840203101292448296e-02 7.410335215217735139e-02 9.589747334021866965e-02 2.854374122723082885e-01 2.998254121696759533e+00
1.097599999999999909e+00 6.824868191943810058e-02 7.394601934076278082e-02 9.571147216965107674e-02 2.818749370418519029e-01 2.995150153672993198e+00
1.098300000000000054e+00 6.809533282595166270e-02 7.378868652934814087e-02 9.552547099908341444e-02 2.783124618113943516e-01 2.992046185649225976e+00
1.098999999999999977e+00 6.794198373246528033e-02 7.363135371793355644e-02 9.533946982851580765e-02 2.747499865809380215e-01 2.988942217625459641e+00
1.099699999999999900e+00 6.778863463897888408e-02 7.347402090651895812e-02 9.515346865794821474e-02 2.711875113504816359e-01 2.985838249601694194e+00
1.100400000000000045e+00 6.763528554549246008e-02 7.331668809510431817e-02 9.496746748738053856e-02 2.676250361200241401e-01 2.982734281577926971e+00
1.101099999999999968e+00 6.748193645200607771e-02 7.315935528368973373e-02 9.478146631681294565e-02 2.640625608895676990e-01 2.979630313554160637e+00
1.101799999999999891e+00 6.733121639088571198e-02 7.300440284386411349e-02 9.459773592519142571e-02 2.609921437552243928e-01 2.975346879525582189e+00
1.102500000000000036e+00 6.718094684470127254e-02 7.284985830809009855e-02 9.441439465766154893e-02 2.580060464354722027e-01 2.970861330430449865e+00
1.103199999999999958e+00 6.703067729851688861e-02 7.269531377231611136e-02 9.423105339013172765e-02 2.550199491157209564e-01 2.966375781335318873e+00
1.103899999999999881e+00 6.688040775233249080e-02 7.254076923654212417e-02 9.404771212260192026e-02 2.520338517959697100e-01 2.961890232240186993e+00
1.104600000000000026e+00 6.673013820614803748e-02 7.238622470076809534e-02 9.386437085507202960e-02 2.490477544762174922e-01 2.957404683145055113e+00
1.105299999999999949e+00 6.657986865996365355e-02 7.223168016499410815e-02 9.368102958754222220e-02 2.460616571564662458e-01 2.952919134049923677e+00
1.106000000000000094e+00 6.642959911377921411e-02 7.207713562922007933e-02 9.349768832001234542e-02 2.430755598367140558e-01 2.948433584954791353e+00
1.106700000000000017e+00 6.627932956759481631e-02 7.192259109344610601e-02 9.331434705248253803e-02 2.400894625169628094e-01 2.943948035859659917e+00
1.107399999999999940e+00 6.612906002141041850e-02 7.176804655767213270e-02 9.313100578495271675e-02 2.371033651972115630e-01 2.939462486764528926e+00
1.108100000000000085e+00 6.597879047522597906e-02 7.161350202189809000e-02 9.294766451742283997e-02 2.341172678774593174e-01 2.934976937669396602e+00
1.108800000000000008e+00 6.583105033417778473e-02 7.146126130692556644e-02 9.276653243007237926e-02 2.315482966887826843e-01 2.929387713230103607e+00
1.109499999999999931e+00 6.568381485809667020e-02 7.130948024850720934e-02 9.258584111665191241e-02 2.290625501849116730e-01 2.923578284335124344e+00
1.110200000000000076e+00 6.553657938201550015e-02 7.115769919008878286e-02 9.240514980323140393e-02 2.265768036810399122e-01 2.917768855440143305e+00
1.110899999999999999e+00 6.538934390593438561e-02 7.100591813167039801e-02 9.222445848981095096e-02 2.240910571771689563e-01 2.911959426545164042e+00
1.111599999999999921e+00 6.524210842985327108e-02 7.085413707325202703e-02 9.204376717639051186e-02 2.216053106732980560e-01 2.906149997650184780e+00
1.112300000000000066e+00 6.509487295377210103e-02 7.070235601483360055e-02 9.186307586297000338e-02 2.191195641694262952e-01 2.900340568755204185e+00
1.112999999999999989e+00 6.494763747769098650e-02 7.055057495641522958e-02 9.168238454954953653e-02 2.166338176655553394e-01 2.894531139860224922e+00
1.113699999999999912e+00 6.480040200160987196e-02 7.039879389799685860e-02 9.150169323612909744e-02 2.141480711616843835e-01 2.888721710965246103e+00
1.114400000000000057e+00 6.465316652552868804e-02 7.024701283957843212e-02 9.132100192270857508e-02 2.116623246578126227e-01 2.882912282070264620e+00
1.115099999999999980e+00 6.450593104944758738e-02 7.009523178116006115e-02 9.114031060928813599e-02 2.091765781539416669e-01 2.877102853175285357e+00
1.115799999999999903e+00 6.436112703718231687e-02 6.994567812250429562e-02 9.096177010761187509e-02 2.070396391472253406e-01 2.870270806952448073e+00
1.116500000000000048e+00 6.421687998584033052e-02 6.979663468103550206e-02 9.078372227956171825e-02 2.049825993947827218e-01 2.863204515873718936e+00
1.117199999999999971e+00 6.407263293449839969e-02 6.964759123956673625e-02 9.060567445151160304e-02 2.029255596423407693e-01 2.856138224794992908e+00
1.117899999999999894e+00 6.392838588315645498e-02 6.949854779809797045e-02 9.042762662346150171e-02 2.008685198898988167e-01 2.849071933716265992e+00
1.118600000000000039e+00 6.378413883181446864e-02 6.934950435662916302e-02 9.024957879541133099e-02 1.988114801374562257e-01 2.842005642637537299e+00
1.119299999999999962e+00 6.363989178047253781e-02 6.920046091516041109e-02 9.007153096736122966e-02 1.967544403850143009e-01 2.834939351558810827e+00
1.119999999999999885e+00 6.349564472913060698e-02 6.905141747369164529e-02 8.989348313931111445e-02 1.946974006325723205e-01 2.827873060480084355e+00
1.120700000000000029e+00 6.335139767778860675e-02 6.890237403222285173e-02 8.971543531126095761e-02 1.926403608801297573e-01 2.820806769401355218e+00
1.121399999999999952e+00 6.320715062644667592e-02 6.875333059075407205e-02 8.953738748321084240e-02 1.905833211276878048e-01 2.813740478322629190e+00
1.122100000000000097e+00 6.306290357510470346e-02 6.860428714928527849e-02 8.935933965516067168e-02 1.885262813752451860e-01 2.806674187243900054e+00
1.122800000000000020e+00 6.292099178662430292e-02 6.845739494642164025e-02 8.918338570991540815e-02 1.867571320031253534e-01 2.798672030458141613e+00
1.123499999999999943e+00 6.277968740237302447e-02 6.831106228289215987e-02 8.900797638570270842e-02 1.850628632097256199e-01 2.790426454056664340e+00
1.124200000000000088e+00 6.263838301812171827e-02 6.816472961936263786e-02 8.883256706148995319e-02 1.833685944163253589e-01 2.782180877655184847e+00
1.124900000000000011e+00 6.249707863387043982e-02 6.801839695583315748e-02 8.865715773727723958e-02 1.816743256229255976e-01 2.773935301253708463e+00
1.125599999999999934e+00 6.235577424961918219e-02 6.787206429230367710e-02 8.848174841306455374e-02 1.799800568295258363e-01 2.765689724852231635e+00
1.126300000000000079e+00 6.221446986536786211e-02 6.772573162877416897e-02 8.830633908885179850e-02 1.782857880361255754e-01 2.757444148450752142e+00
1.127000000000000002e+00 6.207316548111660448e-02 6.757939896524468859e-02 8.813092976463909878e-02 1.765915192427258140e-01 2.749198572049275313e+00
1.127699999999999925e+00 6.193186109686532603e-02 6.743306630171520821e-02 8.795552044042639905e-02 1.748972504493260804e-01 2.740952995647798929e+00
1.128400000000000070e+00 6.179055671261401983e-02 6.728673363818568620e-02 8.778011111621364382e-02 1.732029816559258195e-01 2.732707419246319436e+00
1.129099999999999993e+00 6.164925232836274832e-02 6.714040097465620582e-02 8.760470179200094409e-02 1.715087128625260859e-01 2.724461842844842607e+00
1.129799999999999915e+00 6.151018879383871735e-02 6.699614376910141555e-02 8.743132979486013812e-02 1.700490977430222650e-01 2.715373164798458028e+00
1.130500000000000060e+00 6.137178125936432888e-02 6.685249414580338168e-02 8.725855421730249750e-02 1.686581765746844042e-01 2.706037672021825102e+00
1.131199999999999983e+00 6.123337372488999591e-02 6.670884452250543106e-02 8.708577863974492628e-02 1.672672554063469597e-01 2.696702179245195286e+00
1.131899999999999906e+00 6.109496619041565602e-02 6.656519489920745269e-02 8.691300306218734117e-02 1.658763342380095429e-01 2.687366686468565469e+00
1.132600000000000051e+00 6.095655865594126060e-02 6.642154527590944657e-02 8.674022748462971444e-02 1.644854130696716821e-01 2.678031193691932543e+00
1.133299999999999974e+00 6.081815112146692071e-02 6.627789565261148208e-02 8.656745190707212934e-02 1.630944919013342653e-01 2.668695700915302726e+00
1.133999999999999897e+00 6.067974358699258081e-02 6.613424602931351759e-02 8.639467632951455811e-02 1.617035707329968208e-01 2.659360208138673354e+00
1.134700000000000042e+00 6.054133605251819927e-02 6.599059640601549759e-02 8.622190075195691750e-02 1.603126495646589600e-01 2.650024715362040428e+00
1.135399999999999965e+00 6.040292851804384550e-02 6.584694678271753310e-02 8.604912517439934627e-02 1.589217283963215432e-01 2.640689222585410612e+00
1.136099999999999888e+00 6.026452098356951254e-02 6.570329715941958248e-02 8.587634959684177505e-02 1.575308072279841265e-01 2.631353729808780351e+00
1.136800000000000033e+00 6.012826171438884204e-02 6.556164770559012867e-02 8.570555456243429682e-02 1.563288634805239663e-01 2.621273893329545857e+00
1.137499999999999956e+00 5.999270520220589820e-02 6.542065256251775041e-02 8.553540741847227846e-02 1.551887394744683180e-01 2.610950561436963469e+00
1.138199999999999878e+00 5.985714869002296823e-02 6.527965741944537215e-02 8.536526027451026011e-02 1.540486154684126419e-01 2.600627229544381080e+00
1.138900000000000023e+00 5.972159217783998275e-02 6.513866227637293838e-02 8.519511313054818624e-02 1.529084914623566327e-01 2.590303897651795140e+00
1.139599999999999946e+00 5.958603566565705278e-02 6.499766713330056012e-02 8.502496598658618177e-02 1.517683674563009566e-01 2.579980565759212752e+00
1.140300000000000091e+00 5.945047915347406037e-02 6.485667199022811247e-02 8.485481884262410790e-02 1.506282434502449474e-01 2.569657233866626811e+00
1.141000000000000014e+00 5.931492264129113040e-02 6.471567684715573421e-02 8.468467169866208955e-02 1.494881194441893268e-01 2.559333901974044423e+00
1.141699999999999937e+00 5.917936612910819349e-02 6.457468170408334207e-02 8.451452455470007119e-02 1.483479954381336230e-01 2.549010570081462035e+00
1.142400000000000082e+00 5.904380961692521496e-02 6.443368656101092218e-02 8.434437741073799732e-02 1.472078714320776416e-01 2.538687238188876094e+00
1.143100000000000005e+00 5.890825310474227111e-02 6.429269141793853004e-02 8.417423026677597897e-02 1.460677474260219932e-01 2.528363906296293706e+00
1.143799999999999928e+00 5.877475413683774103e-02 6.415362175092810537e-02 8.400600634662079569e-02 1.450780736617543754e-01 2.517400466234438916e+00
1.144500000000000073e+00 5.864200285578842486e-02 6.401525177877077921e-02 8.383848130287624434e-02 1.441430717066609357e-01 2.506204418559157876e+00
1.145199999999999996e+00 5.850925157473915034e-02 6.387688180661348081e-02 8.367095625913173462e-02 1.432080697515677181e-01 2.495008370883879500e+00
1.145899999999999919e+00 5.837650029368988969e-02 6.373851183445618240e-02 8.350343121538722491e-02 1.422730677964745560e-01 2.483812323208601125e+00
1.146600000000000064e+00 5.824374901264057353e-02 6.360014186229884237e-02 8.333590617164267356e-02 1.413380658413810609e-01 2.472616275533319197e+00
1.147299999999999986e+00 5.811099773159129900e-02 6.346177189014154396e-02 8.316838112789816384e-02 1.404030638862878710e-01 2.461420227858040821e+00
1.147999999999999909e+00 5.797824645054203835e-02 6.332340191798425943e-02 8.300085608415365412e-02 1.394680619311946812e-01 2.450224180182762446e+00
1.148700000000000054e+00 5.784549516949272219e-02 6.318503194582690552e-02 8.283333104040910277e-02 1.385330599761012138e-01 2.439028132507480517e+00
1.149399999999999977e+00 5.771274388844344072e-02 6.304666197366962099e-02 8.266580599666459306e-02 1.375980580210079962e-01 2.427832084832202142e+00
1.150099999999999900e+00 5.757999260739417313e-02 6.290829200151230871e-02 8.249828095292006946e-02 1.366630560659148341e-01 2.416636037156923766e+00
1.150800000000000045e+00 5.744921004197144077e-02 6.277177350187634897e-02 8.233262115407007087e-02 1.358465208420056025e-01 2.404908502847411533e+00
1.151499999999999968e+00 5.731921828085941722e-02 6.263599871170828781e-02 8.216771059684908896e-02 1.350775719736004576e-01 2.392967478120219926e+00
1.152199999999999891e+00 5.718922651974740756e-02 6.250022392154022666e-02 8.200280003962812092e-02 1.343086231051953405e-01 2.381026453393028763e+00
1.152900000000000036e+00 5.705923475863536320e-02 6.236444913137211693e-02 8.183788948240708350e-02 1.335396742367899181e-01 2.369085428665833604e+00
1.153599999999999959e+00 5.692924299752333966e-02 6.222867434120405578e-02 8.167297892518611546e-02 1.327707253683847732e-01 2.357144403938642441e+00
1.154299999999999882e+00 5.679925123641133000e-02 6.209289955103598074e-02 8.150806836796514743e-02 1.320017764999796284e-01 2.345203379211451278e+00
1.155000000000000027e+00 5.666925947529927177e-02 6.195712476086786408e-02 8.134315781074411000e-02 1.312328276315742337e-01 2.333262354484256118e+00
1.155699999999999950e+00 5.653926771418724823e-02 6.182134997069980986e-02 8.117824725352314197e-02 1.304638787631690888e-01 2.321321329757064511e+00
1.156400000000000095e+00 5.640927595307518999e-02 6.168557518053170013e-02 8.101333669630210454e-02 1.296949298947636942e-01 2.309380305029869351e+00
1.157100000000000017e+00 5.627928419196317339e-02 6.154980039036363204e-02 8.084842613908113651e-02 1.289259810263585493e-01 2.297439280302677744e+00
1.157799999999999940e+00 5.615117423373590377e-02 6.141580384600144743e-02 8.068532217569739096e-02 1.282493427105878825e-01 2.285078116891187339e+00
1.158500000000000085e+00 5.602389640221779044e-02 6.128259363576727542e-02 8.052301708184278484e-02 1.276135238010397965e-01 2.272531169610623181e+00
1.159200000000000008e+00 5.589661857069967710e-02 6.114938342553311035e-02 8.036071198798822035e-02 1.269777048914919049e-01 2.259984222330064352e+00
1.159899999999999931e+00 5.576934073918158458e-02 6.101617321529897303e-02 8.019840689413365586e-02 1.263418859819440410e-01 2.247437275049504635e+00
1.160600000000000076e+00 5.564206290766345042e-02 6.088296300506479408e-02 8.003610180027904974e-02 1.257060670723959550e-01 2.234890327768940921e+00
1.161299999999999999e+00 5.551478507614534402e-02 6.074975279483064289e-02 7.987379670642447138e-02 1.250702481628480633e-01 2.222343380488381648e+00
1.161999999999999922e+00 5.538750724462725844e-02 6.061654258459649169e-02 7.971149161256992077e-02 1.244344292533001856e-01 2.209796433207821931e+00
1.162700000000000067e+00 5.526022941310911735e-02 6.048333237436231968e-02 7.954918651871530078e-02 1.237986103437521135e-01 2.197249485927258661e+00
1.163399999999999990e+00 5.513295158159101095e-02 6.035012216412816155e-02 7.938688142486073629e-02 1.231627914342041941e-01 2.184702538646698944e+00
1.164099999999999913e+00 5.500567375007292537e-02 6.021691195389402423e-02 7.922457633100618568e-02 1.225269725246563302e-01 2.172155591366139227e+00
1.164800000000000058e+00 5.488019274311070617e-02 6.008540761911539824e-02 7.906401856121986205e-02 1.219623749365862375e-01 2.159300436399244294e+00
1.165499999999999980e+00 5.475558340996582868e-02 5.995473083701315098e-02 7.890430845162148266e-02 1.214323281681618932e-01 2.146295764013090857e+00
1.166199999999999903e+00 5.463097407682095119e-02 5.982405405491091066e-02 7.874459834202308939e-02 1.209022813997375490e-01 2.133291091626936975e+00
1.166900000000000048e+00 5.450636474367603901e-02 5.969337727280862871e-02 7.858488823242465449e-02 1.203722346313130381e-01 2.120286419240779541e+00
1.167599999999999971e+00 5.438175541053115458e-02 5.956270049070639533e-02 7.842517812282627510e-02 1.198421878628886939e-01 2.107281746854626103e+00
1.168299999999999894e+00 5.425714607738628403e-02 5.943202370860416195e-02 7.826546801322789570e-02 1.193121410944643496e-01 2.094277074468472666e+00
1.169000000000000039e+00 5.413253674424137879e-02 5.930134692650188694e-02 7.810575790362946080e-02 1.187820943260398387e-01 2.081272402082314787e+00
1.169699999999999962e+00 5.400792741109650130e-02 5.917067014439963968e-02 7.794604779403108141e-02 1.182520475576154667e-01 2.068267729696161350e+00
1.170399999999999885e+00 5.388331807795162381e-02 5.903999336229740630e-02 7.778633768443268814e-02 1.177220007891911502e-01 2.055263057310008357e+00
1.171100000000000030e+00 5.375870874480669775e-02 5.890931658019511741e-02 7.762662757483426712e-02 1.171919540207666394e-01 2.042258384923850478e+00
1.171799999999999953e+00 5.363581320610024544e-02 5.878027423205993418e-02 7.746860499155008850e-02 1.167163524650946804e-01 2.029055536829708295e+00
1.172500000000000098e+00 5.351382713499449467e-02 5.865209923691947630e-02 7.731147793603383722e-02 1.162696436143495077e-01 2.015747521872120807e+00
1.173200000000000021e+00 5.339184106388878553e-02 5.852392424177906699e-02 7.715435088051764145e-02 1.158229347636044737e-01 2.002439506914536871e+00
1.173899999999999944e+00 5.326985499278307640e-02 5.839574924663865768e-02 7.699722382500143181e-02 1.153762259128594397e-01 1.989131491956953157e+00
1.174600000000000088e+00 5.314786892167731869e-02 5.826757425149820674e-02 7.684009676948516665e-02 1.149295170621142670e-01 1.975823476999365003e+00
1.175300000000000011e+00 5.302588285057161649e-02 5.813939925635781131e-02 7.668296971396898476e-02 1.144828082113692053e-01 1.962515462041781511e+00
1.175999999999999934e+00 5.290389677946590735e-02 5.801122426121740200e-02 7.652584265845277511e-02 1.140360993606241852e-01 1.949207447084197353e+00
1.176700000000000079e+00 5.278191070836016352e-02 5.788304926607694412e-02 7.636871560293652383e-02 1.135893905098790124e-01 1.935899432126609643e+00
1.177400000000000002e+00 5.265992463725444744e-02 5.775487427093654175e-02 7.621158854742031419e-02 1.131426816591339785e-01 1.922591417169025707e+00
1.178099999999999925e+00 5.253793856614873831e-02 5.762669927579613244e-02 7.605446149190410454e-02 1.126959728083889167e-01 1.909283402211441771e+00
1.178800000000000070e+00 5.241758521699096257e-02 5.750008826781244364e-02 7.589896174709126475e-02 1.122905344952080664e-01 1.895882708252050852e+00
1.179499999999999993e+00 5.229817739984738562e-02 5.737438298656832164e-02 7.574440440056554036e-02 1.119089965249838448e-01 1.882428342592252557e+00
1.180199999999999916e+00 5.217876958270381560e-02 5.724867770532420658e-02 7.558984705403981597e-02 1.115274585547596370e-01 1.868973976932454706e+00
1.180900000000000061e+00 5.205936176556020395e-02 5.712297242408004294e-02 7.543528970751406382e-02 1.111459205845352904e-01 1.855519611272652636e+00
1.181599999999999984e+00 5.193995394841662699e-02 5.699726714283592094e-02 7.528073236098835330e-02 1.107643826143110827e-01 1.842065245612854785e+00
1.182299999999999907e+00 5.182054613127305004e-02 5.687156186159179894e-02 7.512617501446262891e-02 1.103828446440868610e-01 1.828610879953056489e+00
1.183000000000000052e+00 5.170113831412943839e-02 5.674585658034764224e-02 7.497161766793686288e-02 1.100013066738625145e-01 1.815156514293254642e+00
1.183699999999999974e+00 5.158173049698586143e-02 5.662015129910352024e-02 7.481706032141115237e-02 1.096197687036383345e-01 1.801702148633456790e+00
1.184399999999999897e+00 5.146232267984229142e-02 5.649444601785939823e-02 7.466250297488542798e-02 1.092382307334141128e-01 1.788247782973658717e+00
1.185100000000000042e+00 5.134291486269867283e-02 5.636874073661524154e-02 7.450794562835966195e-02 1.088566927631897802e-01 1.774793417313855981e+00
1.185799999999999965e+00 5.122506065797924335e-02 5.624453004988247407e-02 7.435495507759834477e-02 1.085062051253656151e-01 1.761344743862735429e+00
1.186499999999999888e+00 5.110818634606326127e-02 5.612126203223693349e-02 7.420295273462305941e-02 1.081753015207218976e-01 1.747899660595518379e+00
1.187200000000000033e+00 5.099131203414724450e-02 5.599799401459135823e-02 7.405095039164771853e-02 1.078443979160780691e-01 1.734454577328297553e+00
1.187899999999999956e+00 5.087443772223126937e-02 5.587472599694583153e-02 7.389894804867241929e-02 1.075134943114342961e-01 1.721009494061080281e+00
1.188599999999999879e+00 5.075756341031528729e-02 5.575145797930029096e-02 7.374694570569713392e-02 1.071825907067905786e-01 1.707564410793863896e+00
1.189300000000000024e+00 5.064068909839927052e-02 5.562818996165471569e-02 7.359494336272179305e-02 1.068516871021467501e-01 1.694119327526642627e+00
1.189999999999999947e+00 5.052381478648329538e-02 5.550492194400917512e-02 7.344294101974649380e-02 1.065207834975030049e-01 1.680674244259425798e+00
1.190700000000000092e+00 5.040694047456727861e-02 5.538165392636359985e-02 7.329093867677115293e-02 1.061898798928591764e-01 1.667229160992204751e+00
1.191400000000000015e+00 5.029006616265130347e-02 5.525838590871807315e-02 7.313893633379585368e-02 1.058589762882154450e-01 1.653784077724987922e+00
1.192099999999999937e+00 5.017319185073532140e-02 5.513511789107253258e-02 7.298693399082056832e-02 1.055280726835717275e-01 1.640338994457771093e+00
1.192800000000000082e+00 5.005779400624082304e-02 5.501327618295261124e-02 7.283643774961201522e-02 1.052203834609495431e-01 1.626988497766108654e+00
1.193500000000000005e+00 4.994340873906584488e-02 5.489241265332500674e-02 7.268697440927736342e-02 1.049286149124842027e-01 1.613702869570526666e+00
1.194199999999999928e+00 4.982902347189087366e-02 5.477154912369740225e-02 7.253751106894271161e-02 1.046368463640188623e-01 1.600417241374944677e+00
1.194900000000000073e+00 4.971463820471586775e-02 5.465068559406974918e-02 7.238804772860800429e-02 1.043450778155534386e-01 1.587131613179358247e+00
1.195599999999999996e+00 4.960025293754088266e-02 5.452982206444214469e-02 7.223858438827335249e-02 1.040533092670880982e-01 1.573845984983776036e+00
1.196299999999999919e+00 4.948586767036591144e-02 5.440895853481454020e-02 7.208912104793870068e-02 1.037615407186227717e-01 1.560560356788194047e+00
1.197000000000000064e+00 4.937148240319090553e-02 5.428809500518689407e-02 7.193965770760399336e-02 1.034697721701573203e-01 1.547274728592607618e+00
1.197699999999999987e+00 4.925709713601592737e-02 5.416723147555928264e-02 7.179019436726934156e-02 1.031780036216919799e-01 1.533989100397025407e+00
1.198399999999999910e+00 4.914271186884094228e-02 5.404636794593167121e-02 7.164073102693468975e-02 1.028862350732266534e-01 1.520703472201443418e+00
1.199100000000000055e+00 4.902832660166594331e-02 5.392550441630402508e-02 7.149126768659998243e-02 1.025944665247612159e-01 1.507417844005857210e+00
1.199799999999999978e+00 4.891534261947701884e-02 5.380600006670478719e-02 7.134324969304076114e-02 1.023199711228882786e-01 1.494304273083391310e+00
1.200499999999999901e+00 4.880340225163087159e-02 5.368750797356024868e-02 7.119630812907307149e-02 1.020583399875334557e-01 1.481318842717477047e+00
1.201200000000000045e+00 4.869146188378468271e-02 5.356901588041566159e-02 7.104936656510532633e-02 1.017967088521785357e-01 1.468333412351558565e+00
1.201899999999999968e+00 4.857952151593852158e-02 5.345052378727111614e-02 7.090242500113762281e-02 1.015350777168237129e-01 1.455347981985644301e+00
1.202599999999999891e+00 4.846758114809236739e-02 5.333203169412657763e-02 7.075548343716993316e-02 1.012734465814688900e-01 1.442362551619730038e+00
1.203300000000000036e+00 4.835564078024617851e-02 5.321353960098199054e-02 7.060854187320217412e-02 1.010118154461139700e-01 1.429377121253811556e+00
1.203999999999999959e+00 4.824370041240001739e-02 5.309504750783745897e-02 7.046160030923448447e-02 1.007501843107591472e-01 1.416391690887897292e+00
1.204699999999999882e+00 4.813176004455386320e-02 5.297655541469291351e-02 7.031465874526676707e-02 1.004885531754043104e-01 1.403406260521983029e+00
1.205400000000000027e+00 4.801981967670768126e-02 5.285806332154832643e-02 7.016771718129903579e-02 1.002269220400493904e-01 1.390420830156064769e+00
1.206099999999999950e+00 4.790787930886152013e-02 5.273957122840378792e-02 7.002077561733133226e-02 9.996529090469456758e-02 1.377435399790150505e+00
1.206800000000000095e+00 4.779726700093268887e-02 5.262237238375495202e-02 6.987521869774659944e-02 9.971647565749480746e-02 1.364686655131983617e+00
1.207500000000000018e+00 4.768772772692263240e-02 5.250621844640525337e-02 6.973078053068877680e-02 9.947801527644947739e-02 1.352129145665228460e+00
1.208199999999999941e+00 4.757818845291256205e-02 5.239006450905555473e-02 6.958634236363096803e-02 9.923955489540414732e-02 1.339571636198473525e+00
1.208900000000000086e+00 4.746864917890247088e-02 5.227391057170582139e-02 6.944190419657310376e-02 9.900109451435874786e-02 1.327014126731714372e+00
1.209600000000000009e+00 4.735910990489241440e-02 5.215775663435612275e-02 6.929746602951528112e-02 9.876263413331340391e-02 1.314456617264959437e+00
1.210299999999999931e+00 4.724957063088235099e-02 5.204160269700643104e-02 6.915302786245745847e-02 9.852417375226807383e-02 1.301899107798204280e+00
1.211000000000000076e+00 4.714003135687225288e-02 5.192544875965669077e-02 6.900858969539959420e-02 9.828571337122267437e-02 1.289341598331445127e+00
1.211699999999999999e+00 4.703049208286218946e-02 5.180929482230699906e-02 6.886415152834179931e-02 9.804725299017734430e-02 1.276784088864690414e+00
1.212399999999999922e+00 4.692095280885212605e-02 5.169314088495730042e-02 6.871971336128397667e-02 9.780879260913200035e-02 1.264226579397935035e+00
1.213100000000000067e+00 4.681141353484203488e-02 5.157698694760757402e-02 6.857527519422611240e-02 9.757033222808660089e-02 1.251669069931176104e+00
1.213799999999999990e+00 4.670313104484941774e-02 5.146206156261071835e-02 6.843216112964110864e-02 9.734137682804115677e-02 1.239399215142563904e+00
1.214499999999999913e+00 4.659594942206005813e-02 5.134821231557706173e-02 6.829020689917704445e-02 9.712074721962346557e-02 1.227381328549467243e+00
1.215200000000000058e+00 4.648876779927066383e-02 5.123436306854337041e-02 6.814825266871293863e-02 9.690011761120567724e-02 1.215363441956367252e+00
1.215899999999999981e+00 4.638158617648130422e-02 5.112051382150972073e-02 6.800629843824887444e-02 9.667948800278797217e-02 1.203345555363270591e+00
1.216599999999999904e+00 4.627440455369194461e-02 5.100666457447606411e-02 6.786434420778478249e-02 9.645885839437025322e-02 1.191327668770174375e+00
1.217300000000000049e+00 4.616722293090255030e-02 5.089281532744237974e-02 6.772238997732067667e-02 9.623822878595247876e-02 1.179309782177073940e+00
1.217999999999999972e+00 4.606004130811319069e-02 5.077896608040872312e-02 6.758043574685661248e-02 9.601759917753477369e-02 1.167291895583977501e+00
1.218699999999999894e+00 4.595285968532383802e-02 5.066511683337507344e-02 6.743848151639254829e-02 9.579696956911706862e-02 1.155274008990881063e+00
1.219400000000000039e+00 4.584567806253444372e-02 5.055126758634138212e-02 6.729652728592844246e-02 9.557633996069929416e-02 1.143256122397780850e+00
1.220099999999999962e+00 4.573849643974508411e-02 5.043741833930773244e-02 6.715457305546436440e-02 9.535571035228157522e-02 1.131238235804684411e+00
1.220799999999999885e+00 4.563250226328200571e-02 5.032473421653749918e-02 6.701388264760632651e-02 9.514214876237749030e-02 1.119545117878554708e+00
1.221500000000000030e+00 4.552763523313643756e-02 5.021315605156417144e-02 6.687439188386254396e-02 9.493529626817184819e-02 1.108160276460519400e+00
1.222199999999999953e+00 4.542276820299089718e-02 5.010157788659087147e-02 6.673490112011884468e-02 9.472844377396624771e-02 1.096775435042487201e+00
1.222900000000000098e+00 4.531790117284531516e-02 4.998999972161753680e-02 6.659541035637507600e-02 9.452159127976059172e-02 1.085390593624451672e+00
1.223600000000000021e+00 4.521303414269978171e-02 4.987842155664422988e-02 6.645591959263136284e-02 9.431473878555499124e-02 1.074005752206419917e+00
1.224299999999999944e+00 4.510816711255424133e-02 4.976684339167093685e-02 6.631642882888763579e-02 9.410788629134939076e-02 1.062620910788387940e+00
1.225000000000000089e+00 4.500330008240867319e-02 4.965526522669759524e-02 6.617693806514386712e-02 9.390103379714374865e-02 1.051236069370352411e+00
1.225700000000000012e+00 4.489843305226313280e-02 4.954368706172430220e-02 6.603744730140014008e-02 9.369418130293814817e-02 1.039851227952320434e+00
1.226399999999999935e+00 4.479356602211759242e-02 4.943210889675100916e-02 6.589795653765641303e-02 9.348732880873254769e-02 1.028466386534288679e+00
1.227100000000000080e+00 4.468869899197201734e-02 4.932053073177766755e-02 6.575846577391265824e-02 9.328047631452689170e-02 1.017081545116252927e+00
1.227800000000000002e+00 4.458495199517134577e-02 4.921005555921239422e-02 6.562017890995380798e-02 9.307891277077631753e-02 1.006045128351762630e+00
1.228499999999999925e+00 4.448235690258307146e-02 4.910071476501797622e-02 6.548313020309078081e-02 9.288278867607095701e-02 9.953670507634752029e-01
1.229200000000000070e+00 4.437976180999476244e-02 4.899137397082352352e-02 6.534608149622771200e-02 9.268666458136552710e-02 9.846889731751843344e-01
1.229899999999999993e+00 4.427716671740649507e-02 4.888203317662910552e-02 6.520903278936468483e-02 9.249054048666015271e-02 9.740108955868969076e-01
1.230599999999999916e+00 4.417457162481822075e-02 4.877269238243468752e-02 6.507198408250167154e-02 9.229441639195479219e-02 9.633328179986095918e-01
1.231300000000000061e+00 4.407197653222991174e-02 4.866335158824023482e-02 6.493493537563860274e-02 9.209829229724936228e-02 9.526547404103187233e-01
1.231999999999999984e+00 4.396938143964163742e-02 4.855401079404580988e-02 6.479788666877558945e-02 9.190216820254400176e-02 9.419766628220312965e-01
1.232699999999999907e+00 4.386678634705337004e-02 4.844466999985139188e-02 6.466083796191256228e-02 9.170604410783862737e-02 9.312985852337438697e-01
1.233400000000000052e+00 4.376419125446506797e-02 4.833532920565693919e-02 6.452378925504949347e-02 9.150992001313319746e-02 9.206205076454532232e-01
1.234099999999999975e+00 4.366159616187678671e-02 4.822598841146252813e-02 6.438674054818646630e-02 9.131379591842783694e-02 9.099424300571657964e-01
1.234799999999999898e+00 4.356005559853470821e-02 4.811768979801889223e-02 6.425083626376121293e-02 9.112167095931278382e-02 8.996238938505338734e-01
1.235500000000000043e+00 4.345969020973389912e-02 4.801055259786954355e-02 6.411620733145935447e-02 9.093400266401227561e-02 8.897060329971845372e-01
1.236199999999999966e+00 4.335932482093312473e-02 4.790341539772021567e-02 6.398157839915755152e-02 9.074633436871183678e-02 8.797881721438380875e-01
1.236899999999999888e+00 4.325895943213234340e-02 4.779627819757090168e-02 6.384694946685573469e-02 9.055866607341139796e-02 8.698703112904919710e-01
1.237600000000000033e+00 4.315859404333154126e-02 4.768914099742154605e-02 6.371232053455387623e-02 9.037099777811088974e-02 8.599524504371425238e-01
1.238299999999999956e+00 4.305822865453076687e-02 4.758200379727222512e-02 6.357769160225205940e-02 9.018332948281045092e-02 8.500345895837964072e-01
1.238999999999999879e+00 4.295786326572998554e-02 4.747486659712290419e-02 6.344306266995025645e-02 8.999566118751001209e-02 8.401167287304498466e-01
1.239700000000000024e+00 4.285749787692918339e-02 4.736772939697355550e-02 6.330843373764838411e-02 8.980799289220950388e-02 8.301988678771005103e-01
1.240399999999999947e+00 4.275713248812840206e-02 4.726059219682423457e-02 6.317380480534658116e-02 8.962032459690906505e-02 8.202810070237542828e-01
1.241100000000000092e+00 4.265676709932759297e-02 4.715345499667487894e-02 6.303917587304470882e-02 8.943265630160858459e-02 8.103631461704047245e-01
1.241800000000000015e+00 4.255739262660158256e-02 4.704730050582078826e-02 6.290563241327740140e-02 8.924805690222877008e-02 8.008047433691677375e-01
1.242499999999999938e+00 4.245921514541722147e-02 4.694233309300914481e-02 6.277340016590790550e-02 8.906716462048760996e-02 7.916805531707000743e-01
1.243200000000000083e+00 4.236103766423283262e-02 4.683736568019747359e-02 6.264116791853839572e-02 8.888627233874639433e-02 7.825563629722294134e-01
1.243900000000000006e+00 4.226286018304847153e-02 4.673239826738582320e-02 6.250893567116891369e-02 8.870538005700524808e-02 7.734321727737616392e-01
1.244599999999999929e+00 4.216468270186411044e-02 4.662743085457417974e-02 6.237670342379943167e-02 8.852448777526408796e-02 7.643079825752939760e-01
1.245300000000000074e+00 4.206650522067972159e-02 4.652246344176250853e-02 6.224447117642991495e-02 8.834359549352287233e-02 7.551837923768233152e-01
1.245999999999999996e+00 4.196832773949535356e-02 4.641749602895086507e-02 6.211223892906042598e-02 8.816270321178171221e-02 7.460596021783556520e-01
1.246699999999999919e+00 4.187015025831099246e-02 4.631252861613922162e-02 6.198000668169095090e-02 8.798181093004055209e-02 7.369354119798878777e-01
1.247400000000000064e+00 4.177197277712659668e-02 4.620756120332753653e-02 6.184777443432142030e-02 8.780091864829935033e-02 7.278112217814173279e-01
1.248099999999999987e+00 4.167379529594223558e-02 4.610259379051590001e-02 6.171554218695195215e-02 8.762002636655819021e-02 7.186870315829495537e-01
1.248799999999999910e+00 4.157654698869283488e-02 4.599855097203330717e-02 6.158433706535693802e-02 8.744153400355991756e-02 7.099126562112505479e-01
1.249500000000000055e+00 4.148051607136746949e-02 4.589571954334292769e-02 6.145447766873494283e-02 8.726618597854414461e-02 7.015966030431397549e-01
1.250199999999999978e+00 4.138448515404212491e-02 4.579288811465256903e-02 6.132461827211296845e-02 8.709083795352842716e-02 6.932805498750316264e-01
1.250899999999999901e+00 4.128845423671678033e-02 4.569005668596222425e-02 6.119475887549100102e-02 8.691548992851272359e-02 6.849644967069233870e-01
1.251600000000000046e+00 4.119242331939140800e-02 4.558722525727183783e-02 6.106489947886899194e-02 8.674014190349695064e-02 6.766484435388127050e-01
1.252299999999999969e+00 4.109639240206606342e-02 4.548439382858147917e-02 6.093504008224703145e-02 8.656479387848123319e-02 6.683323903707045766e-01
1.252999999999999892e+00 4.100036148474072578e-02 4.538156239989112745e-02 6.080518068562505707e-02 8.638944585346552962e-02 6.600163372025963371e-01
1.253700000000000037e+00 4.090433056741534651e-02 4.527873097120074103e-02 6.067532128900305494e-02 8.621409782844974279e-02 6.517002840344856551e-01
1.254399999999999959e+00 4.080829965009000887e-02 4.517589954251039625e-02 6.054546189238108056e-02 8.603874980343405310e-02 6.433842308663776377e-01
1.255099999999999882e+00 4.071226873276466429e-02 4.507306811382003758e-02 6.041560249575912006e-02 8.586340177841833565e-02 6.350681776982695093e-01
1.255800000000000027e+00 4.061710709660813767e-02 4.497110453378829614e-02 6.028671255095244264e-02 8.568997242468245901e-02 6.270845519652569200e-01
1.256499999999999950e+00 4.052318186522093496e-02 4.487037532102346876e-02 6.015920148664041095e-02 8.551927205485444772e-02 6.195737477782844449e-01
1.257200000000000095e+00 4.042925663383370449e-02 4.476964610825862056e-02 6.003169042232833763e-02 8.534857168502638092e-02 6.120629435913097494e-01
1.257900000000000018e+00 4.033533140244650178e-02 4.466891689549380012e-02 5.990417935801631288e-02 8.517787131519835575e-02 6.045521394043372743e-01
1.258599999999999941e+00 4.024140617105929907e-02 4.456818768272898662e-02 5.977666829370428120e-02 8.500717094537034446e-02 5.970413352173649102e-01
1.259300000000000086e+00 4.014748093967206166e-02 4.446745846996413148e-02 5.964915722939220788e-02 8.483647057554227766e-02 5.895305310303901036e-01
1.260000000000000009e+00 4.005355570828485895e-02 4.436672925719931798e-02 5.952164616508017619e-02 8.466577020571426637e-02 5.820197268434177396e-01
1.260699999999999932e+00 3.995963047689765624e-02 4.426600004443450448e-02 5.939413510076813757e-02 8.449506983588625508e-02 5.745089226564452645e-01
1.261400000000000077e+00 3.986570524551042577e-02 4.416527083166965628e-02 5.926662403645607119e-02 8.432436946605818828e-02 5.669981184694705689e-01
1.262100000000000000e+00 3.977178001412322306e-02 4.406454161890482890e-02 5.913911297214404644e-02 8.415366909623017699e-02 5.594873142824980938e-01
1.262799999999999923e+00 3.967866599725982518e-02 4.396462488797298757e-02 5.901251442235315448e-02 8.398453959031587646e-02 5.522856769282628031e-01
1.263500000000000068e+00 3.958680605182859913e-02 4.386596418762985644e-02 5.888732654552093770e-02 8.381783851177831979e-02 5.455619862593280578e-01
1.264199999999999990e+00 3.949494610639740777e-02 4.376730348728675307e-02 5.876213866868874869e-02 8.365113743324083251e-02 5.388382955903953109e-01
1.264899999999999913e+00 3.940308616096621641e-02 4.366864278694364970e-02 5.863695079185657355e-02 8.348443635470334523e-02 5.321146049214626750e-01
1.265600000000000058e+00 3.931122621553499036e-02 4.356998208660050470e-02 5.851176291502435678e-02 8.331773527616578856e-02 5.253909142525279297e-01
1.266299999999999981e+00 3.921936627010379900e-02 4.347132138625740133e-02 5.838657503819217470e-02 8.315103419762831516e-02 5.186672235835952938e-01
1.266999999999999904e+00 3.912750632467260764e-02 4.337266068591429796e-02 5.826138716136001344e-02 8.298433311909082788e-02 5.119435329146625469e-01
1.267700000000000049e+00 3.903564637924137465e-02 4.327399998557116684e-02 5.813619928452777585e-02 8.281763204055327121e-02 5.052198422457276905e-01
1.268399999999999972e+00 3.894378643381019023e-02 4.317533928522806347e-02 5.801101140769560766e-02 8.265093096201578393e-02 4.984961515767950546e-01
1.269099999999999895e+00 3.885192648837899887e-02 4.307667858488495316e-02 5.788582353086343252e-02 8.248422988347828277e-02 4.917724609078623077e-01
1.269800000000000040e+00 3.876082149225830442e-02 4.297877638489966401e-02 5.776149202625045082e-02 8.231884571859160449e-02 4.853306228808828560e-01
1.270499999999999963e+00 3.867098692159031542e-02 4.288215058605420599e-02 5.763860162112473956e-02 8.215567765033250647e-02 4.793630852675183629e-01
1.271199999999999886e+00 3.858115235092233336e-02 4.278552478720876878e-02 5.751571121599902137e-02 8.199250958207339457e-02 4.733955476541539253e-01
1.271900000000000031e+00 3.849131778025431661e-02 4.268889898836328300e-02 5.739282081087326848e-02 8.182934151381425492e-02 4.674280100407876559e-01
1.272599999999999953e+00 3.840148320958632761e-02 4.259227318951783886e-02 5.726993040574755722e-02 8.166617344555514302e-02 4.614604724274231073e-01
1.273299999999999876e+00 3.831164863891833861e-02 4.249564739067239472e-02 5.714704000062183903e-02 8.150300537729604500e-02 4.554929348140587253e-01
1.274000000000000021e+00 3.822181406825032185e-02 4.239902159182691588e-02 5.702414959549609308e-02 8.133983730903689147e-02 4.495253972006922893e-01
1.274699999999999944e+00 3.813197949758234673e-02 4.230239579298146479e-02 5.690125919037037489e-02 8.117666924077779345e-02 4.435578595873279073e-01
1.275400000000000089e+00 3.804214492691432997e-02 4.220576999413598596e-02 5.677836878524461506e-02 8.101350117251862604e-02 4.375903219739614713e-01
1.276100000000000012e+00 3.795231035624634097e-02 4.210914419529054181e-02 5.665547838011890380e-02 8.085033310425951414e-02 4.316227843605971448e-01
1.276799999999999935e+00 3.786317624513014374e-02 4.201322430434516891e-02 5.653338905295114680e-02 8.068829334593143054e-02 4.259074131547936348e-01
1.277500000000000080e+00 3.777532763648681208e-02 4.191859991483004588e-02 5.641276988589936231e-02 8.052832429276073067e-02 4.206548246174104388e-01
1.278200000000000003e+00 3.768747902784350123e-02 4.182397552531495061e-02 5.629215071884762639e-02 8.036835523959008631e-02 4.154022360800287972e-01
1.278899999999999926e+00 3.759963041920019039e-02 4.172935113579984839e-02 5.617153155179587659e-02 8.020838618641945583e-02 4.101496475426472665e-01
1.279600000000000071e+00 3.751178181055685179e-02 4.163472674628472536e-02 5.605091238474409210e-02 8.004841713324875596e-02 4.048970590052640151e-01
1.280299999999999994e+00 3.742393320191354789e-02 4.154010235676963009e-02 5.593029321769234230e-02 7.988844808007811160e-02 3.996444704678824289e-01
1.280999999999999917e+00 3.733608459327024398e-02 4.144547796725453481e-02 5.580967405064060638e-02 7.972847902690746724e-02 3.943918819305008983e-01
1.281700000000000061e+00 3.724823598462690538e-02 4.135085357773939790e-02 5.568905488358882189e-02 7.956850997373678125e-02 3.891392933931175913e-01
1.282399999999999984e+00 3.716038737598359454e-02 4.125622918822430263e-02 5.556843571653708597e-02 7.940854092056613689e-02 3.838867048557360606e-01
1.283099999999999907e+00 3.707253876734029063e-02 4.116160479870920735e-02 5.544781654948533617e-02 7.924857186739552029e-02 3.786341163183544745e-01
1.283800000000000052e+00 3.698533787681917984e-02 4.106763511467668992e-02 5.532794406219540551e-02 7.908958757545438145e-02 3.736031156896962302e-01
1.284499999999999975e+00 3.689943632445895350e-02 4.097497878561837809e-02 5.520956943250007742e-02 7.893257873826900473e-02 3.690166257454096654e-01
1.285199999999999898e+00 3.681353477209872022e-02 4.088232245656005931e-02 5.509119480280473546e-02 7.877556990108361412e-02 3.644301358011231007e-01
1.285900000000000043e+00 3.672763321973847306e-02 4.078966612750171278e-02 5.497282017310936575e-02 7.861856106389819576e-02 3.598436458568350926e-01
1.286599999999999966e+00 3.664173166737823978e-02 4.069700979844339400e-02 5.485444554341402379e-02 7.846155222671280516e-02 3.552571559125484724e-01
1.287299999999999889e+00 3.655583011501801344e-02 4.060435346938508216e-02 5.473607091371869571e-02 7.830454338952741455e-02 3.506706659682619076e-01
1.288000000000000034e+00 3.646992856265775240e-02 4.051169714032672869e-02 5.461769628402333293e-02 7.814753455234198232e-02 3.460841760239738996e-01
1.288699999999999957e+00 3.638402701029752606e-02 4.041904081126841686e-02 5.449932165432798403e-02 7.799052571515660559e-02 3.414976860796872793e-01
1.289399999999999880e+00 3.629812545793729278e-02 4.032638448221010502e-02 5.438094702463265595e-02 7.783351687797122886e-02 3.369111961354007145e-01
1.290100000000000025e+00 3.621222390557703869e-02 4.023372815315174461e-02 5.426257239493729317e-02 7.767650804078579663e-02 3.323247061911126510e-01
1.290799999999999947e+00 3.612691905009665638e-02 4.014167671576358842e-02 5.414489098612380175e-02 7.752037119879839899e-02 3.279295714389745542e-01
1.291500000000000092e+00 3.604292616275592970e-02 4.005095526454761912e-02 5.402873377450562870e-02 7.736615162830394465e-02 3.239551727823924976e-01
1.292200000000000015e+00 3.595893327541521689e-02 3.996023381333167063e-02 5.391257656288748340e-02 7.721193205780954583e-02 3.199807741258117177e-01
1.292899999999999938e+00 3.587494038807450408e-02 3.986951236211572908e-02 5.379641935126933810e-02 7.705771248731513312e-02 3.160063754692308269e-01
1.293600000000000083e+00 3.579094750073377740e-02 3.977879091089975283e-02 5.368026213965115812e-02 7.690349291682069266e-02 3.120319768126488258e-01
1.294300000000000006e+00 3.570695461339307847e-02 3.968806945968380434e-02 5.356410492803301282e-02 7.674927334632629383e-02 3.080575781560679904e-01
1.294999999999999929e+00 3.562296172605236566e-02 3.959734800846786279e-02 5.344794771641486059e-02 7.659505377583189500e-02 3.040831794994871551e-01
1.295700000000000074e+00 3.553896883871163204e-02 3.950662655725189348e-02 5.333179050479668754e-02 7.644083420533744067e-02 3.001087808429050985e-01
1.296399999999999997e+00 3.545497595137092617e-02 3.941590510603594499e-02 5.321563329317854918e-02 7.628661463484304184e-02 2.961343821863242631e-01
1.297099999999999920e+00 3.537098306403022030e-02 3.932518365481999650e-02 5.309947608156040388e-02 7.613239506434864301e-02 2.921599835297434833e-01
1.297800000000000065e+00 3.528753754347888072e-02 3.923501866635026314e-02 5.298395960998104892e-02 7.597895558473514999e-02 2.883480317334824461e-01
1.298499999999999988e+00 3.520541545084988899e-02 3.914619909808204901e-02 5.286999232493397316e-02 7.582740221526541868e-02 2.849288452912860925e-01
1.299199999999999910e+00 3.512329335822089033e-02 3.905737952981383487e-02 5.275602503988689046e-02 7.567584884579570126e-02 2.815096588490896834e-01
1.299900000000000055e+00 3.504117126559186390e-02 3.896855996154559992e-02 5.264205775483977306e-02 7.552429547632592832e-02 2.780904724068922751e-01
1.300599999999999978e+00 3.495904917296287218e-02 3.887974039327739967e-02 5.252809046979269730e-02 7.537274210685619702e-02 2.746712859646959215e-01
1.301299999999999901e+00 3.487692708033386657e-02 3.879092082500918554e-02 5.241412318474561460e-02 7.522118873738647959e-02 2.712520995224995679e-01
1.302000000000000046e+00 3.479480498770484709e-02 3.870210125674095059e-02 5.230015589969849721e-02 7.506963536791672054e-02 2.678329130803021596e-01
1.302699999999999969e+00 3.471268289507585536e-02 3.861328168847274339e-02 5.218618861465142145e-02 7.491808199844697536e-02 2.644137266381058060e-01
1.303399999999999892e+00 3.463056080244685669e-02 3.852446212020453620e-02 5.207222132960434569e-02 7.476652862897724405e-02 2.609945401959094524e-01
1.304100000000000037e+00 3.454843870981783721e-02 3.843564255193629431e-02 5.195825404455722829e-02 7.461497525950747112e-02 2.575753537537120441e-01
1.304799999999999960e+00 3.446681631522692524e-02 3.834733239654961046e-02 5.184487603117046706e-02 7.446412412394931568e-02 2.542917508993151610e-01
1.305499999999999883e+00 3.438652767348765460e-02 3.826038192407464622e-02 5.173307085317117859e-02 7.431514733331684441e-02 2.513700365917654334e-01
1.306200000000000028e+00 3.430623903174837008e-02 3.817343145159964035e-02 5.162126567517184850e-02 7.416617054268433151e-02 2.484483222842149286e-01
1.306899999999999951e+00 3.422595039000910638e-02 3.808648097912467612e-02 5.150946049717255310e-02 7.401719375205186024e-02 2.455266079766652565e-01
1.307600000000000096e+00 3.414566174826982187e-02 3.799953050664967719e-02 5.139765531917322300e-02 7.386821696141934734e-02 2.426048936691146130e-01
1.308300000000000018e+00 3.406537310653055817e-02 3.791258003417471295e-02 5.128585014117392760e-02 7.371924017078687608e-02 2.396831793615649964e-01
1.308999999999999941e+00 3.398508446479128753e-02 3.782562956169973484e-02 5.117404496317463219e-02 7.357026338015440481e-02 2.367614650540153520e-01
1.309700000000000086e+00 3.390479582305199607e-02 3.773867908922473591e-02 5.106223978517530904e-02 7.342128658952189191e-02 2.338397507464647640e-01
1.310400000000000009e+00 3.382450718131273931e-02 3.765172861674977167e-02 5.095043460717601363e-02 7.327230979888942064e-02 2.309180364389150919e-01
1.311099999999999932e+00 3.374421853957346867e-02 3.756477814427480050e-02 5.083862942917671823e-02 7.312333300825694937e-02 2.279963221313654198e-01
1.311800000000000077e+00 3.366438355797823218e-02 3.747829140609380827e-02 5.072736309728684972e-02 7.297499001856795620e-02 2.251858527085521811e-01
1.312500000000000000e+00 3.358589155442849583e-02 3.739317746864034842e-02 5.061769192094326547e-02 7.282852328087850713e-02 2.227047034603985565e-01
1.313199999999999923e+00 3.350739955087876643e-02 3.730806353118688856e-02 5.050802074459968122e-02 7.268205654318904418e-02 2.202235542122449596e-01
1.313900000000000068e+00 3.342890754732901620e-02 3.722294959373340095e-02 5.039834956825605533e-02 7.253558980549951185e-02 2.177424049640906134e-01
1.314599999999999991e+00 3.335041554377927986e-02 3.713783565627993416e-02 5.028867839191247108e-02 7.238912306781006278e-02 2.152612557159369888e-01
1.315299999999999914e+00 3.327192354022954351e-02 3.705272171882646737e-02 5.017900721556889376e-02 7.224265633012058596e-02 2.127801064677833365e-01
1.316000000000000059e+00 3.319343153667979329e-02 3.696760778137297976e-02 5.006933603922526788e-02 7.209618959243108138e-02 2.102989572196289347e-01
1.316699999999999982e+00 3.311493953313006389e-02 3.688249384391951990e-02 4.995966486288168362e-02 7.194972285474161844e-02 2.078178079714753379e-01
1.317399999999999904e+00 3.303644752958032754e-02 3.679737990646606005e-02 4.984999368653809937e-02 7.180325611705214162e-02 2.053366587233217411e-01
1.318100000000000049e+00 3.295795552603057732e-02 3.671226596901256550e-02 4.974032251019448042e-02 7.165678937936263704e-02 2.028555094751673116e-01
1.318799999999999972e+00 3.287987274453860187e-02 3.662757144896020001e-02 4.963114082375728875e-02 7.151089433721431743e-02 2.004640569687399787e-01
1.319499999999999895e+00 3.280314110139251338e-02 3.654426172946488582e-02 4.952357529795931718e-02 7.136688687603370829e-02 1.983687583595639681e-01
1.320200000000000040e+00 3.272640945824640407e-02 3.646095200996955776e-02 4.941600977216130397e-02 7.122287941485308527e-02 1.962734597503872913e-01
1.320899999999999963e+00 3.264967781510032252e-02 3.637764229047425052e-02 4.930844424636333240e-02 7.107887195367247612e-02 1.941781611412112252e-01
1.321599999999999886e+00 3.257294617195424097e-02 3.629433257097893634e-02 4.920087872056536082e-02 7.093486449249188086e-02 1.920828625320352145e-01
1.322300000000000031e+00 3.249621452880813166e-02 3.621102285148360828e-02 4.909331319476734762e-02 7.079085703131123009e-02 1.899875639228585378e-01
1.322999999999999954e+00 3.241948288566204317e-02 3.612771313198830103e-02 4.898574766896936911e-02 7.064684957013063482e-02 1.878922653136825272e-01
1.323699999999999877e+00 3.234275124251595468e-02 3.604440341249297991e-02 4.887818214317140447e-02 7.050284210895002568e-02 1.857969667045064888e-01
1.324400000000000022e+00 3.226601959936984537e-02 3.596109369299765185e-02 4.877061661737339127e-02 7.035883464776938878e-02 1.837016680953298398e-01
1.325099999999999945e+00 3.218928795622376382e-02 3.587778397350233767e-02 4.866305109157541275e-02 7.021482718658880740e-02 1.816063694861538014e-01
1.325800000000000090e+00 3.211292266533462281e-02 3.579485070497104987e-02 4.855592679171930742e-02 7.007133359822635688e-02 1.795820967591374440e-01
1.326500000000000012e+00 3.203791564271898235e-02 3.571331314614609176e-02 4.845043835785539654e-02 6.992974521757676365e-02 1.778211558405083659e-01
1.327199999999999935e+00 3.196290862010334882e-02 3.563177558732114059e-02 4.834494992399147872e-02 6.978815683692717042e-02 1.760602149218792878e-01
1.327900000000000080e+00 3.188790159748768060e-02 3.555023802849615472e-02 4.823946149012752621e-02 6.964656845627753556e-02 1.742992740032496546e-01
1.328600000000000003e+00 3.181289457487204708e-02 3.546870046967119661e-02 4.813397305626360145e-02 6.950498007562794234e-02 1.725383330846205487e-01
1.329299999999999926e+00 3.173788755225641356e-02 3.538716291084623849e-02 4.802848462239969057e-02 6.936339169497834911e-02 1.707773921659914707e-01
1.330000000000000071e+00 3.166288052964075228e-02 3.530562535202125957e-02 4.792299618853573806e-02 6.922180331432871425e-02 1.690164512473618097e-01
1.330699999999999994e+00 3.158787350702511876e-02 3.522408779319629452e-02 4.781750775467182024e-02 6.908021493367910715e-02 1.672555103287327039e-01
1.331399999999999917e+00 3.151286648440947830e-02 3.514255023437134334e-02 4.771201932080790242e-02 6.893862655302951392e-02 1.654945694101036535e-01
1.332100000000000062e+00 3.143785946179381702e-02 3.506101267554635748e-02 4.760653088694394991e-02 6.879703817237987906e-02 1.637336284914740203e-01
1.332799999999999985e+00 3.136317745801339707e-02 3.497980993894638652e-02 4.750143652676327294e-02 6.865590879522967538e-02 1.620278643699095411e-01
1.333499999999999908e+00 3.128985985621832167e-02 3.490001275814507559e-02 4.739799645506533043e-02 6.851670627651962331e-02 1.605537278443562865e-01
1.334200000000000053e+00 3.121654225442322544e-02 3.482021557734373690e-02 4.729455638336736018e-02 6.837750375780950185e-02 1.590795913188025046e-01
1.334899999999999975e+00 3.114322465262814657e-02 3.474041839654241903e-02 4.719111631166942461e-02 6.823830123909943590e-02 1.576054547932492222e-01
1.335599999999999898e+00 3.106990705083307117e-02 3.466062121574110116e-02 4.708767623997148211e-02 6.809909872038938383e-02 1.561313182676959677e-01
1.336300000000000043e+00 3.099658944903797148e-02 3.458082403493975554e-02 4.698423616827351185e-02 6.795989620167926237e-02 1.546571817421422135e-01
1.336999999999999966e+00 3.092327184724289954e-02 3.450102685413843767e-02 4.688079609657556934e-02 6.782069368296921030e-02 1.531830452165889311e-01
1.337699999999999889e+00 3.084995424544782414e-02 3.442122967333711980e-02 4.677735602487764072e-02 6.768149116425915823e-02 1.517089086910356210e-01
1.338400000000000034e+00 3.077663664365272791e-02 3.434143249253578112e-02 4.667391595317966352e-02 6.754228864554903677e-02 1.502347721654818946e-01
1.339099999999999957e+00 3.070331904185764557e-02 3.426163531173446325e-02 4.657047588148172795e-02 6.740308612683897083e-02 1.487606356399285845e-01
1.339799999999999880e+00 3.063028662964705634e-02 3.418213264796993167e-02 4.646738385915610142e-02 6.726428984755956908e-02 1.473284875280540807e-01
1.340500000000000025e+00 3.055862379067353363e-02 3.410404435090531178e-02 4.636596328323468880e-02 6.712744446229013118e-02 1.460979814493112705e-01
1.341199999999999948e+00 3.048696095170004214e-02 3.402595605384072658e-02 4.626454270731329699e-02 6.699059907702073491e-02 1.448674753705687934e-01
1.341900000000000093e+00 3.041529811272652636e-02 3.394786775677611362e-02 4.616312213139187742e-02 6.685375369175129701e-02 1.436369692918259833e-01
1.342600000000000016e+00 3.034363527375302794e-02 3.386977945971152149e-02 4.606170155547049949e-02 6.671690830648190074e-02 1.424064632130835062e-01
1.343299999999999939e+00 3.027197243477953298e-02 3.379169116264692935e-02 4.596028097954911462e-02 6.658006292121250447e-02 1.411759571343410569e-01
1.344000000000000083e+00 3.020030959580601027e-02 3.371360286558230251e-02 4.585886040362769506e-02 6.644321753594306657e-02 1.399454510555982190e-01
1.344700000000000006e+00 3.012864675683251878e-02 3.363551456851771732e-02 4.575743982770631019e-02 6.630637215067367030e-02 1.387149449768557696e-01
1.345399999999999929e+00 3.005698391785902729e-02 3.355742627145312518e-02 4.565601925178493226e-02 6.616952676540427403e-02 1.374844388981133481e-01
1.346100000000000074e+00 2.998532107888549764e-02 3.347933797438851222e-02 4.555459867586351269e-02 6.603268138013483612e-02 1.362539328193704824e-01
1.346799999999999997e+00 2.991390507198410376e-02 3.340150519730994416e-02 4.545348126615848805e-02 6.589619104673254124e-02 1.350546547730374081e-01
1.347499999999999920e+00 2.984386288043135160e-02 3.332509459067989344e-02 4.535405121578928167e-02 6.576167685727463130e-02 1.340291853807722144e-01
1.348200000000000065e+00 2.977382068887856822e-02 3.324868398404981495e-02 4.525462116542004060e-02 6.562716266781670749e-02 1.330037159885066600e-01
1.348899999999999988e+00 2.970377849732581954e-02 3.317227337741977117e-02 4.515519111505082728e-02 6.549264847835881143e-02 1.319782465962414664e-01
1.349599999999999911e+00 2.963373630577306045e-02 3.309586277078972044e-02 4.505576106468161396e-02 6.535813428890092924e-02 1.309527772039762450e-01
1.350300000000000056e+00 2.956369411422028401e-02 3.301945216415964196e-02 4.495633101431237982e-02 6.522362009944300543e-02 1.299273078117107461e-01
1.350999999999999979e+00 2.949365192266752492e-02 3.294304155752959123e-02 4.485690096394316650e-02 6.508910590998510937e-02 1.289018384194455247e-01
1.351699999999999902e+00 2.942360973111477970e-02 3.286663095089954051e-02 4.475747091357395319e-02 6.495459172052722718e-02 1.278763690271803033e-01
1.352400000000000047e+00 2.935356753956200326e-02 3.279022034426947591e-02 4.465804086320471905e-02 6.482007753106928949e-02 1.268508996349147766e-01
1.353099999999999969e+00 2.928352534800924417e-02 3.271380973763942518e-02 4.455861081283550573e-02 6.468556334161139343e-02 1.258254302426495830e-01
1.353799999999999892e+00 2.921369307016880371e-02 3.263761694551869930e-02 4.445944019703734762e-02 6.455135427342094390e-02 1.248225818066411724e-01
1.354500000000000037e+00 2.914523795350152865e-02 3.256285314858792940e-02 4.436197162925833992e-02 6.441914698566678088e-02 1.239681405533476777e-01
1.355199999999999960e+00 2.907678283683427789e-02 3.248808935165718031e-02 4.426450306147935304e-02 6.428693969791264562e-02 1.231136993000544605e-01
1.355899999999999883e+00 2.900832772016702366e-02 3.241332555472643123e-02 4.416703449370037310e-02 6.415473241015851036e-02 1.222592580467612433e-01
1.356600000000000028e+00 2.893987260349974860e-02 3.233856175779566133e-02 4.406956592592136540e-02 6.402252512240433346e-02 1.214048167934677208e-01
1.357299999999999951e+00 2.887141748683249784e-02 3.226379796086491919e-02 4.397209735814237852e-02 6.389031783465019820e-02 1.205503755401745036e-01
1.358000000000000096e+00 2.880296237016521932e-02 3.218903416393414235e-02 4.387462879036336388e-02 6.375811054689603519e-02 1.196959342868810089e-01
1.358700000000000019e+00 2.873450725349796855e-02 3.211427036700339327e-02 4.377716022258438394e-02 6.362590325914189993e-02 1.188414930335877640e-01
1.359399999999999942e+00 2.866605213683071779e-02 3.203950657007264419e-02 4.367969165480540400e-02 6.349369597138776466e-02 1.179870517802945468e-01
1.360100000000000087e+00 2.859759702016344621e-02 3.196474277314188123e-02 4.358222308702638936e-02 6.336148868363360165e-02 1.171326105270010798e-01
1.360800000000000010e+00 2.852931630532894863e-02 3.189016035921456854e-02 4.348497138136376422e-02 6.322953765895067413e-02 1.162940442310344963e-01
1.361499999999999932e+00 2.846241523356433240e-02 3.181701281440378615e-02 4.338943520994295588e-02 6.309961385820606061e-02 1.155810601867769960e-01
1.362200000000000077e+00 2.839551416179969881e-02 3.174386526959297600e-02 4.329389903852211979e-02 6.296969005746139159e-02 1.148680761425192459e-01
1.362900000000000000e+00 2.832861309003507563e-02 3.167071772478218666e-02 4.319836286710131840e-02 6.283976625671677807e-02 1.141550920982617179e-01
1.363599999999999923e+00 2.826171201827045940e-02 3.159757017997139039e-02 4.310282669568051006e-02 6.270984245597216455e-02 1.134421080540042454e-01
1.364300000000000068e+00 2.819481094650581193e-02 3.152442263516058024e-02 4.300729052425968091e-02 6.257991865522748165e-02 1.127291240097464675e-01
1.364999999999999991e+00 2.812790987474119569e-02 3.145127509034979091e-02 4.291175435283887257e-02 6.244999485448286813e-02 1.120161399654889672e-01
1.365699999999999914e+00 2.806100880297657252e-02 3.137812754553900157e-02 4.281621818141807118e-02 6.232007105373825462e-02 1.113031559212314670e-01
1.366400000000000059e+00 2.799410773121193546e-02 3.130498000072819142e-02 4.272068200999724202e-02 6.219014725299359253e-02 1.105901718769737169e-01
1.367099999999999982e+00 2.792720665944731923e-02 3.123183245591740209e-02 4.262514583857643369e-02 6.206022345224897901e-02 1.098771878327161888e-01
1.367799999999999905e+00 2.786044585141873170e-02 3.115883111803573538e-02 4.252978512118077425e-02 6.193050802980333558e-02 1.091749031169117340e-01
1.368500000000000050e+00 2.779506633626896081e-02 3.108726960056476876e-02 4.243615224451099954e-02 6.180284468060635167e-02 1.085779835269602006e-01
1.369199999999999973e+00 2.772968682111921074e-02 3.101570808309383337e-02 4.234251936784125259e-02 6.167518133140941633e-02 1.079810639370089032e-01
1.369899999999999896e+00 2.766430730596945720e-02 3.094414656562289798e-02 4.224888649117150563e-02 6.154751798221245324e-02 1.073841443470575641e-01
1.370600000000000041e+00 2.759892779081967937e-02 3.087258504815193136e-02 4.215525361450173092e-02 6.141985463301546933e-02 1.067872247571060584e-01
1.371299999999999963e+00 2.753354827566992583e-02 3.080102353068099597e-02 4.206162073783198396e-02 6.129219128381852705e-02 1.061903051671547332e-01
1.371999999999999886e+00 2.746816876052017575e-02 3.072946201321006057e-02 4.196798786116223701e-02 6.116452793462159171e-02 1.055933855772034219e-01
1.372700000000000031e+00 2.740278924537039792e-02 3.065790049573910089e-02 4.187435498449245536e-02 6.103686458542459392e-02 1.049964659872519024e-01
1.373399999999999954e+00 2.733740973022064438e-02 3.058633897826815856e-02 4.178072210782270840e-02 6.090920123622764470e-02 1.043995463973005772e-01
1.374099999999999877e+00 2.727203021507089084e-02 3.051477746079722317e-02 4.168708923115296144e-02 6.078153788703070243e-02 1.038026268073492520e-01
1.374800000000000022e+00 2.720675816667791208e-02 3.044332821023545618e-02 4.159359156760810555e-02 6.065403595890276472e-02 1.032125259483547414e-01
1.375499999999999945e+00 2.714286826018489154e-02 3.037332283686701787e-02 4.150183289508660445e-02 6.052861008507956497e-02 1.027101215458351702e-01
1.376200000000000090e+00 2.707897835369184325e-02 3.030331746349855179e-02 4.141007422256506171e-02 6.040318421125634440e-02 1.022077171433154463e-01
1.376900000000000013e+00 2.701508844719882271e-02 3.023331209013011694e-02 4.131831555004356060e-02 6.027775833743314465e-02 1.017053127407958890e-01
1.377599999999999936e+00 2.695119854070580565e-02 3.016330671676167863e-02 4.122655687752205950e-02 6.015233246360996572e-02 1.012029083382763178e-01
1.378300000000000081e+00 2.688730863421275735e-02 3.009330134339321949e-02 4.113479820500052370e-02 6.002690658978673127e-02 1.007005039357565940e-01
1.379000000000000004e+00 2.682341872771973681e-02 3.002329597002477077e-02 4.104303953247902259e-02 5.990148071596353152e-02 1.001980995332370367e-01
1.379699999999999926e+00 2.675952882122671281e-02 2.995329059665633592e-02 4.095128085995752149e-02 5.977605484214034565e-02 9.969569513071745159e-02
1.380400000000000071e+00 2.669563891473366798e-02 2.988328522328788026e-02 4.085952218743597875e-02 5.965062896831711120e-02 9.919329072819772775e-02
1.381099999999999994e+00 2.663174900824064398e-02 2.981327984991943847e-02 4.076776351491447764e-02 5.952520309449392533e-02 9.869088632567817043e-02
1.381799999999999917e+00 2.656793508006201343e-02 2.974335401937202444e-02 4.067610098244544420e-02 5.939989259817499839e-02 9.819246429228514761e-02
1.382500000000000062e+00 2.650550337275678001e-02 2.967487525629947803e-02 4.058618745939254757e-02 5.927668108491442739e-02 9.776649074338640555e-02
1.383199999999999985e+00 2.644307166545156393e-02 2.960639649322695591e-02 4.049627393633969258e-02 5.915346957165389802e-02 9.734051719448780227e-02
1.383899999999999908e+00 2.638063995814634438e-02 2.953791773015442684e-02 4.040636041328682371e-02 5.903025805839336171e-02 9.691454364558918511e-02
1.384600000000000053e+00 2.631820825084110749e-02 2.946943896708187696e-02 4.031644689023393402e-02 5.890704654513278377e-02 9.648857009669045692e-02
1.385299999999999976e+00 2.625577654353588794e-02 2.940096020400935484e-02 4.022653336718106515e-02 5.878383503187224746e-02 9.606259654779185364e-02
1.385999999999999899e+00 2.619334483623067186e-02 2.933248144093682577e-02 4.013661984412820322e-02 5.866062351861171809e-02 9.563662299889325036e-02
1.386700000000000044e+00 2.613091312892543844e-02 2.926400267786427936e-02 4.004670632107531353e-02 5.853741200535114708e-02 9.521064944999449442e-02
1.387399999999999967e+00 2.606848142162021889e-02 2.919552391479175030e-02 3.995679279802244466e-02 5.841420049209060383e-02 9.478467590109589114e-02
1.388099999999999890e+00 2.600604971431500281e-02 2.912704515171922470e-02 3.986687927496958966e-02 5.829098897883008834e-02 9.435870235219728785e-02
1.388800000000000034e+00 2.594366377297128989e-02 2.905861440253029032e-02 3.977702398531870326e-02 5.816784771778706759e-02 9.393469801327621049e-02
1.389499999999999957e+00 2.588265939159112294e-02 2.899163307245292143e-02 3.968892661649088549e-02 5.804682719556151366e-02 9.357013920055581857e-02
1.390199999999999880e+00 2.582165501021095599e-02 2.892465174237555600e-02 3.960082924766306078e-02 5.792580667333596667e-02 9.320558038783542665e-02
1.390900000000000025e+00 2.576065062883077170e-02 2.885767041229816629e-02 3.951273187883520832e-02 5.780478615111036417e-02 9.284102157511493758e-02
1.391599999999999948e+00 2.569964624745060822e-02 2.879068908222079393e-02 3.942463451000739055e-02 5.768376562888482412e-02 9.247646276239454566e-02
1.392300000000000093e+00 2.563864186607042392e-02 2.872370775214340075e-02 3.933653714117954503e-02 5.756274510665922856e-02 9.211190394967404271e-02
1.393000000000000016e+00 2.557763748469025697e-02 2.865672642206602838e-02 3.924843977235172726e-02 5.744172458443368851e-02 9.174734513695365079e-02
1.393699999999999939e+00 2.551663310331009002e-02 2.858974509198866296e-02 3.916034240352390255e-02 5.732070406220813458e-02 9.138278632423325887e-02
1.394400000000000084e+00 2.545562872192990572e-02 2.852276376191127671e-02 3.907224503469605009e-02 5.719968353998254595e-02 9.101822751151275592e-02
1.395100000000000007e+00 2.539462434054973877e-02 2.845578243183390435e-02 3.898414766586823232e-02 5.707866301775699203e-02 9.065366869879236400e-02
1.395799999999999930e+00 2.533363675659851266e-02 2.838881876049605818e-02 3.889607178690707157e-02 5.695766855531157746e-02 9.028969993039978603e-02
1.396500000000000075e+00 2.527402936139160755e-02 2.832330604892205686e-02 3.880976165865601679e-02 5.683881533813450043e-02 8.997421313760947670e-02
1.397199999999999998e+00 2.521442196618473019e-02 2.825779333734807636e-02 3.872345153040498977e-02 5.671996212095745116e-02 8.965872634481929226e-02
1.397899999999999920e+00 2.515481457097784590e-02 2.819228062577410626e-02 3.863714140215396969e-02 5.660110890378039494e-02 8.934323955202909395e-02
1.398600000000000065e+00 2.509520717577094426e-02 2.812676791420010841e-02 3.855083127390291492e-02 5.648225568660331791e-02 8.902775275923881237e-02
1.399299999999999988e+00 2.503559978056406343e-02 2.806125520262613832e-02 3.846452114565189484e-02 5.636340246942626170e-02 8.871226596644860019e-02
1.399999999999999911e+00 2.497599238535717914e-02 2.799574249105215781e-02 3.837821101740087476e-02 5.624454925224921242e-02 8.839677917365840187e-02
1.400700000000000056e+00 2.491638499015027750e-02 2.793022977947815649e-02 3.829190088914981999e-02 5.612569603507212151e-02 8.808129238086813417e-02
1.401399999999999979e+00 2.485677759494339320e-02 2.786471706790418640e-02 3.820559076089879991e-02 5.600684281789507918e-02 8.776580558807793586e-02
1.402099999999999902e+00 2.479717019973651237e-02 2.779920435633020590e-02 3.811928063264777289e-02 5.588798960071804378e-02 8.745031879528773755e-02
1.402800000000000047e+00 2.473756280452960726e-02 2.773369164475621151e-02 3.803297050439672505e-02 5.576913638354095287e-02 8.713483200249742822e-02
1.403499999999999970e+00 2.467931162684347188e-02 2.766960756110536934e-02 3.794840470990099024e-02 5.565240926229468588e-02 8.685805697683607329e-02
1.404199999999999893e+00 2.462107140849083622e-02 2.760553502192259270e-02 3.786385301103154660e-02 5.553569932162157746e-02 8.658159477353535860e-02
1.404900000000000038e+00 2.456283119013817975e-02 2.754146248273979872e-02 3.777930131216208909e-02 5.541898938094846211e-02 8.630513257023454676e-02
1.405599999999999961e+00 2.450459097178554410e-02 2.747738994355702208e-02 3.769474961329265239e-02 5.530227944027535369e-02 8.602867036693381819e-02
1.406299999999999883e+00 2.444635075343290845e-02 2.741331740437424197e-02 3.761019791442321569e-02 5.518556949960225916e-02 8.575220816363308962e-02
1.407000000000000028e+00 2.438811053508025198e-02 2.734924486519144798e-02 3.752564621555375124e-02 5.506885955892912993e-02 8.547574596033227778e-02
1.407699999999999951e+00 2.432987031672761633e-02 2.728517232600867481e-02 3.744109451668431454e-02 5.495214961825602151e-02 8.519928375703156309e-02
1.408400000000000096e+00 2.427163009837496332e-02 2.722109978682587389e-02 3.735654281781485703e-02 5.483543967758290616e-02 8.492282155373075125e-02
1.409100000000000019e+00 2.421338988002232420e-02 2.715702724764310419e-02 3.727199111894542033e-02 5.471872973690979775e-02 8.464635935043002268e-02
1.409799999999999942e+00 2.415514966166968508e-02 2.709295470846032408e-02 3.718743942007597669e-02 5.460201979623671709e-02 8.436989714712930799e-02
1.410500000000000087e+00 2.409820980173211710e-02 2.703025465078914835e-02 3.710456893166595022e-02 5.448736930973699377e-02 8.412348858103012306e-02
1.411200000000000010e+00 2.404130747791376199e-02 2.696759421114101885e-02 3.702174697304239787e-02 5.437277827139903180e-02 8.387794754260281815e-02
1.411899999999999933e+00 2.398440515409541382e-02 2.690493377149287893e-02 3.693892501441885245e-02 5.425818723306106289e-02 8.363240650417551325e-02
1.412600000000000078e+00 2.392750283027704483e-02 2.684227333184472167e-02 3.685610305579527235e-02 5.414359619472305235e-02 8.338686546574813896e-02
1.413300000000000001e+00 2.387060050645868625e-02 2.677961289219658522e-02 3.677328109717173388e-02 5.402900515638509038e-02 8.314132442732084793e-02
1.413999999999999924e+00 2.381369818264033808e-02 2.671695245254844531e-02 3.669045913854818153e-02 5.391441411804711453e-02 8.289578338889354303e-02
1.414700000000000069e+00 2.375679585882196909e-02 2.665429201290028804e-02 3.660763717992460836e-02 5.379982307970911093e-02 8.265024235046615486e-02
1.415399999999999991e+00 2.369989353500361398e-02 2.659163157325215160e-02 3.652481522130106295e-02 5.368523204137113508e-02 8.240470131203884996e-02
1.416099999999999914e+00 2.364299121118526581e-02 2.652897113360401515e-02 3.644199326267751060e-02 5.357064100303317311e-02 8.215916027361155893e-02
1.416800000000000059e+00 2.358608888736689335e-02 2.646631069395585789e-02 3.635917130405393050e-02 5.345604996469516951e-02 8.191361923518418464e-02
1.417499999999999982e+00 2.353043273456872919e-02 2.640496807389089776e-02 3.627796871616689039e-02 5.334345239766231928e-02 8.169134605543247607e-02
1.418199999999999905e+00 2.347483954620106089e-02 2.634369203839435208e-02 3.619684794911705306e-02 5.323095555339015655e-02 8.147024851485595853e-02
1.418900000000000050e+00 2.341924635783337177e-02 2.628241600289778560e-02 3.611572718206718102e-02 5.311845870911795220e-02 8.124915097427937161e-02
1.419599999999999973e+00 2.336365316946570000e-02 2.622113996740123992e-02 3.603460641501735062e-02 5.300596186484577560e-02 8.102805343370284019e-02
1.420299999999999896e+00 2.330805998109802823e-02 2.615986393190469425e-02 3.595348564796751328e-02 5.289346502057361288e-02 8.080695589312632265e-02
1.421000000000000041e+00 2.325246679273034259e-02 2.609858789640812776e-02 3.587236488091765513e-02 5.278096817630141546e-02 8.058585835254973573e-02
1.421699999999999964e+00 2.319687360436267429e-02 2.603731186091158209e-02 3.579124411386781779e-02 5.266847133202924580e-02 8.036476081197321819e-02
1.422399999999999887e+00 2.314128041599499905e-02 2.597603582541503642e-02 3.571012334681797351e-02 5.255597448775708308e-02 8.014366327139670065e-02
1.423100000000000032e+00 2.308568722762731340e-02 2.591475978991846993e-02 3.562900257976812229e-02 5.244347764348487873e-02 7.992256573082012761e-02
1.423799999999999955e+00 2.303009403925964163e-02 2.585348375442192079e-02 3.554788181271828496e-02 5.233098079921271600e-02 7.970146819024359619e-02
1.424499999999999877e+00 2.297569447098116863e-02 2.579347234171921674e-02 3.546831986788469282e-02 5.222041214145817234e-02 7.949836436916146720e-02
1.425200000000000022e+00 2.292138217815006124e-02 2.573355339605948311e-02 3.538887190144967415e-02 5.210998446938445994e-02 7.929657621789176769e-02
1.425899999999999945e+00 2.286706988531896773e-02 2.567363445039976683e-02 3.530942393501469712e-02 5.199955679731077529e-02 7.909478806662212369e-02
1.426600000000000090e+00 2.281275759248786034e-02 2.561371550474003320e-02 3.522997596857968539e-02 5.188912912523706983e-02 7.889299991535242418e-02
1.427300000000000013e+00 2.275844529965676682e-02 2.555379655908032038e-02 3.515052800214470141e-02 5.177870145316338518e-02 7.869121176408278018e-02
1.427999999999999936e+00 2.270413300682567331e-02 2.549387761342060410e-02 3.507108003570971050e-02 5.166827378108971441e-02 7.848942361281315006e-02
1.428700000000000081e+00 2.264982071399456592e-02 2.543395866776087047e-02 3.499163206927470571e-02 5.155784610901599507e-02 7.828763546154343667e-02
1.429400000000000004e+00 2.259550842116347241e-02 2.537403972210115419e-02 3.491218410283971479e-02 5.144741843694231737e-02 7.808584731027379267e-02
1.430099999999999927e+00 2.254119612833238237e-02 2.531412077644144137e-02 3.483273613640473082e-02 5.133699076486863966e-02 7.788405915900416254e-02
1.430800000000000072e+00 2.248688383550127498e-02 2.525420183078170774e-02 3.475328816996972603e-02 5.122656309279492726e-02 7.768227100773444915e-02
1.431499999999999995e+00 2.243371421311587607e-02 2.519549575609592723e-02 3.467533977367004416e-02 5.111799906289390266e-02 7.749440937845719635e-02
1.432199999999999918e+00 2.238065509072962103e-02 2.513690697003180194e-02 3.459753639074608644e-02 5.100961525333484736e-02 7.730789448976822797e-02
1.432900000000000063e+00 2.232759596834335211e-02 2.507831818396765930e-02 3.451973300782210791e-02 5.090123144377575737e-02 7.712137960107917634e-02
1.433599999999999985e+00 2.227453684595709707e-02 2.501972939790353748e-02 3.444192962489814325e-02 5.079284763421670207e-02 7.693486471239020796e-02
1.434299999999999908e+00 2.222147772357084203e-02 2.496114061183941565e-02 3.436412624197419247e-02 5.068446382465765371e-02 7.674834982370122571e-02
1.435000000000000053e+00 2.216841860118457311e-02 2.490255182577527301e-02 3.428632285905021393e-02 5.057608001509856371e-02 7.656183493501218795e-02
1.435699999999999976e+00 2.211535947879831807e-02 2.484396303971114772e-02 3.420851947612624927e-02 5.046769620553951535e-02 7.637532004632320570e-02
1.436399999999999899e+00 2.206230035641206302e-02 2.478537425364702590e-02 3.413071609320229155e-02 5.035931239598045311e-02 7.618880515763422345e-02
1.437100000000000044e+00 2.200924123402579410e-02 2.472678546758287979e-02 3.405291271027831995e-02 5.025092858642137006e-02 7.600229026894519957e-02
1.437799999999999967e+00 2.195618211163953906e-02 2.466819668151875797e-02 3.397510932735435529e-02 5.014254477686230782e-02 7.581577538025621732e-02
1.438499999999999890e+00 2.190421627628508575e-02 2.461077043867060735e-02 3.389874756191915001e-02 5.003596084841901298e-02 7.564007333206658468e-02
1.439200000000000035e+00 2.185238310946930815e-02 2.455348526848235083e-02 3.382256073433648896e-02 4.992959533251556392e-02 7.546568340384762763e-02
1.439899999999999958e+00 2.180054994265355137e-02 2.449620009829411166e-02 3.374637390675384180e-02 4.982322981661214956e-02 7.529129347562871222e-02
1.440599999999999881e+00 2.174871677583779112e-02 2.443891492810587943e-02 3.367018707917120157e-02 4.971686430070873519e-02 7.511690354740982456e-02
1.441300000000000026e+00 2.169688360902201352e-02 2.438162975791762291e-02 3.359400025158854053e-02 4.961049878480529307e-02 7.494251361919085364e-02
1.441999999999999948e+00 2.164505044220625327e-02 2.432434458772938374e-02 3.351781342400590030e-02 4.950413326890187871e-02 7.476812369097193822e-02
1.442700000000000093e+00 2.159321727539047567e-02 2.426705941754113069e-02 3.344162659642323232e-02 4.939776775299842965e-02 7.459373376275298118e-02
1.443400000000000016e+00 2.154138410857471542e-02 2.420977424735289152e-02 3.336543976884059209e-02 4.929140223709501528e-02 7.441934383453407964e-02
1.444099999999999939e+00 2.148955094175895517e-02 2.415248907716465929e-02 3.328925294125795187e-02 4.918503672119160092e-02 7.424495390631516423e-02
1.444800000000000084e+00 2.143771777494318104e-02 2.409520390697640277e-02 3.321306611367529082e-02 4.907867120528815186e-02 7.407056397809620718e-02
1.445500000000000007e+00 2.138693004308009696e-02 2.403903235474559585e-02 3.313826425126746578e-02 4.897404263440836847e-02 7.390461892718255821e-02
1.446199999999999930e+00 2.133629612233648928e-02 2.398302464515680507e-02 3.306366615385086805e-02 4.886966961406079973e-02 7.373991634097588899e-02
1.446900000000000075e+00 2.128566220159286426e-02 2.392701693556799347e-02 3.298906805643424950e-02 4.876529659371318243e-02 7.357521375476916425e-02
1.447599999999999998e+00 2.123502828084925312e-02 2.387100922597919922e-02 3.291446995901765871e-02 4.866092357336560675e-02 7.341051116856250891e-02
1.448299999999999921e+00 2.118439436010564197e-02 2.381500151639040497e-02 3.283987186160106791e-02 4.855655055301803108e-02 7.324580858235582581e-02
1.449000000000000066e+00 2.113376043936201695e-02 2.375899380680159684e-02 3.276527376418444937e-02 4.845217753267042765e-02 7.308110599614911496e-02
1.449699999999999989e+00 2.108312651861840928e-02 2.370298609721280259e-02 3.269067566676785164e-02 4.834780451232284504e-02 7.291640340994243186e-02
1.450399999999999912e+00 2.103249259787479813e-02 2.364697838762401180e-02 3.261607756935126085e-02 4.824343149197527630e-02 7.275170082373577651e-02
1.451100000000000056e+00 2.098185867713117311e-02 2.359097067803519673e-02 3.254147947193464230e-02 4.813905847162766594e-02 7.258699823752905178e-02
1.451799999999999979e+00 2.093122475638756544e-02 2.353496296844640595e-02 3.246688137451805845e-02 4.803468545128008332e-02 7.242229565132238256e-02
1.452499999999999902e+00 2.088158991516151156e-02 2.348002133191635227e-02 3.239361288923474358e-02 4.793198730435306587e-02 7.226424755444264825e-02
1.453200000000000047e+00 2.083212903131026472e-02 2.342526531751886604e-02 3.232057591288755444e-02 4.782958078244511912e-02 7.210735812158684810e-02
1.453899999999999970e+00 2.078266814745903870e-02 2.337050930312139368e-02 3.224753893654038611e-02 4.772717426053721401e-02 7.195046868873107571e-02
1.454599999999999893e+00 2.073320726360780922e-02 2.331575328872391786e-02 3.217450196019323166e-02 4.762476773862930196e-02 7.179357925587530331e-02
1.455300000000000038e+00 2.068374637975656238e-02 2.326099727432642816e-02 3.210146498384604252e-02 4.752236121672135521e-02 7.163668982301948929e-02
1.455999999999999961e+00 2.063428549590533637e-02 2.320624125992895581e-02 3.202842800749887420e-02 4.741995469481344316e-02 7.147980039016374465e-02
1.456699999999999884e+00 2.058482461205410341e-02 2.315148524553148346e-02 3.195539103115170587e-02 4.731754817290553111e-02 7.132291095730797226e-02
1.457400000000000029e+00 2.053536372820285658e-02 2.309672923113399376e-02 3.188235405480452367e-02 4.721514165099759130e-02 7.116602152445215823e-02
1.458099999999999952e+00 2.048590284435163056e-02 2.304197321673651794e-02 3.180931707845736228e-02 4.711273512908967925e-02 7.100913209159639972e-02
1.458799999999999875e+00 2.043644196050040107e-02 2.298721720233904559e-02 3.173628010211019396e-02 4.701032860718176720e-02 7.085224265874062732e-02
1.459500000000000020e+00 2.038793526292650982e-02 2.293348107381831119e-02 3.166451868124088576e-02 4.690953578839675980e-02 7.070066052326680339e-02
1.460199999999999942e+00 2.033962170185214802e-02 2.287995138002927101e-02 3.159301544509482418e-02 4.680906959867764394e-02 7.055015263593782116e-02
1.460900000000000087e+00 2.029130814077777234e-02 2.282642168624021695e-02 3.152151220894874872e-02 4.670860340895849339e-02 7.039964474860878341e-02
1.461600000000000010e+00 2.024299457970341401e-02 2.277289199245117676e-02 3.145000897280269408e-02 4.660813721923937059e-02 7.024913686127977341e-02
1.462299999999999933e+00 2.019468101862905221e-02 2.271936229866214005e-02 3.137850573665663251e-02 4.650767102952025472e-02 7.009862897395079118e-02
1.463000000000000078e+00 2.014636745755467653e-02 2.266583260487308252e-02 3.130700250051055011e-02 4.640720483980110417e-02 6.994812108662173955e-02
1.463700000000000001e+00 2.009805389648031473e-02 2.261230291108404580e-02 3.123549926436449548e-02 4.630673865008198137e-02 6.979761319929275731e-02
1.464399999999999924e+00 2.004974033540595640e-02 2.255877321729500562e-02 3.116399602821844084e-02 4.620627246036286551e-02 6.964710531196376120e-02
1.465100000000000069e+00 2.000142677433157726e-02 2.250524352350594809e-02 3.109249279207236538e-02 4.610580627064370801e-02 6.949659742463472345e-02
1.465799999999999992e+00 1.995311321325721893e-02 2.245171382971691484e-02 3.102098955592630034e-02 4.600534008092459215e-02 6.934608953730572733e-02
1.466499999999999915e+00 1.990571037324197212e-02 2.239915916926165512e-02 3.095070911040256889e-02 4.590642735916187350e-02 6.919987880389676105e-02
1.467200000000000060e+00 1.985851891046017809e-02 2.234683081283941192e-02 3.088071247307263775e-02 4.580787519539395586e-02 6.905466543460744844e-02
1.467899999999999983e+00 1.981132744767840834e-02 2.229450245641718606e-02 3.081071583574273090e-02 4.570932303162606597e-02 6.890945206531819134e-02
1.468599999999999905e+00 1.976413598489663165e-02 2.224217409999495673e-02 3.074071919841281711e-02 4.561077086785818302e-02 6.876423869602893424e-02
1.469300000000000050e+00 1.971694452211484455e-02 2.218984574357271353e-02 3.067072256108288250e-02 4.551221870409025844e-02 6.861902532673962163e-02
1.469999999999999973e+00 1.966975305933306786e-02 2.213751738715048420e-02 3.060072592375296871e-02 4.541366654032236855e-02 6.847381195745036453e-02
1.470699999999999896e+00 1.962256159655129464e-02 2.208518903072825834e-02 3.053072928642306186e-02 4.531511437655447866e-02 6.832859858816109355e-02
1.471400000000000041e+00 1.957537013376950755e-02 2.203286067430601167e-02 3.046073264909313072e-02 4.521656221278656101e-02 6.818338521887178094e-02
1.472099999999999964e+00 1.952817867098773086e-02 2.198053231788378234e-02 3.039073601176322387e-02 4.511801004901867113e-02 6.803817184958253772e-02
1.472799999999999887e+00 1.948098720820596111e-02 2.192820396146155648e-02 3.032073937443331008e-02 4.501945788525078124e-02 6.789295848029326674e-02
1.473500000000000032e+00 1.943466439542190435e-02 2.187680709702165618e-02 3.025191404850435459e-02 4.492239992012685840e-02 6.775128624627653473e-02
1.474199999999999955e+00 1.938857029048536573e-02 2.182565548616699838e-02 3.018339711848859463e-02 4.482573536426618516e-02 6.761054636180000021e-02
1.474899999999999878e+00 1.934247618554883405e-02 2.177450387531233711e-02 3.011488018847283468e-02 4.472907080840552579e-02 6.746980647732346570e-02
1.475600000000000023e+00 1.929638208061228155e-02 2.172335226445766543e-02 3.004636325845705044e-02 4.463240625254482480e-02 6.732906659284686179e-02
1.476299999999999946e+00 1.925028797567574640e-02 2.167220065360300416e-02 2.997784632844129049e-02 4.453574169668416544e-02 6.718832670837032728e-02
1.477000000000000091e+00 1.920419387073920084e-02 2.162104904274833247e-02 2.990932939842550278e-02 4.443907714082346444e-02 6.704758682389373725e-02
1.477700000000000014e+00 1.915809976580266222e-02 2.156989743189367120e-02 2.984081246840974283e-02 4.434241258496280508e-02 6.690684693941718886e-02
1.478399999999999936e+00 1.911200566086612360e-02 2.151874582103901340e-02 2.977229553839398288e-02 4.424574802910213184e-02 6.676610705494064046e-02
1.479100000000000081e+00 1.906591155592957457e-02 2.146759421018433825e-02 2.970377860837819864e-02 4.414908347324143778e-02 6.662536717046405044e-02
1.479800000000000004e+00 1.901981745099304288e-02 2.141644259932968045e-02 2.963526167836244216e-02 4.405241891738076454e-02 6.648462728598750204e-02
1.480499999999999927e+00 1.897455128562107116e-02 2.136618022654108648e-02 2.956786585853022828e-02 4.395719028432072684e-02 6.634686254164286201e-02
1.481200000000000072e+00 1.892953027637988769e-02 2.131618116060839813e-02 2.950080200379131060e-02 4.386238683359641732e-02 6.620997874788270288e-02
1.481899999999999995e+00 1.888450926713871811e-02 2.126618209467572365e-02 2.943373814905240679e-02 4.376758338287212863e-02 6.607309495412255762e-02
1.482599999999999918e+00 1.883948825789755199e-02 2.121618302874305265e-02 2.936667429431350992e-02 4.367277993214785381e-02 6.593621116036244012e-02
1.483300000000000063e+00 1.879446724865637200e-02 2.116618396281036429e-02 2.929961043957458877e-02 4.357797648142354430e-02 6.579932736660228099e-02
1.483999999999999986e+00 1.874944623941519894e-02 2.111618489687768982e-02 2.923254658483568497e-02 4.348317303069926254e-02 6.566244357284213573e-02
1.484699999999999909e+00 1.870442523017403630e-02 2.106618583094501881e-02 2.916548273009678463e-02 4.338836957997498772e-02 6.552555977908201823e-02
1.485400000000000054e+00 1.865940422093285631e-02 2.101618676501233046e-02 2.909841887535786348e-02 4.329356612925067821e-02 6.538867598532185910e-02
1.486099999999999977e+00 1.861438321169168672e-02 2.096618769907965946e-02 2.903135502061896661e-02 4.319876267852639645e-02 6.525179219156171384e-02
1.486799999999999899e+00 1.856936220245052060e-02 2.091618863314698845e-02 2.896429116588006281e-02 4.310395922780211470e-02 6.511490839780159634e-02
1.487500000000000044e+00 1.852512974980299529e-02 2.086703781479102432e-02 2.889829948912563812e-02 4.301053444206973109e-02 6.498057471855105127e-02
1.488199999999999967e+00 1.848115804653578317e-02 2.081816748363377739e-02 2.883266234589144938e-02 4.291756553489470272e-02 6.484708427716508183e-02
1.488899999999999890e+00 1.843718634326857800e-02 2.076929715247652700e-02 2.876702520265725718e-02 4.282459662771966741e-02 6.471359383577908464e-02
1.489600000000000035e+00 1.839321464000135201e-02 2.072042682131926619e-02 2.870138805942304416e-02 4.273162772054460434e-02 6.458010339439305969e-02
1.490299999999999958e+00 1.834924293673414336e-02 2.067155649016202273e-02 2.863575091618884849e-02 4.263865881336958291e-02 6.444661295300706250e-02
1.490999999999999881e+00 1.830527123346693472e-02 2.062268615900477234e-02 2.857011377295465629e-02 4.254568990619454760e-02 6.431312251162109306e-02
1.491700000000000026e+00 1.826129953019971219e-02 2.057381582784751500e-02 2.850447662972045021e-02 4.245272099901949148e-02 6.417963207023506811e-02
1.492399999999999949e+00 1.821732782693250355e-02 2.052494549669026461e-02 2.843883948648625454e-02 4.235975209184445617e-02 6.404614162884908479e-02
1.493100000000000094e+00 1.817335612366527756e-02 2.047607516553300380e-02 2.837320234325203805e-02 4.226678318466940004e-02 6.391265118746304597e-02
1.493800000000000017e+00 1.812938442039807238e-02 2.042720483437575688e-02 2.830756520001784932e-02 4.217381427749437167e-02 6.377916074607707653e-02
1.494499999999999940e+00 1.808616318543627283e-02 2.037914299952605160e-02 2.824295256135085294e-02 4.208216781715096166e-02 6.364789918609647934e-02
1.495200000000000085e+00 1.804321746486603484e-02 2.033137798249882305e-02 2.817871604216878184e-02 4.199100685783610509e-02 6.351745590038523903e-02
1.495900000000000007e+00 1.800027174429581420e-02 2.028361296547161186e-02 2.811447952298672462e-02 4.189984589852126934e-02 6.338701261467404036e-02
1.496599999999999930e+00 1.795732602372558662e-02 2.023584794844440066e-02 2.805024300380467434e-02 4.180868493920644746e-02 6.325656932896284168e-02
1.497300000000000075e+00 1.791438030315534863e-02 2.018808293141717211e-02 2.798600648462259977e-02 4.171752397989159089e-02 6.312612604325158749e-02
1.497999999999999998e+00 1.787143458258512452e-02 2.014031791438996091e-02 2.792176996544054948e-02 4.162636302057676901e-02 6.299568275754038882e-02
1.498699999999999921e+00 1.782848886201490041e-02 2.009255289736274971e-02 2.785753344625850267e-02 4.153520206126194020e-02 6.286523947182919014e-02
1.499400000000000066e+00 1.778554314144466242e-02 2.004478788033552117e-02 2.779329692707642810e-02 4.144404110194708363e-02 6.273479618611792208e-02
1.500099999999999989e+00 1.774259742087443831e-02 1.999702286330830997e-02 2.772906040789437088e-02 4.135288014263226869e-02 6.260435290040673728e-02
1.500799999999999912e+00 1.769965170030421767e-02 1.994925784628109877e-02 2.766482388871231712e-02 4.126171918331743987e-02 6.247390961469552473e-02
1.501500000000000057e+00 1.765741962206178114e-02 1.990226278915706998e-02 2.760156544807323975e-02 4.117182551110295380e-02 6.234544985606916417e-02
1.502199999999999980e+00 1.761547702127063894e-02 1.985558005379660720e-02 2.753870374915302899e-02 4.108244589337428643e-02 6.221779468307728211e-02
1.502899999999999903e+00 1.757353442047949674e-02 1.980889731843613749e-02 2.747584205023282169e-02 4.099306627564561212e-02 6.209013951008539312e-02
1.503600000000000048e+00 1.753159181968834412e-02 1.976221458307566084e-02 2.741298035131259012e-02 4.090368665791691005e-02 6.196248433709346248e-02
1.504299999999999971e+00 1.748964921889720192e-02 1.971553184771519807e-02 2.735011865239238282e-02 4.081430704018823574e-02 6.183482916410157348e-02
1.504999999999999893e+00 1.744770661810605972e-02 1.966884911235473182e-02 2.728725695347216859e-02 4.072492742245956143e-02 6.170717399110968449e-02
1.505700000000000038e+00 1.740576401731490364e-02 1.962216637699425170e-02 2.722439525455193701e-02 4.063554780473086631e-02 6.157951881811775385e-02
1.506399999999999961e+00 1.736382141652376143e-02 1.957548364163378893e-02 2.716153355563172972e-02 4.054616818700219200e-02 6.145186364512586485e-02
1.507099999999999884e+00 1.732187881573261923e-02 1.952880090627332615e-02 2.709867185671151896e-02 4.045678856927351075e-02 6.132420847213398279e-02
1.507800000000000029e+00 1.727993621494146315e-02 1.948211817091284256e-02 2.703581015779129085e-02 4.036740895154481562e-02 6.119655329914204522e-02
1.508499999999999952e+00 1.723867166086604646e-02 1.943616804945870122e-02 2.697388134633636747e-02 4.027924253569212243e-02 6.107069140774228078e-02
1.509199999999999875e+00 1.719770977112170668e-02 1.939054494986420032e-02 2.691236895421379727e-02 4.019161766502464539e-02 6.094562999566188050e-02
1.509900000000000020e+00 1.715674788137734955e-02 1.934492185026967861e-02 2.685085656209118890e-02 4.010399279435715447e-02 6.082056858358143164e-02
1.510599999999999943e+00 1.711578599163300976e-02 1.929929875067517425e-02 2.678934416996861523e-02 4.001636792368968437e-02 6.069550717150103136e-02
1.511300000000000088e+00 1.707482410188865610e-02 1.925367565108065254e-02 2.672783177784601033e-02 3.992874305302218652e-02 6.057044575942060333e-02
1.512000000000000011e+00 1.703386221214431631e-02 1.920805255148614818e-02 2.666631938572342972e-02 3.984111818235471641e-02 6.044538434734020305e-02
1.512699999999999934e+00 1.699290032239996959e-02 1.916242945189164729e-02 2.660480699360085258e-02 3.975349331168724631e-02 6.032032293525980277e-02
1.513400000000000079e+00 1.695193843265561592e-02 1.911680635229712558e-02 2.654329460147825115e-02 3.966586844101974846e-02 6.019526152317936085e-02
1.514100000000000001e+00 1.691097654291127961e-02 1.907118325270262121e-02 2.648178220935567054e-02 3.957824357035227836e-02 6.007020011109897445e-02
1.514799999999999924e+00 1.687001465316693635e-02 1.902556015310811338e-02 2.642026981723308993e-02 3.949061869968480132e-02 5.994513869901857417e-02
1.515500000000000069e+00 1.682969641339040340e-02 1.898063348731474087e-02 2.635964634302961213e-02 3.940415403368564135e-02 5.982172011258889838e-02
1.516199999999999992e+00 1.678969327389663591e-02 1.893604776224791508e-02 2.629945804058357595e-02 3.931825734847937959e-02 5.969910577513458383e-02
1.516899999999999915e+00 1.674969013440287535e-02 1.889146203718108583e-02 2.623926973813753977e-02 3.923236066327311783e-02 5.957649143768025540e-02
1.517600000000000060e+00 1.670968699490909745e-02 1.884687631211424269e-02 2.617908143569147583e-02 3.914646397806682138e-02 5.945387710022588534e-02
1.518299999999999983e+00 1.666968385541532649e-02 1.880229058704741690e-02 2.611889313324543965e-02 3.906056729286055962e-02 5.933126276277155692e-02
1.518999999999999906e+00 1.662968071592156247e-02 1.875770486198058765e-02 2.605870483079940347e-02 3.897467060765428398e-02 5.920864842531724237e-02
1.519700000000000051e+00 1.658967757642778457e-02 1.871311913691374451e-02 2.599851652835333954e-02 3.888877392244799447e-02 5.908603408786286537e-02
1.520399999999999974e+00 1.654967443693402054e-02 1.866853341184691872e-02 2.593832822590730683e-02 3.880287723724172577e-02 5.896341975040853695e-02
1.521099999999999897e+00 1.650967129744025305e-02 1.862394768678008600e-02 2.587813992346126718e-02 3.871698055203545707e-02 5.884080541295420852e-02
1.521800000000000042e+00 1.646966815794647515e-02 1.857936196171324633e-02 2.581795162101520671e-02 3.863108386682916062e-02 5.871819107549984540e-02
1.522499999999999964e+00 1.643027543949457034e-02 1.853543763170022521e-02 2.575860947417501351e-02 3.854629548817824214e-02 5.859709769473804564e-02
1.523199999999999887e+00 1.639120953107737685e-02 1.849186740242370064e-02 2.569972034602840960e-02 3.846210047980617303e-02 5.847681861079009891e-02
1.523900000000000032e+00 1.635214362266017643e-02 1.844829717314716219e-02 2.564083121788178835e-02 3.837790547143407616e-02 5.835653952684208973e-02
1.524599999999999955e+00 1.631307771424298642e-02 1.840472694387063415e-02 2.558194208973518444e-02 3.829371046306200704e-02 5.823626044289414300e-02
1.525299999999999878e+00 1.627401180582579640e-02 1.836115671459411305e-02 2.552305296158858053e-02 3.820951545468993099e-02 5.811598135894618933e-02
1.526000000000000023e+00 1.623494589740858904e-02 1.831758648531757461e-02 2.546416383344195580e-02 3.812532044631784106e-02 5.799570227499819403e-02
1.526699999999999946e+00 1.619587998899139902e-02 1.827401625604105004e-02 2.540527470529535189e-02 3.804112543794577889e-02 5.787542319105024730e-02
1.527400000000000091e+00 1.615681408057419860e-02 1.823044602676451506e-02 2.534638557714873064e-02 3.795693042957368202e-02 5.775514410710225199e-02
1.528100000000000014e+00 1.611774817215700512e-02 1.818687579748799049e-02 2.528749644900212673e-02 3.787273542120161290e-02 5.763486502315429139e-02
1.528799999999999937e+00 1.607868226373981857e-02 1.814330556821146592e-02 2.522860732085552282e-02 3.778854041282954379e-02 5.751458593920633772e-02
1.529500000000000082e+00 1.604019468469047513e-02 1.810036281208503295e-02 2.517052277813272565e-02 3.770540292077458056e-02 5.739572640644059059e-02
1.530200000000000005e+00 1.600204492343062362e-02 1.805778657995740777e-02 2.511290821546703633e-02 3.762288315253663196e-02 5.727769607182578437e-02
1.530899999999999928e+00 1.596389516217077212e-02 1.801521034782978259e-02 2.505529365280135048e-02 3.754036338429869030e-02 5.715966573721096428e-02
1.531600000000000072e+00 1.592574540091091020e-02 1.797263411570214006e-02 2.499767909013564382e-02 3.745784361606071394e-02 5.704163540259613030e-02
1.532299999999999995e+00 1.588759563965105870e-02 1.793005788357451835e-02 2.494006452746995797e-02 3.737532384782276534e-02 5.692360506798131020e-02
1.532999999999999918e+00 1.584944587839120719e-02 1.788748165144689317e-02 2.488244996480426866e-02 3.729280407958482368e-02 5.680557473336649704e-02
1.533700000000000063e+00 1.581129611713134181e-02 1.784490541931925064e-02 2.482483540213855852e-02 3.721028431134684733e-02 5.668754439875164225e-02
1.534399999999999986e+00 1.577314635587149377e-02 1.780232918719162893e-02 2.476722083947286920e-02 3.712776454310889873e-02 5.656951406413683603e-02
1.535099999999999909e+00 1.573499659461164227e-02 1.775975295506400028e-02 2.470960627680718336e-02 3.704524477487095013e-02 5.645148372952202287e-02
1.535800000000000054e+00 1.569684683335177688e-02 1.771717672293636123e-02 2.465199171414147669e-02 3.696272500663296684e-02 5.633345339490718195e-02
1.536499999999999977e+00 1.565924441695176750e-02 1.767519513443920054e-02 2.459514134302035610e-02 3.688121307896236739e-02 5.621675582730081139e-02
1.537199999999999900e+00 1.562199014777407823e-02 1.763359177828404886e-02 2.453877704783250305e-02 3.680034220398049200e-02 5.610090598690638253e-02
1.537900000000000045e+00 1.558473587859637854e-02 1.759198842212887984e-02 2.448241275264462918e-02 3.671947132899858884e-02 5.598505614651191203e-02
1.538599999999999968e+00 1.554748160941869448e-02 1.755038506597372816e-02 2.442604845745677614e-02 3.663860045401672039e-02 5.586920630611748317e-02
1.539299999999999891e+00 1.551022734024100520e-02 1.750878170981857301e-02 2.436968416226891962e-02 3.655772957903484499e-02 5.575335646572305431e-02
1.540000000000000036e+00 1.547297307106330899e-02 1.746717835366340746e-02 2.431331986708104922e-02 3.647685870405293490e-02 5.563750662532858382e-02
1.540699999999999958e+00 1.543571880188562145e-02 1.742557499750825231e-02 2.425695557189319618e-02 3.639598782907106644e-02 5.552165678493416884e-02
1.541399999999999881e+00 1.539846453270793565e-02 1.738397164135309717e-02 2.420059127670533966e-02 3.631511695408919105e-02 5.540580694453973998e-02
1.542100000000000026e+00 1.536121026353023597e-02 1.734236828519793161e-02 2.414422698151746580e-02 3.623424607910728790e-02 5.528995710414526255e-02
1.542799999999999949e+00 1.532395599435254843e-02 1.730076492904277646e-02 2.408786268632961275e-02 3.615337520412541250e-02 5.517410726375083369e-02
1.543500000000000094e+00 1.528721916310069213e-02 1.725972445500987759e-02 2.403222334862676821e-02 3.607346361302420784e-02 5.505951386060272540e-02
1.544200000000000017e+00 1.525084015332977237e-02 1.721907322827509468e-02 2.397708533745595422e-02 3.599421539111510165e-02 5.494578931575381381e-02
1.544899999999999940e+00 1.521446114355884914e-02 1.717842200154031523e-02 2.392194732628514370e-02 3.591496716920599547e-02 5.483206477090491610e-02
1.545600000000000085e+00 1.517808213378791377e-02 1.713777077480551844e-02 2.386680931511431236e-02 3.583571894729686153e-02 5.471834022605595593e-02
1.546300000000000008e+00 1.514170312401699053e-02 1.709711954807073900e-02 2.381167130394350184e-02 3.575647072538774840e-02 5.460461568120705822e-02
1.546999999999999931e+00 1.510532411424606730e-02 1.705646832133595955e-02 2.375653329277269132e-02 3.567722250347864221e-02 5.449089113635814663e-02
1.547700000000000076e+00 1.506894510447513540e-02 1.701581709460116276e-02 2.370139528160185999e-02 3.559797428156950827e-02 5.437716659150920728e-02
1.548399999999999999e+00 1.503256609470421216e-02 1.697516586786638332e-02 2.364625727043104947e-02 3.551872605966040208e-02 5.426344204666029569e-02
1.549099999999999921e+00 1.499618708493328893e-02 1.693451464113160040e-02 2.359111925926023548e-02 3.543947783775129590e-02 5.414971750181139798e-02
1.549800000000000066e+00 1.495980807516235356e-02 1.689386341439680708e-02 2.353598124808940761e-02 3.536022961584216195e-02 5.403599295696245169e-02
1.550499999999999989e+00 1.492391764486780160e-02 1.685374435203190746e-02 2.348153010309448827e-02 3.528189324284912443e-02 5.392345602636103297e-02
1.551199999999999912e+00 1.488839407775900854e-02 1.681402487975526897e-02 2.342759471024568815e-02 3.520424155641060232e-02 5.381181084821209243e-02
1.551900000000000057e+00 1.485287051065020333e-02 1.677430540747861659e-02 2.337365931739686029e-02 3.512658986997205246e-02 5.370016567006312413e-02
1.552599999999999980e+00 1.481734694354141374e-02 1.673458593520197463e-02 2.331972392454805323e-02 3.504893818353353729e-02 5.358852049191419747e-02
1.553299999999999903e+00 1.478182337643261721e-02 1.669486646292533266e-02 2.326578853169924271e-02 3.497128649709501519e-02 5.347687531376527775e-02
1.554000000000000048e+00 1.474629980932381547e-02 1.665514699064868029e-02 2.321185313885041832e-02 3.489363481065647227e-02 5.336523013561631640e-02
1.554699999999999971e+00 1.471077624221502241e-02 1.661542751837204179e-02 2.315791774600161126e-02 3.481598312421795016e-02 5.325358495746738280e-02
1.555399999999999894e+00 1.467525267510623108e-02 1.657570804609539983e-02 2.310398235315280074e-02 3.473833143777943500e-02 5.314193977931846308e-02
1.556100000000000039e+00 1.463972910799742934e-02 1.653598857381875092e-02 2.305004696030397635e-02 3.466067975134088514e-02 5.303029460116949478e-02
1.556799999999999962e+00 1.460420554088863627e-02 1.649626910154210896e-02 2.299611156745516929e-02 3.458302806490236997e-02 5.291864942302056118e-02
1.557499999999999885e+00 1.456914271471148638e-02 1.645705209552774523e-02 2.294282607463254617e-02 3.450624191499910426e-02 5.280812847509715191e-02
1.558200000000000029e+00 1.453445518296592361e-02 1.641824437112337012e-02 2.289006995492213689e-02 3.443016078394633972e-02 5.269852326379375479e-02
1.558899999999999952e+00 1.449976765122037124e-02 1.637943664671900543e-02 2.283731383521175190e-02 3.435407965289360294e-02 5.258891805249039930e-02
1.559599999999999875e+00 1.446508011947482061e-02 1.634062892231464420e-02 2.278455771550135997e-02 3.427799852184085921e-02 5.247931284118703688e-02
1.560300000000000020e+00 1.443039258772925437e-02 1.630182119791026910e-02 2.273180159579095763e-02 3.420191739078810161e-02 5.236970762988364669e-02
1.560999999999999943e+00 1.439570505598370201e-02 1.626301347350590787e-02 2.267904547608056917e-02 3.412583625973536483e-02 5.226010241858028427e-02
1.561700000000000088e+00 1.436101752423813924e-02 1.622420574910152929e-02 2.262628935637016683e-02 3.404975512868260723e-02 5.215049720727688715e-02
1.562400000000000011e+00 1.432632999249258861e-02 1.618539802469716460e-02 2.257353323665977837e-02 3.397367399762986351e-02 5.204089199597353860e-02
1.563099999999999934e+00 1.429164246074703278e-02 1.614659030029280337e-02 2.252077711694938644e-02 3.389759286657712672e-02 5.193128678467016923e-02
1.563800000000000079e+00 1.425695492900147000e-02 1.610778257588842827e-02 2.246802099723898410e-02 3.382151173552436912e-02 5.182168157336677905e-02
1.564500000000000002e+00 1.422270129148331570e-02 1.606944861534262761e-02 2.241587891851282155e-02 3.374625095038854411e-02 5.171314120906209122e-02
1.565199999999999925e+00 1.418883079075462794e-02 1.603153299722287484e-02 2.236427904956140092e-02 3.367171454617558235e-02 5.160554112474869531e-02
1.565900000000000070e+00 1.415496029002593324e-02 1.599361737910311165e-02 2.231267918060996641e-02 3.359717814196258590e-02 5.149794104043526471e-02
1.566599999999999993e+00 1.412108978929724895e-02 1.595570176098335888e-02 2.226107931165854925e-02 3.352264173774961720e-02 5.139034095612186187e-02
1.567299999999999915e+00 1.408721928856856292e-02 1.591778614286360610e-02 2.220947944270713209e-02 3.344810533353665544e-02 5.128274087180845903e-02
1.568000000000000060e+00 1.405334878783986823e-02 1.587987052474384292e-02 2.215787957375569758e-02 3.337356892932366592e-02 5.117514078749502843e-02
1.568699999999999983e+00 1.401947828711118393e-02 1.584195490662409014e-02 2.210627970480427695e-02 3.329903252511069722e-02 5.106754070318162558e-02
1.569399999999999906e+00 1.398560778638249964e-02 1.580403928850433737e-02 2.205467983585285979e-02 3.322449612089773546e-02 5.095994061886822968e-02
1.570100000000000051e+00 1.395173728565380494e-02 1.576612367038457072e-02 2.200307996690142875e-02 3.314995971668474595e-02 5.085234053455479214e-02
1.570799999999999974e+00 1.391786678492511892e-02 1.572820805226481794e-02 2.195148009795001159e-02 3.307542331247178419e-02 5.074474045024138930e-02
1.571499999999999897e+00 1.388440429601589358e-02 1.569073846755643029e-02 2.190045949959376972e-02 3.300166318292495349e-02 5.063814883909722314e-02
1.572200000000000042e+00 1.385133221841625475e-02 1.565369567560242689e-02 2.184999318368936738e-02 3.292864584168609526e-02 5.053252219835809717e-02
1.572899999999999965e+00 1.381826014081663154e-02 1.561665288364843911e-02 2.179952686778498239e-02 3.285562850044726479e-02 5.042689555761900588e-02
1.573599999999999888e+00 1.378518806321700658e-02 1.557961009169444785e-02 2.174906055188059739e-02 3.278261115920843433e-02 5.032126891687990766e-02
1.574300000000000033e+00 1.375211598561736775e-02 1.554256729974044272e-02 2.169859423597620199e-02 3.270959381796956916e-02 5.021564227614078862e-02
1.574999999999999956e+00 1.371904390801774107e-02 1.550552450778645494e-02 2.164812792007181352e-02 3.263657647673073869e-02 5.011001563540169040e-02
1.575699999999999878e+00 1.368597183041811438e-02 1.546848171583246542e-02 2.159766160416742853e-02 3.256355913549189435e-02 5.000438899466259912e-02
1.576400000000000023e+00 1.365289975281847729e-02 1.543143892387846550e-02 2.154719528826302966e-02 3.249054179425303612e-02 4.989876235392346621e-02
1.577099999999999946e+00 1.361982767521885407e-02 1.539439613192446904e-02 2.149672897235864119e-02 3.241752445301420565e-02 4.979313571318438186e-02
1.577800000000000091e+00 1.358675559761921524e-02 1.535735333997046911e-02 2.144626265645424232e-02 3.234450711177534743e-02 4.968750907244524895e-02
1.578500000000000014e+00 1.355406658670690011e-02 1.532072979940478363e-02 2.139634191060516000e-02 3.227222308945584817e-02 4.958283686346084962e-02
1.579199999999999937e+00 1.352177471431939212e-02 1.528454091129880302e-02 2.134698677616035309e-02 3.220069932430170284e-02 4.947915414698948050e-02
1.579900000000000082e+00 1.348948284193187200e-02 1.524835202319281546e-02 2.129763164171552883e-02 3.212917555914752282e-02 4.937547143051806975e-02
1.580600000000000005e+00 1.345719096954436228e-02 1.521216313508683485e-02 2.124827650727071846e-02 3.205765179399337750e-02 4.927178871404669369e-02
1.581299999999999928e+00 1.342489909715685083e-02 1.517597424698085597e-02 2.119892137282591155e-02 3.198612802883921830e-02 4.916810599757532457e-02
1.582000000000000073e+00 1.339260722476933070e-02 1.513978535887487015e-02 2.114956623838108729e-02 3.191460426368505215e-02 4.906442328110392076e-02
1.582699999999999996e+00 1.336031535238181925e-02 1.510359647076888953e-02 2.110021110393628038e-02 3.184308049853089295e-02 4.896074056463253776e-02
1.583399999999999919e+00 1.332802347999431127e-02 1.506740758266291412e-02 2.105085596949147347e-02 3.177155673337674763e-02 4.885705784816117558e-02
1.584100000000000064e+00 1.329573160760678940e-02 1.503121869455692136e-02 2.100150083504664922e-02 3.170003296822257455e-02 4.875337513168976483e-02
1.584799999999999986e+00 1.326343973521927969e-02 1.499502980645094248e-02 2.095214570060184231e-02 3.162850920306842228e-02 4.864969241521839571e-02
1.585499999999999909e+00 1.323150689516827336e-02 1.495923431283656922e-02 2.090330348642007244e-02 3.155767691135880071e-02 4.854691196391851260e-02
1.586200000000000054e+00 1.319997739357188157e-02 1.492388076026806773e-02 2.085503748904442289e-02 3.148762142385917728e-02 4.844514512115167398e-02
1.586899999999999977e+00 1.316844789197550020e-02 1.488852720769957665e-02 2.080677149166878723e-02 3.141756593635957467e-02 4.834337827838487700e-02
1.587599999999999900e+00 1.313691839037911882e-02 1.485317365513109077e-02 2.075850549429315503e-02 3.134751044885997900e-02 4.824161143561807308e-02
1.588300000000000045e+00 1.310538888878272530e-02 1.481782010256258927e-02 2.071023949691750549e-02 3.127745496136035558e-02 4.813984459285123446e-02
1.588999999999999968e+00 1.307385938718634566e-02 1.478246654999409819e-02 2.066197349954187329e-02 3.120739947386075991e-02 4.803807775008443054e-02
1.589699999999999891e+00 1.304232988558996255e-02 1.474711299742560884e-02 2.061370750216623762e-02 3.113734398636116077e-02 4.793631090731762662e-02
1.590400000000000036e+00 1.301080038399357250e-02 1.471175944485711082e-02 2.056544150479059155e-02 3.106728849886153040e-02 4.783454406455079494e-02
1.591099999999999959e+00 1.297927088239718939e-02 1.467640589228861973e-02 2.051717550741495588e-02 3.099723301136193820e-02 4.773277722178399102e-02
1.591799999999999882e+00 1.294774138080080801e-02 1.464105233972013038e-02 2.046890951003932368e-02 3.092717752386233906e-02 4.763101037901718710e-02
1.592500000000000027e+00 1.291654776200449467e-02 1.460606722682762475e-02 2.042112481453064315e-02 3.085777276810029029e-02 4.753009520385158282e-02
1.593199999999999950e+00 1.288576317381807251e-02 1.457153079158501376e-02 2.037392623773997755e-02 3.078916045898758350e-02 4.743021717056484371e-02
1.593900000000000095e+00 1.285497858563163648e-02 1.453699435634239236e-02 2.032672766094929459e-02 3.072054814987485935e-02 4.733033913727806297e-02
1.594600000000000017e+00 1.282419399744521259e-02 1.450245792109978137e-02 2.027952908415863245e-02 3.065193584076215602e-02 4.723046110399131692e-02
1.595299999999999940e+00 1.279340940925878869e-02 1.446792148585717037e-02 2.023233050736796684e-02 3.058332353164945269e-02 4.713058307070457087e-02
1.596000000000000085e+00 1.276262482107235266e-02 1.443338505061454724e-02 2.018513193057728389e-02 3.051471122253672855e-02 4.703070503741779707e-02
1.596700000000000008e+00 1.273184023288592703e-02 1.439884861537193625e-02 2.013793335378661828e-02 3.044609891342402522e-02 4.693082700413105796e-02
1.597399999999999931e+00 1.270105564469950314e-02 1.436431218012932352e-02 2.009073477699595267e-02 3.037748660431132189e-02 4.683094897084430497e-02
1.598100000000000076e+00 1.267027105651306884e-02 1.432977574488670039e-02 2.004353620020527318e-02 3.030887429519859774e-02 4.673107093755753116e-02
1.598799999999999999e+00 1.263948646832664321e-02 1.429523930964408940e-02 1.999633762341460411e-02 3.024026198608588747e-02 4.663119290427078512e-02
1.599499999999999922e+00 1.260901547277941750e-02 1.426104723856634615e-02 1.994958974193501017e-02 3.017226076308699920e-02 4.653211730822578995e-02
1.600200000000000067e+00 1.257895871123000664e-02 1.422731004852497393e-02 1.990343719751746718e-02 3.010506674221051157e-02 4.643410167579309356e-02
1.600899999999999990e+00 1.254890194968060792e-02 1.419357285848360864e-02 1.985728465309994153e-02 3.003787272133404823e-02 4.633608604336043879e-02
1.601599999999999913e+00 1.251884518813120746e-02 1.415983566844224509e-02 1.981113210868241242e-02 2.997067870045758142e-02 4.623807041092778403e-02
1.602300000000000058e+00 1.248878842658179660e-02 1.412609847840087286e-02 1.976497956426486943e-02 2.990348467958109380e-02 4.614005477849510151e-02
1.602999999999999980e+00 1.245873166503239614e-02 1.409236128835950931e-02 1.971882701984734032e-02 2.983629065870462699e-02 4.604203914606243980e-02
1.603699999999999903e+00 1.242867490348299568e-02 1.405862409831814576e-02 1.967267447542981121e-02 2.976909663782816365e-02 4.594402351362979198e-02
1.604400000000000048e+00 1.239861814193358482e-02 1.402488690827677180e-02 1.962652193101226822e-02 2.970190261695167602e-02 4.584600788119710252e-02
1.605099999999999971e+00 1.236856138038418262e-02 1.399114971823541172e-02 1.958036938659473911e-02 2.963470859607520921e-02 4.574799224876444775e-02
1.605799999999999894e+00 1.233850461883478217e-02 1.395741252819404817e-02 1.953421684217721346e-02 2.956751457519874587e-02 4.564997661633179299e-02
1.606500000000000039e+00 1.230873999422812427e-02 1.392399648361766773e-02 1.948848537863669128e-02 2.950089308211792730e-02 4.555271542676714996e-02
1.607199999999999962e+00 1.227939433674912761e-02 1.389104100863501091e-02 1.944335780669541672e-02 2.943509267768065762e-02 4.545653621868157857e-02
1.607899999999999885e+00 1.225004867927012922e-02 1.385808553365234889e-02 1.939823023475414562e-02 2.936929227324340183e-02 4.536035701059600717e-02
1.608600000000000030e+00 1.222070302179112389e-02 1.382513005866967473e-02 1.935310266281286065e-02 2.930349186880612175e-02 4.526417780251040107e-02
1.609299999999999953e+00 1.219135736431212723e-02 1.379217458368701271e-02 1.930797509087158956e-02 2.923769146436885902e-02 4.516799859442482967e-02
1.609999999999999876e+00 1.216201170683313230e-02 1.375921910870435243e-02 1.926284751893032193e-02 2.917189105993160322e-02 4.507181938633925827e-02
1.610700000000000021e+00 1.213266604935412697e-02 1.372626363372168173e-02 1.921771994698903696e-02 2.910609065549431967e-02 4.497564017825365912e-02
1.611399999999999944e+00 1.210332039187513031e-02 1.369330815873901798e-02 1.917259237504776240e-02 2.904029025105705694e-02 4.487946097016808772e-02
1.612100000000000088e+00 1.207397473439612498e-02 1.366035268375634382e-02 1.912746480310647743e-02 2.897448984661977686e-02 4.478328176208248856e-02
1.612800000000000011e+00 1.204462907691712659e-02 1.362739720877368527e-02 1.908233723116520633e-02 2.890868944218251413e-02 4.468710255399691716e-02
1.613499999999999934e+00 1.201555491076451362e-02 1.359474049517070578e-02 1.903760209794785885e-02 2.884342408474161942e-02 4.459163094651290987e-02
1.614200000000000079e+00 1.198690399262841190e-02 1.356254954289809120e-02 1.899347876663856280e-02 2.877899285184888981e-02 4.449726247022311315e-02
1.614900000000000002e+00 1.195825307449231711e-02 1.353035859062548703e-02 1.894935543532927716e-02 2.871456161895617754e-02 4.440289399393335112e-02
1.615599999999999925e+00 1.192960215635622406e-02 1.349816763835288459e-02 1.890523210401999846e-02 2.865013038606346180e-02 4.430852551764358910e-02
1.616300000000000070e+00 1.190095123822012060e-02 1.346597668608026828e-02 1.886110877271070241e-02 2.858569915317072524e-02 4.421415704135378544e-02
1.616999999999999993e+00 1.187230032008402582e-02 1.343378573380766584e-02 1.881698544140141677e-02 2.852126792027801297e-02 4.411978856506402341e-02
1.617699999999999916e+00 1.184364940194793277e-02 1.340159478153505994e-02 1.877286211009213807e-02 2.845683668738530764e-02 4.402542008877426138e-02
1.618400000000000061e+00 1.181499848381182931e-02 1.336940382926244709e-02 1.872873877878284202e-02 2.839240545449257108e-02 4.393105161248446466e-02
1.619099999999999984e+00 1.178634756567573452e-02 1.333721287698984292e-02 1.868461544747355638e-02 2.832797422159986228e-02 4.383668313619469570e-02
1.619799999999999907e+00 1.175769664753963974e-02 1.330502192471723702e-02 1.864049211616427421e-02 2.826354298870715001e-02 4.374231465990493367e-02
1.620500000000000052e+00 1.172929736133417229e-02 1.327310816246524139e-02 1.859673353378050661e-02 2.819961038881390117e-02 4.364860804151639989e-02
1.621199999999999974e+00 1.170132516932449913e-02 1.324166487408608324e-02 1.855359403876223612e-02 2.813652411736304246e-02 4.355602479275490213e-02
1.621899999999999897e+00 1.167335297731482424e-02 1.321022158570692336e-02 1.851045454374396909e-02 2.807343784591218722e-02 4.346344154399340437e-02
1.622600000000000042e+00 1.164538078530514068e-02 1.317877829732775653e-02 1.846731504872568819e-02 2.801035157446131463e-02 4.337085829523187885e-02
1.623299999999999965e+00 1.161740859329546578e-02 1.314733500894859838e-02 1.842417555370742463e-02 2.794726530301045939e-02 4.327827504647038109e-02
1.623999999999999888e+00 1.158943640128579089e-02 1.311589172056944197e-02 1.838103605868915413e-02 2.788417903155960068e-02 4.318569179770887639e-02
1.624700000000000033e+00 1.156146420927610732e-02 1.308444843219027168e-02 1.833789656367087670e-02 2.782109276010872809e-02 4.309310854894735782e-02
1.625399999999999956e+00 1.153349201726643243e-02 1.305300514381111353e-02 1.829475706865260620e-02 2.775800648865786591e-02 4.300052530018585312e-02
1.626099999999999879e+00 1.150551982525675927e-02 1.302156185543195711e-02 1.825161757363434265e-02 2.769492021720701413e-02 4.290794205142435536e-02
1.626800000000000024e+00 1.147754763324707397e-02 1.299011856705278856e-02 1.820847807861606174e-02 2.763183394575614155e-02 4.281535880266282984e-02
1.627499999999999947e+00 1.144980797665591694e-02 1.295893168849194740e-02 1.816567657510279044e-02 2.756921094854020496e-02 4.272339273652269592e-02
1.628200000000000092e+00 1.142249884278246155e-02 1.292821953439472413e-02 1.812350083871876183e-02 2.750744567047918795e-02 4.263256933992153053e-02
1.628900000000000015e+00 1.139518970890901484e-02 1.289750738029750952e-02 1.808132510233474363e-02 2.744568039241819524e-02 4.254174594332037207e-02
1.629599999999999937e+00 1.136788057503556812e-02 1.286679522620029666e-02 1.803914936595072543e-02 2.738391511435719905e-02 4.245092254671922749e-02
1.630300000000000082e+00 1.134057144116211273e-02 1.283608307210307165e-02 1.799697362956669683e-02 2.732214983629618898e-02 4.236009915011804822e-02
1.631000000000000005e+00 1.131326230728866775e-02 1.280537091800585878e-02 1.795479789318267863e-02 2.726038455823519627e-02 4.226927575351689670e-02
1.631699999999999928e+00 1.128595317341522103e-02 1.277465876390864417e-02 1.791262215679866390e-02 2.719861928017419661e-02 4.217845235691575212e-02
1.632400000000000073e+00 1.125864403954176564e-02 1.274394660981142263e-02 1.787044642041462836e-02 2.713685400211318655e-02 4.208762896031457978e-02
1.633099999999999996e+00 1.123133490566831892e-02 1.271323445571420803e-02 1.782827068403061363e-02 2.707508872405219036e-02 4.199680556371342827e-02
1.633799999999999919e+00 1.120402577179487394e-02 1.268252230161699516e-02 1.778609494764659890e-02 2.701332344599119764e-02 4.190598216711228369e-02
1.634500000000000064e+00 1.117693081689387531e-02 1.265204654705125512e-02 1.774423135772994556e-02 2.695198712628129462e-02 4.181573232610746177e-02
1.635199999999999987e+00 1.115026941215531073e-02 1.262204932244622574e-02 1.770299962793515577e-02 2.689151912226398281e-02 4.172664350067347566e-02
1.635899999999999910e+00 1.112360800741674614e-02 1.259205209784119810e-02 1.766176789814036599e-02 2.683105111824666059e-02 4.163755467523949649e-02
1.636600000000000055e+00 1.109694660267817289e-02 1.256205487323616178e-02 1.762053616834556580e-02 2.677058311422932796e-02 4.154846584980547569e-02
1.637299999999999978e+00 1.107028519793960830e-02 1.253205764863113240e-02 1.757930443855077601e-02 2.671011511021200921e-02 4.145937702437149652e-02
1.637999999999999901e+00 1.104362379320104545e-02 1.250206042402610476e-02 1.753807270875598970e-02 2.664964710619469393e-02 4.137028819893751042e-02
1.638700000000000045e+00 1.101696238846247393e-02 1.247206319942106671e-02 1.749684097896118604e-02 2.658917910217736130e-02 4.128119937350350349e-02
1.639399999999999968e+00 1.099030098372390934e-02 1.244206597481603734e-02 1.745560924916639625e-02 2.652871109816003908e-02 4.119211054806951045e-02
1.640099999999999891e+00 1.096363957898534650e-02 1.241206875021100969e-02 1.741437751937160647e-02 2.646824309414272380e-02 4.110302172263553128e-02
1.640800000000000036e+00 1.093697817424677324e-02 1.238207152560597338e-02 1.737314578957680627e-02 2.640777509012538771e-02 4.101393289720151741e-02
1.641499999999999959e+00 1.091051330979884125e-02 1.235229143925602006e-02 1.733220125361191466e-02 2.634770275839180484e-02 4.092537503742936511e-02
1.642199999999999882e+00 1.088448463799593195e-02 1.232299325974314103e-02 1.729189410266304336e-02 2.628850856385567952e-02 4.083799557886796938e-02
1.642900000000000027e+00 1.085845596619301051e-02 1.229369508023025331e-02 1.725158695171416165e-02 2.622931436931953339e-02 4.075061612030654590e-02
1.643599999999999950e+00 1.083242729439009948e-02 1.226439690071737254e-02 1.721127980076529382e-02 2.617012017478340807e-02 4.066323666174515711e-02
1.644299999999999873e+00 1.080639862258718845e-02 1.223509872120449524e-02 1.717097264981642599e-02 2.611092598024727582e-02 4.057585720318376138e-02
1.645000000000000018e+00 1.078036995078426874e-02 1.220580054169160579e-02 1.713066549886754775e-02 2.605173178571112969e-02 4.048847774462234483e-02
1.645699999999999941e+00 1.075434127898135597e-02 1.217650236217872675e-02 1.709035834791867992e-02 2.599253759117500090e-02 4.040109828606094911e-02
1.646400000000000086e+00 1.072831260717843800e-02 1.214720418266583730e-02 1.705005119696979821e-02 2.593334339663885477e-02 4.031371882749952562e-02
1.647100000000000009e+00 1.070228393537552697e-02 1.211790600315295827e-02 1.700974404602093037e-02 2.587414920210272945e-02 4.022633936893812989e-02
1.647799999999999931e+00 1.067625526357261420e-02 1.208860782364007749e-02 1.696943689507206254e-02 2.581495500756660413e-02 4.013895991037673416e-02
1.648500000000000076e+00 1.065040618935259205e-02 1.205950824955455934e-02 1.692939285777332603e-02 2.575612421535142596e-02 4.005206985816029547e-02
1.649199999999999999e+00 1.062499558095565330e-02 1.203089354665034909e-02 1.688999118069632599e-02 2.569818062604402320e-02 3.996637463246885402e-02
1.649899999999999922e+00 1.059958497255871629e-02 1.200227884374613883e-02 1.685058950361931901e-02 2.564023703673662044e-02 3.988067940677740564e-02
1.650600000000000067e+00 1.057417436416176887e-02 1.197366414084191991e-02 1.681118782654230509e-02 2.558229344742919686e-02 3.979498418108593644e-02
1.651299999999999990e+00 1.054876375576482665e-02 1.194504943793770965e-02 1.677178614946530505e-02 2.552434985812179064e-02 3.970928895539449499e-02
1.651999999999999913e+00 1.052335314736788964e-02 1.191643473503350113e-02 1.673238447238830501e-02 2.546640626881439134e-02 3.962359372970303967e-02
1.652700000000000058e+00 1.049794253897094222e-02 1.188782003212928221e-02 1.669298279531128762e-02 2.540846267950696430e-02 3.953789850401157741e-02
1.653399999999999981e+00 1.047253193057400174e-02 1.185920532922507195e-02 1.665358111823428758e-02 2.535051909019956154e-02 3.945220327832012902e-02
1.654099999999999904e+00 1.044712132217706299e-02 1.183059062632086170e-02 1.661417944115728407e-02 2.529257550089215531e-02 3.936650805262868064e-02
1.654800000000000049e+00 1.042171071378011731e-02 1.180197592341664277e-02 1.657477776408027015e-02 2.523463191158473520e-02 3.928081282693721837e-02
1.655499999999999972e+00 1.039646343494929522e-02 1.177354200134845229e-02 1.653561597305552508e-02 2.517702045644283626e-02 3.919556647493646628e-02
1.656199999999999894e+00 1.037165654102267277e-02 1.174559551797886570e-02 1.649710098590501800e-02 2.512030453342126851e-02 3.911153041940543251e-02
1.656900000000000039e+00 1.034684964709604166e-02 1.171764903460927217e-02 1.645858599875449704e-02 2.506358861039967995e-02 3.902749436387437099e-02
1.657599999999999962e+00 1.032204275316941922e-02 1.168970255123968384e-02 1.642007101160398996e-02 2.500687268737811220e-02 3.894345830834333722e-02
1.658299999999999885e+00 1.029723585924279677e-02 1.166175606787009725e-02 1.638155602445348635e-02 2.495015676435654098e-02 3.885942225281230344e-02
1.659000000000000030e+00 1.027242896531616566e-02 1.163380958450050025e-02 1.634304103730296540e-02 2.489344084133495241e-02 3.877538619728124886e-02
1.659699999999999953e+00 1.024762207138954322e-02 1.160586310113091366e-02 1.630452605015245832e-02 2.483672491831338813e-02 3.869135014175020815e-02
1.660399999999999876e+00 1.022281517746292077e-02 1.157791661776132706e-02 1.626601106300195124e-02 2.478000899529181691e-02 3.860731408621918131e-02
1.661100000000000021e+00 1.019800828353628966e-02 1.154997013439173006e-02 1.622749607585143375e-02 2.472329307227022835e-02 3.852327803068811979e-02
1.661799999999999944e+00 1.017320138960966722e-02 1.152202365102214347e-02 1.618898108870092320e-02 2.466657714924866060e-02 3.843924197515708602e-02
1.662500000000000089e+00 1.014854221114220613e-02 1.149424081227564537e-02 1.615068359280167481e-02 2.461016307922038460e-02 3.835561528448010876e-02
1.663200000000000012e+00 1.012432499732858655e-02 1.146694759824147015e-02 1.611303683072625240e-02 2.455465215334811865e-02 3.827321341344655514e-02
1.663899999999999935e+00 1.010010778351496698e-02 1.143965438420729321e-02 1.607539006865082651e-02 2.449914122747585618e-02 3.819081154241300846e-02
1.664600000000000080e+00 1.007589056970133873e-02 1.141236117017310758e-02 1.603774330657539021e-02 2.444363030160357636e-02 3.810840967137943402e-02
1.665300000000000002e+00 1.005167335588772089e-02 1.138506795613893063e-02 1.600009654449996432e-02 2.438811937573131042e-02 3.802600780034589428e-02
1.665999999999999925e+00 1.002745614207410305e-02 1.135777474210475368e-02 1.596244978242453497e-02 2.433260844985904794e-02 3.794360592931234066e-02
1.666700000000000070e+00 1.000323892826047653e-02 1.133048152807056980e-02 1.592480302034909867e-02 2.427709752398676119e-02 3.786120405827876623e-02
1.667399999999999993e+00 9.979021714446855221e-03 1.130318831403639285e-02 1.588715625827367278e-02 2.422158659811449871e-02 3.777880218724521955e-02
1.668099999999999916e+00 9.954804500633237380e-03 1.127589510000221763e-02 1.584950949619824689e-02 2.416607567224223624e-02 3.769640031621167287e-02
1.668800000000000061e+00 9.930587286819610865e-03 1.124860188596803201e-02 1.581186273412280713e-02 2.411056474636995295e-02 3.761399844517809843e-02
1.669499999999999984e+00 9.906502807983514486e-03 1.122145584922317439e-02 1.577441188162296420e-02 2.405532636400706942e-02 3.753196745135092827e-02
1.670199999999999907e+00 9.882861548550626526e-03 1.119480125664439052e-02 1.573761519674940490e-02 2.400099803997115394e-02 3.745117486489113467e-02
1.670900000000000052e+00 9.859220289117729893e-03 1.116814666406560144e-02 1.570081851187583172e-02 2.394666971593522112e-02 3.737038227843132027e-02
1.671599999999999975e+00 9.835579029684843669e-03 1.114149207148681757e-02 1.566402182700227241e-02 2.389234139189930911e-02 3.728958969197152667e-02
1.672299999999999898e+00 9.811937770251953975e-03 1.111483747890803370e-02 1.562722514212871658e-02 2.383801306786339710e-02 3.720879710551173308e-02
1.673000000000000043e+00 9.788296510819060811e-03 1.108818288632924288e-02 1.559042845725514513e-02 2.378368474382746081e-02 3.712800451905191174e-02
1.673699999999999966e+00 9.764655251386171117e-03 1.106152829375046075e-02 1.555363177238158583e-02 2.372935641979154880e-02 3.704721193259211814e-02
1.674399999999999888e+00 9.741013991953283158e-03 1.103487370117167687e-02 1.551683508750802652e-02 2.367502809575563333e-02 3.696641934613233149e-02
1.675100000000000033e+00 9.717372732520388259e-03 1.100821910859288606e-02 1.548003840263445507e-02 2.362069977171970050e-02 3.688562675967251014e-02
1.675799999999999956e+00 9.693731473087500300e-03 1.098156451601410392e-02 1.544324171776089577e-02 2.356637144768378850e-02 3.680483417321271655e-02
1.676499999999999879e+00 9.670208581982068022e-03 1.095504128313270348e-02 1.540662015437508497e-02 2.351228731364837093e-02 3.672437499453468090e-02
1.677200000000000024e+00 9.647129853933936530e-03 1.092901096187765680e-02 1.537065571352422624e-02 2.345911947351955393e-02 3.664516688886625129e-02
1.677899999999999947e+00 9.624051125885815447e-03 1.090298064062261880e-02 1.533469127267338139e-02 2.340595163339075427e-02 3.656595878319784942e-02
1.678600000000000092e+00 9.600972397837683955e-03 1.087695031936757560e-02 1.529872683182252266e-02 2.335278379326194420e-02 3.648675067752942675e-02
1.679300000000000015e+00 9.577893669789562872e-03 1.085091999811253760e-02 1.526276239097167607e-02 2.329961595313314454e-02 3.640754257186101794e-02
1.679999999999999938e+00 9.554814941741440054e-03 1.082488967685750134e-02 1.522679795012082948e-02 2.324644811300434835e-02 3.632833446619262302e-02
1.680700000000000083e+00 9.531736213693310297e-03 1.079885935560245466e-02 1.519083350926997075e-02 2.319328027287553134e-02 3.624912636052420034e-02
1.681400000000000006e+00 9.508657485645185745e-03 1.077282903434741840e-02 1.515486906841912416e-02 2.314011243274673515e-02 3.616991825485579848e-02
1.682099999999999929e+00 9.485578757597064661e-03 1.074679871309238213e-02 1.511890462756827758e-02 2.308694459261793550e-02 3.609071014918738968e-02
1.682800000000000074e+00 9.462500029548933170e-03 1.072076839183733719e-02 1.508294018671742232e-02 2.303377675248911849e-02 3.601150204351897394e-02
1.683499999999999996e+00 9.439525897700796336e-03 1.069485424365685007e-02 1.504713085347023950e-02 2.298082568874549106e-02 3.593259089079937907e-02
1.684199999999999919e+00 9.416996574955753541e-03 1.066943413676181562e-02 1.501198113571654801e-02 2.292879649510298767e-02 3.585494256956731074e-02
1.684900000000000064e+00 9.394467252210702071e-03 1.064401402986677077e-02 1.497683141796284437e-02 2.287676730146047388e-02 3.577729424833523547e-02
1.685599999999999987e+00 9.371937929465659275e-03 1.061859392297173632e-02 1.494168170020914940e-02 2.282473810781797396e-02 3.569964592710317408e-02
1.686299999999999910e+00 9.349408606720614745e-03 1.059317381607670187e-02 1.490653198245545444e-02 2.277270891417547058e-02 3.562199760587111963e-02
1.687000000000000055e+00 9.326879283975563276e-03 1.056775370918165875e-02 1.487138226470175080e-02 2.272067972053295332e-02 3.554434928463903742e-02
1.687699999999999978e+00 9.304349961230518745e-03 1.054233360228662431e-02 1.483623254694805584e-02 2.266865052689044993e-02 3.546670096340697603e-02
1.688399999999999901e+00 9.281820638485475949e-03 1.051691349539158986e-02 1.480108282919436087e-02 2.261662133324795002e-02 3.538905264217492158e-02
1.689100000000000046e+00 9.259291315740424480e-03 1.049149338849654674e-02 1.476593311144065723e-02 2.256459213960543275e-02 3.531140432094283937e-02
1.689799999999999969e+00 9.236761992995381684e-03 1.046607328160151229e-02 1.473078339368696400e-02 2.251256294596292937e-02 3.523375599971078492e-02
1.690499999999999892e+00 9.214324070014831905e-03 1.044075477372099006e-02 1.469576952464346845e-02 2.246072403858125413e-02 3.515636918670699690e-02
1.691200000000000037e+00 9.192331317651928832e-03 1.041593111280527013e-02 1.466141731872964461e-02 2.240981193722288087e-02 3.508025607260328166e-02
1.691899999999999959e+00 9.170338565289030963e-03 1.039110745188955541e-02 1.462706511281582598e-02 2.235889983586452495e-02 3.500414295849958030e-02
1.692599999999999882e+00 9.148345812926136564e-03 1.036628379097384242e-02 1.459271290690200909e-02 2.230798773450617251e-02 3.492802984439587893e-02
1.693300000000000027e+00 9.126353060563233491e-03 1.034146013005812423e-02 1.455836070098818526e-02 2.225707563314779924e-02 3.485191673029215675e-02
1.693999999999999950e+00 9.104360308200337357e-03 1.031663646914240950e-02 1.452400849507437357e-02 2.220616353178944333e-02 3.477580361618846233e-02
1.694699999999999873e+00 9.082367555837441223e-03 1.029181280822669652e-02 1.448965628916055667e-02 2.215525143043108741e-02 3.469969050208476097e-02
1.695400000000000018e+00 9.060374803474538150e-03 1.026698914731097832e-02 1.445530408324673284e-02 2.210433932907271415e-02 3.462357738798104573e-02
1.696099999999999941e+00 9.038382051111642015e-03 1.024216548639526360e-02 1.442095187733291768e-02 2.205342722771435476e-02 3.454746427387734437e-02
1.696800000000000086e+00 9.016389298748737208e-03 1.021734182547954367e-02 1.438659967141909385e-02 2.200251512635598497e-02 3.447135115977362912e-02
1.697500000000000009e+00 8.994475307047960014e-03 1.019260578404239913e-02 1.435236479128659988e-02 2.195176772794603381e-02 3.439546511387540917e-02
1.698199999999999932e+00 8.973006575623681050e-03 1.016836508472408925e-02 1.431879319290452028e-02 2.190195145020440784e-02 3.432086276023216254e-02
1.698900000000000077e+00 8.951537844199396882e-03 1.014412438540577242e-02 1.428522159452242854e-02 2.185213517246276452e-02 3.424626040658889509e-02
1.699600000000000000e+00 8.930069112775119652e-03 1.011988368608746254e-02 1.425164999614034547e-02 2.180231889472113507e-02 3.417165805294564845e-02
1.700299999999999923e+00 8.908600381350840688e-03 1.009564298676915266e-02 1.421807839775826587e-02 2.175250261697950910e-02 3.409705569930240876e-02
1.701000000000000068e+00 8.887131649926558255e-03 1.007140228745083584e-02 1.418450679937617587e-02 2.170268633923786578e-02 3.402245334565914131e-02
1.701699999999999990e+00 8.865662918502281026e-03 1.004716158813252595e-02 1.415093520099409280e-02 2.165287006149623980e-02 3.394785099201589468e-02
1.702399999999999913e+00 8.844194187078002062e-03 1.002292088881421607e-02 1.411736360261201320e-02 2.160305378375461036e-02 3.387324863837265498e-02
1.703100000000000058e+00 8.822725455653717894e-03 9.998680189495899248e-03 1.408379200422992146e-02 2.155323750601296703e-02 3.379864628472938753e-02
1.703799999999999981e+00 8.801256724229442399e-03 9.974439490177592835e-03 1.405022040584783839e-02 2.150342122827134106e-02 3.372404393108614090e-02
1.704499999999999904e+00 8.779854653804061368e-03 9.950273007655420499e-03 1.401674832745867898e-02 2.145374496006406673e-02 3.364963520394545493e-02
1.705200000000000049e+00 8.758897673740561468e-03 9.926602064972075978e-03 1.398394073640683681e-02 2.140500352474770940e-02 3.357651930606798257e-02
1.705899999999999972e+00 8.737940693677066772e-03 9.902931122288738397e-03 1.395113314535500679e-02 2.135626208943136595e-02 3.350340340819053103e-02
1.706599999999999895e+00 8.716983713613573811e-03 9.879260179605402550e-03 1.391832555430317329e-02 2.130752065411502597e-02 3.343028751031308643e-02
1.707300000000000040e+00 8.696026733550073912e-03 9.855589236922056295e-03 1.388551796325133113e-02 2.125877921879866517e-02 3.335717161243561407e-02
1.707999999999999963e+00 8.675069753486579216e-03 9.831918294238720449e-03 1.385271037219950110e-02 2.121003778348232519e-02 3.328405571455816253e-02
1.708699999999999886e+00 8.654112773423084520e-03 9.808247351555382867e-03 1.381990278114767108e-02 2.116129634816598173e-02 3.321093981668071793e-02
1.709400000000000031e+00 8.633155793359582886e-03 9.784576408872038347e-03 1.378709519009582544e-02 2.111255491284962441e-02 3.313782391880323863e-02
1.710099999999999953e+00 8.612198813296089925e-03 9.760905466188700766e-03 1.375428759904399542e-02 2.106381347753328442e-02 3.306470802092579403e-02
1.710799999999999876e+00 8.591241833232595229e-03 9.737234523505363185e-03 1.372148000799216193e-02 2.101507204221693750e-02 3.299159212304834943e-02
1.711500000000000021e+00 8.570339936507855375e-03 9.713624954486800925e-03 1.368875482967653150e-02 2.096644679581088563e-02 3.291863740095930108e-02
1.712199999999999944e+00 8.549882712554206579e-03 9.690510838325765847e-03 1.365669494690413717e-02 2.091875951078983609e-02 3.284698380705323301e-02
1.712900000000000089e+00 8.529425488600549110e-03 9.667396722164725564e-03 1.362463506413173243e-02 2.087107222576876919e-02 3.277533021314714412e-02
1.713600000000000012e+00 8.508968264646900315e-03 9.644282606003688751e-03 1.359257518135933464e-02 2.082338494074772312e-02 3.270367661924107605e-02
1.714299999999999935e+00 8.488511040693253254e-03 9.621168489842655408e-03 1.356051529858694378e-02 2.077569765572667357e-02 3.263202302533500798e-02
1.715000000000000080e+00 8.468053816739597520e-03 9.598054373681611656e-03 1.352845541581453731e-02 2.072801037070561014e-02 3.256036943142891216e-02
1.715700000000000003e+00 8.447596592785948724e-03 9.574940257520576578e-03 1.349639553304214125e-02 2.068032308568456060e-02 3.248871583752284409e-02
1.716399999999999926e+00 8.427139368832298194e-03 9.551826141359543235e-03 1.346433565026974345e-02 2.063263580066351105e-02 3.241706224361677602e-02
1.717100000000000071e+00 8.406682144878642460e-03 9.528712025198499483e-03 1.343227576749734045e-02 2.058494851564245109e-02 3.234540864971068713e-02
1.717799999999999994e+00 8.386224920924995399e-03 9.505597909037466139e-03 1.340021588472494612e-02 2.053726123062139808e-02 3.227375505580461906e-02
1.718499999999999917e+00 8.365811707667635336e-03 9.482532866025999291e-03 1.336822198758257085e-02 2.048966716941066912e-02 3.220223116971001470e-02
1.719200000000000061e+00 8.345842513435062712e-03 9.459962916567945385e-03 1.333689381212971661e-02 2.044301363286398984e-02 3.213201589131332858e-02
1.719899999999999984e+00 8.325873319202495293e-03 9.437392967109894948e-03 1.330556563667687452e-02 2.039636009631733138e-02 3.206180061291666328e-02
1.720599999999999907e+00 8.305904124969929608e-03 9.414823017651847981e-03 1.327423746122403415e-02 2.034970655977066598e-02 3.199158533451999797e-02
1.721300000000000052e+00 8.285934930737356985e-03 9.392253068193794074e-03 1.324290928577118165e-02 2.030305302322399016e-02 3.192137005612331185e-02
1.721999999999999975e+00 8.265965736504789566e-03 9.369683118735745372e-03 1.321158111031833955e-02 2.025639948667732823e-02 3.185115477772663961e-02
1.722699999999999898e+00 8.245996542272222146e-03 9.347113169277698405e-03 1.318025293486549572e-02 2.020974595013066977e-02 3.178093949932997431e-02
1.723400000000000043e+00 8.226027348039649523e-03 9.324543219819644499e-03 1.314892475941264322e-02 2.016309241358399396e-02 3.171072422093328819e-02
1.724099999999999966e+00 8.206058153807082103e-03 9.301973270361597532e-03 1.311759658395980112e-02 2.011643887703732855e-02 3.164050894253662288e-02
1.724799999999999889e+00 8.186088959574516419e-03 9.279403320903548830e-03 1.308626840850696076e-02 2.006978534049066662e-02 3.157029366413995758e-02
1.725500000000000034e+00 8.166153191871338909e-03 9.256870670127512885e-03 1.305499045358588656e-02 2.002320290078998463e-02 3.150017759918887633e-02
1.726199999999999957e+00 8.146660564443589103e-03 9.234832493307384635e-03 1.302437827942896399e-02 1.997756300213330075e-02 3.143137682105957842e-02
1.726899999999999880e+00 8.127167937015839297e-03 9.212794316487258120e-03 1.299376610527204490e-02 1.993192310347661686e-02 3.136257604293028051e-02
1.727600000000000025e+00 8.107675309588082552e-03 9.190756139667122931e-03 1.296315393111511366e-02 1.988628320481992603e-02 3.129377526480096872e-02
1.728299999999999947e+00 8.088182682160334480e-03 9.168717962846996417e-03 1.293254175695819456e-02 1.984064330616324215e-02 3.122497448667166733e-02
1.729000000000000092e+00 8.068690054732577735e-03 9.146679786026862963e-03 1.290192958280126333e-02 1.979500340750654439e-02 3.115617370854235207e-02
1.729700000000000015e+00 8.049197427304827929e-03 9.124641609206734713e-03 1.287131740864434250e-02 1.974936350884986397e-02 3.108737293041305069e-02
1.730399999999999938e+00 8.029704799877078122e-03 9.102603432386608198e-03 1.284070523448742340e-02 1.970372361019318008e-02 3.101857215228375278e-02
1.731100000000000083e+00 8.010212172449323112e-03 9.080565255566473010e-03 1.281009306033049043e-02 1.965808371153648579e-02 3.094977137415443752e-02
1.731800000000000006e+00 7.990719545021573306e-03 9.058527078746346495e-03 1.277948088617357134e-02 1.961244381287980537e-02 3.088097059602513961e-02
1.732499999999999929e+00 7.971250232325647472e-03 9.036514935984769556e-03 1.274890381156412907e-02 1.956685370476250393e-02 3.081223950063950723e-02
1.733200000000000074e+00 7.952222966945081406e-03 9.014996398973315270e-03 1.271899222437487299e-02 1.952220762527191733e-02 3.074482959007374464e-02
1.733899999999999997e+00 7.933195701564520544e-03 8.993477861961871392e-03 1.268908063718562733e-02 1.947756154578134113e-02 3.067741967950799592e-02
1.734599999999999920e+00 7.914168436183959682e-03 8.971959324950427514e-03 1.265916904999638340e-02 1.943291546629076841e-02 3.061000976894225761e-02
1.735300000000000065e+00 7.895141170803393615e-03 8.950440787938974962e-03 1.262925746280712733e-02 1.938826938680018180e-02 3.054259985837648808e-02
1.735999999999999988e+00 7.876113905422834488e-03 8.928922250927529350e-03 1.259934587561788166e-02 1.934362330730960561e-02 3.047518994781074630e-02
1.736699999999999910e+00 7.857086640042271891e-03 8.907403713916083737e-03 1.256943428842863600e-02 1.929897722781903288e-02 3.040778003724500800e-02
1.737400000000000055e+00 7.838059374661705825e-03 8.885885176904631186e-03 1.253952270123937993e-02 1.925433114832844628e-02 3.034037012667923847e-02
1.738099999999999978e+00 7.819032109281146697e-03 8.864366639893185573e-03 1.250961111405013426e-02 1.920968506883786661e-02 3.027296021611349322e-02
1.738799999999999901e+00 7.800004843900585835e-03 8.842848102881739961e-03 1.247969952686088860e-02 1.916503898934729735e-02 3.020555030554775491e-02
1.739500000000000046e+00 7.780991238145599717e-03 8.821344829308790103e-03 1.244980854471219346e-02 1.912042219721060005e-02 3.013818149997616117e-02
1.740199999999999969e+00 7.762418382975991293e-03 8.800334056018172674e-03 1.242058241853887662e-02 1.907675041035955532e-02 3.007213901554985080e-02
1.740899999999999892e+00 7.743845527806384604e-03 8.779323282727553510e-03 1.239135629236555632e-02 1.903307862350851060e-02 3.000609653112354044e-02
1.741600000000000037e+00 7.725272672636770109e-03 8.758312509436929141e-03 1.236213016619222907e-02 1.898940683665744852e-02 2.994005404669721274e-02
1.742299999999999960e+00 7.706699817467162553e-03 8.737301736146311712e-03 1.233290404001891223e-02 1.894573504980640380e-02 2.987401156227090931e-02
1.742999999999999883e+00 7.688126962297554129e-03 8.716290962855692548e-03 1.230367791384559192e-02 1.890206326295535907e-02 2.980796907784459895e-02
1.743700000000000028e+00 7.669554107127941368e-03 8.695280189565068180e-03 1.227445178767226641e-02 1.885839147610430047e-02 2.974192659341827125e-02
1.744399999999999951e+00 7.650981251958332945e-03 8.674269416274449016e-03 1.224522566149894784e-02 1.881471968925325228e-02 2.967588410899196782e-02
1.745099999999999874e+00 7.632408396788724521e-03 8.653258642983831586e-03 1.221599953532562927e-02 1.877104790240220755e-02 2.960984162456565053e-02
1.745800000000000018e+00 7.613835541619111760e-03 8.632247869693207218e-03 1.218677340915230202e-02 1.872737611555114548e-02 2.954379914013932976e-02
1.746499999999999941e+00 7.595267132402770335e-03 8.611242067744342976e-03 1.215755400261877943e-02 1.868371389842330213e-02 2.947777012449220510e-02
1.747200000000000086e+00 7.577137983369080024e-03 8.590727434360692638e-03 1.212899849649696701e-02 1.864099716994771505e-02 2.941307182422871896e-02
1.747900000000000009e+00 7.559008834335394916e-03 8.570212800977052708e-03 1.210044299037516327e-02 1.859828044147213838e-02 2.934837352396525365e-02
1.748599999999999932e+00 7.540879685301712411e-03 8.549698167593409309e-03 1.207188748425336126e-02 1.855556371299656518e-02 2.928367522370178486e-02
1.749300000000000077e+00 7.522750536268021232e-03 8.529183534209762441e-03 1.204333197813154885e-02 1.851284698452097463e-02 2.921897692343829872e-02
1.750000000000000000e+00 7.504621387234337859e-03 8.508668900826120776e-03 1.201477647200974511e-02 1.847013025604540143e-02 2.915427862317483340e-02
1.750699999999999923e+00 7.486492238200655354e-03 8.488154267442479112e-03 1.198622096588794136e-02 1.842741352756982476e-02 2.908958032291136461e-02
1.751400000000000068e+00 7.468363089166964175e-03 8.467639634058832243e-03 1.195766545976612895e-02 1.838469679909423421e-02 2.902488202264787848e-02
1.752099999999999991e+00 7.450233940133281670e-03 8.447125000675190579e-03 1.192910995364432694e-02 1.834198007061866101e-02 2.896018372238441316e-02
1.752799999999999914e+00 7.432104791099596562e-03 8.426610367291548914e-03 1.190055444752252320e-02 1.829926334214308434e-02 2.889548542212094437e-02
1.753500000000000059e+00 7.413975642065906251e-03 8.406095733907900311e-03 1.187199894140071078e-02 1.825654661366749726e-02 2.883078712185746170e-02
1.754199999999999982e+00 7.396275396642090598e-03 8.386061007099810533e-03 1.184409292214761572e-02 1.821475662145278715e-02 2.876739673286358989e-02
1.754899999999999904e+00 7.378579492347927746e-03 8.366031137645724147e-03 1.181619347664825126e-02 1.817297600915975322e-02 2.870401958183803337e-02
1.755600000000000049e+00 7.360883588053759689e-03 8.346001268191630823e-03 1.178829403114887812e-02 1.813119539686670195e-02 2.864064243081245603e-02
1.756299999999999972e+00 7.343187683759597705e-03 8.325971398737544438e-03 1.176039458564951540e-02 1.808941478457366456e-02 2.857726527978690645e-02
1.756999999999999895e+00 7.325491779465435720e-03 8.305941529283459787e-03 1.173249514015015094e-02 1.804763417228062369e-02 2.851388812876134299e-02
1.757700000000000040e+00 7.307795875171267663e-03 8.285911659829364728e-03 1.170459569465077780e-02 1.800585355998757242e-02 2.845051097773576565e-02
1.758399999999999963e+00 7.290099970877104811e-03 8.265881790375280078e-03 1.167669624915141334e-02 1.796407294769453850e-02 2.838713382671021607e-02
1.759099999999999886e+00 7.272404066582942826e-03 8.245851920921193692e-03 1.164879680365205061e-02 1.792229233540149763e-02 2.832375667568465608e-02
1.759800000000000031e+00 7.254708162288774770e-03 8.225822051467098633e-03 1.162089735815267748e-02 1.788051172310844636e-02 2.826037952465908915e-02
1.760499999999999954e+00 7.237012257994613652e-03 8.205792182013013983e-03 1.159299791265331475e-02 1.783873111081540896e-02 2.819700237363352568e-02
1.761199999999999877e+00 7.219726658654847772e-03 8.186221706526069022e-03 1.156572095441425578e-02 1.779784038502248145e-02 2.813488452311920310e-02
1.761900000000000022e+00 7.202453775377712711e-03 8.166665468455453283e-03 1.153846328813573283e-02 1.775697723835660893e-02 2.807280570051327168e-02
1.762599999999999945e+00 7.185180892100586324e-03 8.147109230384846218e-03 1.151120562185722028e-02 1.771611409169075030e-02 2.801072687790734719e-02
1.763300000000000090e+00 7.167908008823450396e-03 8.127552992314230479e-03 1.148394795557870079e-02 1.767525094502487779e-02 2.794864805530141230e-02
1.764000000000000012e+00 7.150635125546321406e-03 8.107996754243621679e-03 1.145669028930018825e-02 1.763438779835901568e-02 2.788656923269549476e-02
1.764699999999999935e+00 7.133362242269193285e-03 8.088440516173012879e-03 1.142943262302167744e-02 1.759352465169316052e-02 2.782449041008957027e-02
1.765400000000000080e+00 7.116089358992058224e-03 8.068884278102398874e-03 1.140217495674315622e-02 1.755266150502728800e-02 2.776241158748363191e-02
1.766100000000000003e+00 7.098816475714928367e-03 8.049328040031791809e-03 1.137491729046464367e-02 1.751179835836142937e-02 2.770033276487771437e-02
1.766799999999999926e+00 7.081543592437800246e-03 8.029771801961183009e-03 1.134765962418613286e-02 1.747093521169556726e-02 2.763825394227179683e-02
1.767500000000000071e+00 7.064270709160666920e-03 8.010215563890567270e-03 1.132040195790760991e-02 1.743007206502969128e-02 2.757617511966585500e-02
1.768199999999999994e+00 7.047390163037527654e-03 7.991098880457028764e-03 1.129374061240134321e-02 1.739006297901823928e-02 2.751530811105076454e-02
1.768899999999999917e+00 7.030530309802255143e-03 7.972005380284939713e-03 1.126711071841259883e-02 1.735009893839994238e-02 2.745450501667569959e-02
1.769600000000000062e+00 7.013670456566978295e-03 7.952911880112841989e-03 1.124048082442384577e-02 1.731013489778163855e-02 2.739370192230061382e-02
1.770299999999999985e+00 6.996810603331709254e-03 7.933818379940751203e-03 1.121385093043510139e-02 1.727017085716334513e-02 2.733289882792554193e-02
1.770999999999999908e+00 6.979950750096436743e-03 7.914724879768662152e-03 1.118722103644635875e-02 1.723020681654505518e-02 2.727209573355047698e-02
1.771700000000000053e+00 6.963090896861159895e-03 7.895631379596564428e-03 1.116059114245760570e-02 1.719024277592674788e-02 2.721129263917538774e-02
1.772399999999999975e+00 6.946231043625888252e-03 7.876537879424475377e-03 1.113396124846885958e-02 1.715027873530845792e-02 2.715048954480031931e-02
1.773099999999999898e+00 6.929371190390619210e-03 7.857444379252384592e-03 1.110733135448011694e-02 1.711031469469016450e-02 2.708968645042525436e-02
1.773800000000000043e+00 6.912511337155342363e-03 7.838350879080288602e-03 1.108070146049136562e-02 1.707035065407185720e-02 2.702888335605016512e-02
1.774499999999999966e+00 6.895651483920069852e-03 7.819257378908197817e-03 1.105407156650262124e-02 1.703038661345356725e-02 2.696808026167509670e-02
1.775199999999999889e+00 6.879166612392335553e-03 7.800584248919840633e-03 1.102801264006976131e-02 1.699124181325016580e-02 2.690844261133169477e-02
1.775900000000000034e+00 6.862710026122704858e-03 7.781942827889299676e-03 1.100199678231029120e-02 1.695215880919873769e-02 2.684889287163721994e-02
1.776599999999999957e+00 6.846253439853081102e-03 7.763301406858763923e-03 1.097598092455082802e-02 1.691307580514731998e-02 2.678934313194276592e-02
1.777299999999999880e+00 6.829796853583456478e-03 7.744659985828231639e-03 1.094996506679136658e-02 1.687399280109590921e-02 2.672979339224829803e-02
1.778000000000000025e+00 6.813340267313826651e-03 7.726018564797690683e-03 1.092394920903189647e-02 1.683490979704447763e-02 2.667024365255382667e-02
1.778699999999999948e+00 6.796883681044203762e-03 7.707377143767156664e-03 1.089793335127243502e-02 1.679582679299306339e-02 2.661069391285936919e-02
1.779400000000000093e+00 6.780427094774573935e-03 7.688735722736614840e-03 1.087191749351296491e-02 1.675674378894163527e-02 2.655114417316489436e-02
1.780100000000000016e+00 6.763970508504948444e-03 7.670094301706081689e-03 1.084590163575350173e-02 1.671766078489021409e-02 2.649159443347043341e-02
1.780799999999999939e+00 6.747513922235325555e-03 7.651452880675547671e-03 1.081988577799403856e-02 1.667857778083879985e-02 2.643204469377597593e-02
1.781500000000000083e+00 6.731057335965695727e-03 7.632811459645007582e-03 1.079386992023456844e-02 1.663949477678737174e-02 2.637249495408150110e-02
1.782200000000000006e+00 6.714958970269842807e-03 7.614571861202954969e-03 1.076840047049277237e-02 1.660119718009501685e-02 2.631406539641256356e-02
1.782899999999999929e+00 6.698896111018527895e-03 7.596372090991036427e-03 1.074298518013598602e-02 1.656297743214970100e-02 2.625574687000165747e-02
1.783600000000000074e+00 6.682833251767206044e-03 7.578172320779113548e-03 1.071756988977919274e-02 1.652475768420437474e-02 2.619742834359074096e-02
1.784299999999999997e+00 6.666770392515889397e-03 7.559972550567197608e-03 1.069215459942240466e-02 1.648653793625905889e-02 2.613910981717983834e-02
1.784999999999999920e+00 6.650707533264574485e-03 7.541772780355280800e-03 1.066673930906562005e-02 1.644831818831374304e-02 2.608079129076893571e-02
1.785700000000000065e+00 6.634644674013253501e-03 7.523573010143357921e-03 1.064132401870882504e-02 1.641009844036841678e-02 2.602247276435801920e-02
1.786399999999999988e+00 6.618581814761937722e-03 7.505373239931440246e-03 1.061590872835203869e-02 1.637187869242310093e-02 2.596415423794711311e-02
1.787099999999999911e+00 6.602518955510621942e-03 7.487173469719523439e-03 1.059049343799525235e-02 1.633365894447778507e-02 2.590583571153621395e-02
1.787800000000000056e+00 6.586456096259300091e-03 7.468973699507602294e-03 1.056507814763845907e-02 1.629543919653245881e-02 2.584751718512529398e-02
1.788499999999999979e+00 6.570393237007984312e-03 7.450773929295684619e-03 1.053966285728167272e-02 1.625721944858714296e-02 2.578919865871439135e-02
1.789199999999999902e+00 6.554672413920048513e-03 7.432958053297160882e-03 1.051477018975261260e-02 1.621975224362371890e-02 2.573195615080292598e-02
1.789900000000000047e+00 6.538993960176669833e-03 7.415189731762003404e-03 1.048994226153779179e-02 1.618237825907470687e-02 2.567484693347132571e-02
1.790599999999999969e+00 6.523315506433295489e-03 7.397421410226851998e-03 1.046511433332297965e-02 1.614500427452570525e-02 2.561773771613974279e-02
1.791299999999999892e+00 6.507637052689922014e-03 7.379653088691699725e-03 1.044028640510816577e-02 1.610763028997670362e-02 2.556062849880816334e-02
1.792000000000000037e+00 6.491958598946543334e-03 7.361884767156542247e-03 1.041545847689334496e-02 1.607025630542769160e-02 2.550351928147655614e-02
1.792699999999999960e+00 6.476280145203169858e-03 7.344116445621389974e-03 1.039063054867853109e-02 1.603288232087868997e-02 2.544641006414497669e-02
1.793399999999999883e+00 6.460601691459795515e-03 7.326348124086238568e-03 1.036580262046371721e-02 1.599550833632968835e-02 2.538930084681339377e-02
1.794100000000000028e+00 6.444923237716416835e-03 7.308579802551080223e-03 1.034097469224889640e-02 1.595813435178067632e-02 2.533219162948179351e-02
1.794799999999999951e+00 6.429244783973043359e-03 7.290811481015928817e-03 1.031614676403408426e-02 1.592076036723167470e-02 2.527508241215021059e-02
1.795499999999999874e+00 6.413566330229669016e-03 7.273043159480775677e-03 1.029131883581926865e-02 1.588338638268267308e-02 2.521797319481862767e-02
1.796200000000000019e+00 6.398214287817391606e-03 7.255641405744236994e-03 1.026699050053219743e-02 1.584673302685883980e-02 2.516189692066726769e-02
1.796899999999999942e+00 6.382911131894799563e-03 7.238294552714869684e-03 1.024273698907071477e-02 1.581018759930030715e-02 2.510597534998762134e-02
1.797600000000000087e+00 6.367607975972204050e-03 7.220947699685498905e-03 1.021848347760922690e-02 1.577364217174176408e-02 2.505005377930795765e-02
1.798300000000000010e+00 6.352304820049612007e-03 7.203600846656131595e-03 1.019422996614774597e-02 1.573709674418323143e-02 2.499413220862831131e-02
1.798999999999999932e+00 6.337001664127019963e-03 7.186253993626763419e-03 1.016997645468626504e-02 1.570055131662470224e-02 2.493821063794866150e-02
1.799700000000000077e+00 6.321698508204423583e-03 7.168907140597391772e-03 1.014572294322477544e-02 1.566400588906615571e-02 2.488228906726900128e-02
1.800400000000000000e+00 6.306395352281831540e-03 7.151560287568024463e-03 1.012146943176329625e-02 1.562746046150762305e-02 2.482636749658935493e-02
1.801099999999999923e+00 6.291092196359240364e-03 7.134213434538658020e-03 1.009721592030181359e-02 1.559091503394909560e-02 2.477044592590970859e-02
1.801800000000000068e+00 6.275789040436643984e-03 7.116866581509283772e-03 1.007296240884032572e-02 1.555436960639055254e-02 2.471452435523004143e-02
1.802499999999999991e+00 6.260485884514051941e-03 7.099519728479916462e-03 1.004870889737884479e-02 1.551782417883201814e-02 2.465860278455039856e-02
1.803199999999999914e+00 6.245494057959070575e-03 7.082522701910021375e-03 1.002493268545522932e-02 1.548196839727837906e-02 2.460367215892731232e-02
1.803900000000000059e+00 6.230557301457318592e-03 7.065587555020451382e-03 1.000124090151589817e-02 1.544623460499445870e-02 2.454891681839676057e-02
1.804599999999999982e+00 6.215620544955570079e-03 7.048652408130886594e-03 9.977549117576573964e-03 1.541050081271055049e-02 2.449416147786622269e-02
1.805299999999999905e+00 6.200683788453821566e-03 7.031717261241320072e-03 9.953857333637251489e-03 1.537476702042664400e-02 2.443940613733569175e-02
1.806000000000000050e+00 6.185747031952069583e-03 7.014782114351750947e-03 9.930165549697920341e-03 1.533903322814272364e-02 2.438465079680514000e-02
1.806699999999999973e+00 6.170810275450321070e-03 6.997846967462186159e-03 9.906473765758597866e-03 1.530329943585881716e-02 2.432989545627460212e-02
1.807399999999999896e+00 6.155873518948573424e-03 6.980911820572619636e-03 9.882781981819273656e-03 1.526756564357490895e-02 2.427514011574407118e-02
1.808100000000000041e+00 6.140936762446820574e-03 6.963976673683048776e-03 9.859090197879944242e-03 1.523183185129098859e-02 2.422038477521351943e-02
1.808799999999999963e+00 6.126000005945072928e-03 6.947041526793483988e-03 9.835398413940618298e-03 1.519609805900707863e-02 2.416562943468298502e-02
1.809499999999999886e+00 6.111063249443325282e-03 6.930106379903919200e-03 9.811706630001297558e-03 1.516036426672317389e-02 2.411087409415245408e-02
1.810200000000000031e+00 6.096423266933174469e-03 6.913504886697481935e-03 9.788470570224633641e-03 1.512529005067619024e-02 2.405706876605999064e-02
1.810899999999999954e+00 6.081844216281205931e-03 6.896971897266573545e-03 9.765328077003114157e-03 1.509035125487110350e-02 2.400345848883043628e-02
1.811599999999999877e+00 6.067265165629237393e-03 6.880438907835665155e-03 9.742185583781596409e-03 1.505541245906601849e-02 2.394984821160088539e-02
1.812300000000000022e+00 6.052686114977265386e-03 6.863905918404748958e-03 9.719043090560068252e-03 1.502047366326092134e-02 2.389623793437131369e-02
1.812999999999999945e+00 6.038107064325297715e-03 6.847372928973839701e-03 9.695900597338550503e-03 1.498553486745583460e-02 2.384262765714176280e-02
1.813700000000000090e+00 6.023528013673324841e-03 6.830839939542925239e-03 9.672758104117024081e-03 1.495059607165073572e-02 2.378901737991219456e-02
1.814400000000000013e+00 6.008948963021357170e-03 6.814306950112016849e-03 9.649615610895504597e-03 1.491565727584564724e-02 2.373540710268264020e-02
1.815099999999999936e+00 5.994369912369388632e-03 6.797773960681108459e-03 9.626473117673985114e-03 1.488071848004056397e-02 2.368179682545308584e-02
1.815800000000000081e+00 5.979790861717414890e-03 6.781240971250192262e-03 9.603330624452460426e-03 1.484577968423546508e-02 2.362818654822351760e-02
1.816500000000000004e+00 5.965211811065448087e-03 6.764707981819283872e-03 9.580188131230940943e-03 1.481084088843037661e-02 2.357457627099396671e-02
1.817199999999999926e+00 5.950915489755130745e-03 6.748493025713512422e-03 9.557480486605891140e-03 1.477653249348644636e-02 2.352187612677672859e-02
1.817900000000000071e+00 5.936685651829604754e-03 6.732352854671812964e-03 9.534875095982478857e-03 1.474237233636876108e-02 2.346938999898563749e-02
1.818599999999999994e+00 5.922455813904082232e-03 6.716212683630119577e-03 9.512269705359073513e-03 1.470821217925109489e-02 2.341690387119456027e-02
1.819299999999999917e+00 5.908225975978560578e-03 6.700072512588426191e-03 9.489664314735669903e-03 1.467405202213342350e-02 2.336441774340348651e-02
1.820000000000000062e+00 5.893996138053032852e-03 6.683932341546726733e-03 9.467058924112257620e-03 1.463989186501574169e-02 2.331193161561239194e-02
1.820699999999999985e+00 5.879766300127510330e-03 6.667792170505034213e-03 9.444453533488850541e-03 1.460573170789807029e-02 2.325944548782131818e-02
1.821399999999999908e+00 5.865536462201988675e-03 6.651651999463340827e-03 9.421848142865446932e-03 1.457157155078040063e-02 2.320695936003024096e-02
1.822100000000000053e+00 5.851306624276461817e-03 6.635511828421641368e-03 9.399242752242036383e-03 1.453741139366271883e-02 2.315447323223914639e-02
1.822799999999999976e+00 5.837076786350939295e-03 6.619371657379948849e-03 9.376637361618631039e-03 1.450325123654504743e-02 2.310198710444807610e-02
1.823499999999999899e+00 5.822846948425417640e-03 6.603231486338255463e-03 9.354031970995223960e-03 1.446909107942737430e-02 2.304950097665699887e-02
1.824200000000000044e+00 5.808886290468079361e-03 6.587394264902095807e-03 9.331841235299679488e-03 1.443553302367344207e-02 2.299788614276457310e-02
1.824899999999999967e+00 5.794997368289070763e-03 6.571637778766910298e-03 9.309761004089995434e-03 1.440213542640477774e-02 2.294650350648475001e-02
1.825599999999999890e+00 5.781108446110063900e-03 6.555881292631724790e-03 9.287680772880311381e-03 1.436873782913611515e-02 2.289512087020493386e-02
1.826300000000000034e+00 5.767219523931050966e-03 6.540124806496534077e-03 9.265600541670618653e-03 1.433534023186744215e-02 2.284373823392509342e-02
1.826999999999999957e+00 5.753330601752042368e-03 6.524368320361348568e-03 9.243520310460934600e-03 1.430194263459877956e-02 2.279235559764527727e-02
1.827699999999999880e+00 5.739441679573033771e-03 6.508611834226163059e-03 9.221440079251248811e-03 1.426854503733011523e-02 2.274097296136545418e-02
1.828400000000000025e+00 5.725552757394020836e-03 6.492855348090972346e-03 9.199359848041557819e-03 1.423514744006144569e-02 2.268959032508561721e-02
1.829099999999999948e+00 5.711663835215013106e-03 6.477098861955786838e-03 9.177279616831873765e-03 1.420174984279277790e-02 2.263820768880579759e-02
1.829799999999999871e+00 5.697774913036004509e-03 6.461342375820600462e-03 9.155199385622189712e-03 1.416835224552411530e-02 2.258682505252597450e-02
1.830500000000000016e+00 5.683885990856991574e-03 6.445585889685410616e-03 9.133119154412496984e-03 1.413495464825544230e-02 2.253544241624614100e-02
1.831199999999999939e+00 5.670253179503423509e-03 6.430117790655142003e-03 9.111434048746300252e-03 1.410213171028496318e-02 2.248489326166637145e-02
1.831900000000000084e+00 5.656697068006427340e-03 6.414736057554725618e-03 9.089867274948587941e-03 1.406948087080221212e-02 2.243459371749155148e-02
1.832600000000000007e+00 5.643140956509435507e-03 6.399354324454312702e-03 9.068300501150882570e-03 1.403683003131946973e-02 2.238429417331674193e-02
1.833299999999999930e+00 5.629584845012444543e-03 6.383972591353901521e-03 9.046733727353178933e-03 1.400417919183672560e-02 2.233399462914193931e-02
1.834000000000000075e+00 5.616028733515448373e-03 6.368590858253485136e-03 9.025166953555466623e-03 1.397152835235397454e-02 2.228369508496711934e-02
1.834699999999999998e+00 5.602472622018456541e-03 6.353209125153073955e-03 9.003600179757759517e-03 1.393887751287123215e-02 2.223339554079230979e-02
1.835399999999999920e+00 5.588916510521464709e-03 6.337827392052661907e-03 8.982033405960054145e-03 1.390622667338849150e-02 2.218309599661750717e-02
1.836100000000000065e+00 5.575360399024469407e-03 6.322445658952246389e-03 8.960466632162341835e-03 1.387357583390573697e-02 2.213279645244268720e-02
1.836799999999999988e+00 5.561804287527477575e-03 6.307063925851835208e-03 8.938899858364638198e-03 1.384092499442299458e-02 2.208249690826788111e-02
1.837499999999999911e+00 5.548248176030485743e-03 6.291682192751423160e-03 8.917333084566931092e-03 1.380827415494025392e-02 2.203219736409307503e-02
1.838200000000000056e+00 5.534935571796869777e-03 6.276574790411109002e-03 8.896142553900391811e-03 1.377617137176218899e-02 2.198269450247023957e-02
1.838899999999999979e+00 5.521704353680698119e-03 6.261559076159068510e-03 8.875077772943475163e-03 1.374425176248275995e-02 2.193345791175382864e-02
1.839599999999999902e+00 5.508473135564525593e-03 6.246543361907028018e-03 8.854012991986561984e-03 1.371233215320333265e-02 2.188422132103741771e-02
1.840300000000000047e+00 5.495241917448348730e-03 6.231527647654983189e-03 8.832948211029638397e-03 1.368041254392389147e-02 2.183498473032099291e-02
1.840999999999999970e+00 5.482010699332177071e-03 6.216511933402943564e-03 8.811883430072721748e-03 1.364849293464446243e-02 2.178574813960458198e-02
1.841699999999999893e+00 5.468779481216004545e-03 6.201496219150903939e-03 8.790818649115808570e-03 1.361657332536503340e-02 2.173651154888817452e-02
1.842400000000000038e+00 5.455548263099827683e-03 6.186480504898858243e-03 8.769753868158884982e-03 1.358465371608559222e-02 2.168727495817174625e-02
1.843099999999999961e+00 5.442317044983656024e-03 6.171464790646818618e-03 8.748689087201968334e-03 1.355273410680616318e-02 2.163803836745533532e-02
1.843799999999999883e+00 5.429085826867483498e-03 6.156449076394778126e-03 8.727624306245055155e-03 1.352081449752673588e-02 2.158880177673892439e-02
1.844500000000000028e+00 5.415854608751306636e-03 6.141433362142733297e-03 8.706559525288131568e-03 1.348889488824729470e-02 2.153956518602250306e-02
1.845199999999999951e+00 5.402854745654857641e-03 6.126678413750451420e-03 8.685852735013722611e-03 1.345749755309613195e-02 2.149108947747530377e-02
1.845899999999999874e+00 5.389940687304734142e-03 6.112020177970990502e-03 8.665278716008920773e-03 1.342629391851452199e-02 2.144289596423811645e-02
1.846600000000000019e+00 5.377026628954606306e-03 6.097361942191526114e-03 8.644704697004115465e-03 1.339509028393289815e-02 2.139470245100091178e-02
1.847299999999999942e+00 5.364112570604483675e-03 6.082703706412066064e-03 8.624130677999315361e-03 1.336388664935128645e-02 2.134650893776372793e-02
1.848000000000000087e+00 5.351198512254355839e-03 6.068045470632601676e-03 8.603556658994508319e-03 1.333268301476966435e-02 2.129831542452652673e-02
1.848700000000000010e+00 5.338284453904233208e-03 6.053387234853141625e-03 8.582982639989708215e-03 1.330147938018805265e-02 2.125012191128933942e-02
1.849399999999999933e+00 5.325370395554108842e-03 6.038728999073681575e-03 8.562408620984908111e-03 1.327027574560643922e-02 2.120192839805215210e-02
1.850100000000000078e+00 5.312456337203981874e-03 6.024070763294216320e-03 8.541834601980101069e-03 1.323907211102481711e-02 2.115373488481495090e-02
1.850800000000000001e+00 5.299542278853858375e-03 6.009412527514756269e-03 8.521260582975300965e-03 1.320786847644320541e-02 2.110554137157776358e-02
1.851499999999999924e+00 5.286628220503734009e-03 5.994754291735296219e-03 8.500686563970500861e-03 1.317666484186159198e-02 2.105734785834057626e-02
1.852200000000000069e+00 5.273933802365566963e-03 5.980343733995600354e-03 8.480452896460460854e-03 1.314595850191548759e-02 2.100988041099345963e-02
1.852899999999999991e+00 5.261329349850948911e-03 5.966034626300445801e-03 8.460358638460993563e-03 1.311545585609976035e-02 2.096271036351658387e-02
1.853599999999999914e+00 5.248724897336328257e-03 5.951725518605292115e-03 8.440264380461526272e-03 1.308495321028403137e-02 2.091554031603971159e-02
1.854300000000000059e+00 5.236120444821705001e-03 5.937416410910133224e-03 8.420170122462053777e-03 1.305445056446829545e-02 2.086837026856282196e-02
1.854999999999999982e+00 5.223515992307085215e-03 5.923107303214980406e-03 8.400075864462586486e-03 1.302394791865256821e-02 2.082120022108594967e-02
1.855699999999999905e+00 5.210911539792466296e-03 5.908798195519826719e-03 8.379981606463119195e-03 1.299344527283683923e-02 2.077403017360907739e-02
1.856400000000000050e+00 5.198307087277842173e-03 5.894489087824667829e-03 8.359887348463648435e-03 1.296294262702110157e-02 2.072686012613219123e-02
1.857099999999999973e+00 5.185702634763221519e-03 5.880179980129515011e-03 8.339793090464179409e-03 1.293243998120537606e-02 2.067969007865531894e-02
1.857799999999999896e+00 5.173098182248602600e-03 5.865870872434360457e-03 8.319698832464712118e-03 1.290193733538964709e-02 2.063252003117844319e-02
1.858500000000000041e+00 5.160493729733979344e-03 5.851561764739203302e-03 8.299604574465239623e-03 1.287143468957390943e-02 2.058534998370155356e-02
1.859199999999999964e+00 5.148097626548755502e-03 5.837487710322542683e-03 8.279833625638098951e-03 1.284140514358825952e-02 2.053887215494334950e-02
1.859899999999999887e+00 5.135795401695092410e-03 5.823519566540086637e-03 8.260208353908950543e-03 1.281158876758418594e-02 2.049270622706128239e-02
1.860600000000000032e+00 5.123493176841424981e-03 5.809551422757627120e-03 8.240583082179796931e-03 1.278177239158010195e-02 2.044654029917920141e-02
1.861299999999999955e+00 5.111190951987761889e-03 5.795583278975171074e-03 8.220957810450650258e-03 1.275195601557602837e-02 2.040037437129713430e-02
1.861999999999999877e+00 5.098888727134099665e-03 5.781615135192715894e-03 8.201332538721503584e-03 1.272213963957195305e-02 2.035420844341506719e-02
1.862700000000000022e+00 5.086586502280432236e-03 5.767646991410255511e-03 8.181707266992349972e-03 1.269232326356787080e-02 2.030804251553298620e-02
1.863399999999999945e+00 5.074284277426769144e-03 5.753678847627800332e-03 8.162081995263201564e-03 1.266250688756379549e-02 2.026187658765091909e-02
1.864100000000000090e+00 5.061982052573102582e-03 5.739710703845340815e-03 8.142456723534049687e-03 1.263269051155971150e-02 2.021571065976883810e-02
1.864800000000000013e+00 5.049679827719439490e-03 5.725742560062884769e-03 8.122831451804903014e-03 1.260287413555563792e-02 2.016954473188677446e-02
1.865499999999999936e+00 5.037377602865776398e-03 5.711774416280429589e-03 8.103206180075754606e-03 1.257305775955156260e-02 2.012337880400470735e-02
1.866200000000000081e+00 5.025272847237446765e-03 5.698029150389827616e-03 8.083887755974171821e-03 1.254369105541446733e-02 2.007787220148717425e-02
1.866900000000000004e+00 5.013265643771339444e-03 5.684393988847004538e-03 8.064720918275432304e-03 1.251454649456496503e-02 2.003269131359585245e-02
1.867599999999999927e+00 5.001258440305232124e-03 5.670758827304182327e-03 8.045554080576694522e-03 1.248540193371546272e-02 1.998751042570453412e-02
1.868300000000000072e+00 4.989251236839120467e-03 5.657123665761355780e-03 8.026387242877949801e-03 1.245625737286595175e-02 1.994232953781320192e-02
1.868999999999999995e+00 4.977244033373012279e-03 5.643488504218533569e-03 8.007220405179212019e-03 1.242711281201644945e-02 1.989714864992188359e-02
1.869699999999999918e+00 4.965236829906904958e-03 5.629853342675710491e-03 7.988053567480474237e-03 1.239796825116694541e-02 1.985196776203056179e-02
1.870400000000000063e+00 4.953229626440794169e-03 5.616218181132884811e-03 7.968886729781731251e-03 1.236882369031743270e-02 1.980678687413923306e-02
1.871099999999999985e+00 4.941222422974685981e-03 5.602583019590060866e-03 7.949719892082991735e-03 1.233967912946793040e-02 1.976160598624791126e-02
1.871799999999999908e+00 4.929215219508578660e-03 5.588947858047238655e-03 7.930553054384253953e-03 1.231053456861842810e-02 1.971642509835658946e-02
1.872500000000000053e+00 4.917208016042467870e-03 5.575312696504412108e-03 7.911386216685510966e-03 1.228139000776891712e-02 1.967124421046526073e-02
1.873199999999999976e+00 4.905387799685551921e-03 5.561888673489954853e-03 7.892510330068082391e-03 1.225267243998525400e-02 1.962669069285468207e-02
1.873899999999999899e+00 4.893668579452426469e-03 5.548578691347300779e-03 7.873791592954449206e-03 1.222418550117233653e-02 1.958247603264881911e-02
1.874600000000000044e+00 4.881949359219299282e-03 5.535268709204641500e-03 7.855072855840812551e-03 1.219569856235941038e-02 1.953826137244295269e-02
1.875299999999999967e+00 4.870230138986174698e-03 5.521958727061987426e-03 7.836354118727179366e-03 1.216721162354649291e-02 1.949404671223709667e-02
1.875999999999999890e+00 4.858510918753050113e-03 5.508648744919331618e-03 7.817635381613547915e-03 1.213872468473357717e-02 1.944983205203123719e-02
1.876700000000000035e+00 4.846791698519922059e-03 5.495338762776673207e-03 7.798916644499911260e-03 1.211023774592065276e-02 1.940561739182536383e-02
1.877399999999999958e+00 4.835072478286797475e-03 5.482028780634018265e-03 7.780197907386278075e-03 1.208175080710773355e-02 1.936140273161950781e-02
1.878099999999999881e+00 4.823353258053673757e-03 5.468718798491363324e-03 7.761479170272647492e-03 1.205326386829481608e-02 1.931718807141364833e-02
1.878800000000000026e+00 4.811634037820545703e-03 5.455408816348704913e-03 7.742760433159008235e-03 1.202477692948189167e-02 1.927297341120777843e-02
1.879499999999999948e+00 4.799914817587421986e-03 5.442098834206049972e-03 7.724041696045376784e-03 1.199628999066897593e-02 1.922875875100192242e-02
1.880199999999999871e+00 4.788372487893086983e-03 5.428988674227366688e-03 7.705598562994524399e-03 1.196820809777890231e-02 1.918514042849548545e-02
1.880900000000000016e+00 4.776934377146762646e-03 5.415996243867581689e-03 7.687317808133523576e-03 1.194036484659495925e-02 1.914187345144889238e-02
1.881599999999999939e+00 4.765496266400442646e-03 5.403003813507800158e-03 7.669037053272527958e-03 1.191252159541102140e-02 1.909860647440230971e-02
1.882300000000000084e+00 4.754058155654119176e-03 5.390011383148015159e-03 7.650756298411526268e-03 1.188467834422707661e-02 1.905533949735570970e-02
1.883000000000000007e+00 4.742620044907798309e-03 5.377018952788233629e-03 7.632475543550530650e-03 1.185683509304314223e-02 1.901207252030913050e-02
1.883699999999999930e+00 4.731181934161477441e-03 5.364026522428452098e-03 7.614194788689536766e-03 1.182899184185920612e-02 1.896880554326254784e-02
1.884400000000000075e+00 4.719743823415153972e-03 5.351034092068667099e-03 7.595914033828535077e-03 1.180114859067525959e-02 1.892553856621595129e-02
1.885099999999999998e+00 4.708305712668833104e-03 5.338041661708884701e-03 7.577633278967537724e-03 1.177330533949132521e-02 1.888227158916936863e-02
1.885799999999999921e+00 4.696867601922513104e-03 5.325049231349103171e-03 7.559352524106542105e-03 1.174546208830738910e-02 1.883900461212278596e-02
1.886500000000000066e+00 4.685429491176188767e-03 5.312056800989318171e-03 7.541071769245540415e-03 1.171761883712344257e-02 1.879573763507619288e-02
1.887199999999999989e+00 4.674158547842552879e-03 5.299253286726425885e-03 7.523051805793758325e-03 1.169015939906148036e-02 1.875303686969533382e-02
1.887899999999999912e+00 4.662994833605869395e-03 5.286570952196736374e-03 7.505199126305122335e-03 1.166294615691657217e-02 1.871069929929742096e-02
1.888600000000000056e+00 4.651831119369181575e-03 5.273888617667042526e-03 7.487346446816480275e-03 1.163573291477165705e-02 1.866836172889949075e-02
1.889299999999999979e+00 4.640667405132498091e-03 5.261206283137353883e-03 7.469493767327842551e-03 1.160851967262674887e-02 1.862602415850157442e-02
1.889999999999999902e+00 4.629503690895815475e-03 5.248523948607663504e-03 7.451641087839206562e-03 1.158130643048184069e-02 1.858368658810366156e-02
1.890700000000000047e+00 4.618339976659127655e-03 5.235841614077969657e-03 7.433788408350564501e-03 1.155409318833692384e-02 1.854134901770573829e-02
1.891399999999999970e+00 4.607176262422444171e-03 5.223159279548280146e-03 7.415935728861928512e-03 1.152687994619201739e-02 1.849901144730782543e-02
1.892099999999999893e+00 4.596012548185759820e-03 5.210476945018589767e-03 7.398083049373292523e-03 1.149966670404710921e-02 1.845667387690990910e-02
1.892800000000000038e+00 4.584848833949072000e-03 5.197794610488896787e-03 7.380230369884648728e-03 1.147245346190219235e-02 1.841433630651197889e-02
1.893499999999999961e+00 4.573685119712389384e-03 5.185112275959207276e-03 7.362377690396012739e-03 1.144524021975728417e-02 1.837199873611406603e-02
1.894199999999999884e+00 4.562679211438254966e-03 5.172608349371827889e-03 7.344771509172384749e-03 1.141839025515736794e-02 1.833019814178590834e-02
1.894900000000000029e+00 4.551783337933924117e-03 5.160228822880274548e-03 7.327337205990678247e-03 1.139179359632861051e-02 1.828877196954719134e-02
1.895599999999999952e+00 4.540887464429596738e-03 5.147849296388724676e-03 7.309902902808976949e-03 1.136519693749986175e-02 1.824734579730848474e-02
1.896299999999999875e+00 4.529991590925268492e-03 5.135469769897175671e-03 7.292468599627274783e-03 1.133860027867111125e-02 1.820591962506978162e-02
1.897000000000000020e+00 4.519095717420937644e-03 5.123090243405621462e-03 7.275034296445567414e-03 1.131200361984235729e-02 1.816449345283106462e-02
1.897699999999999942e+00 4.508199843916609398e-03 5.110710716914071590e-03 7.257599993263866983e-03 1.128540696101360680e-02 1.812306728059235456e-02
1.898400000000000087e+00 4.497303970412277682e-03 5.098331190422518248e-03 7.240165690082160481e-03 1.125881030218484936e-02 1.808164110835364102e-02
1.899100000000000010e+00 4.486408096907950303e-03 5.085951663930968376e-03 7.222731386900459183e-03 1.123221364335610060e-02 1.804021493611493443e-02
1.899799999999999933e+00 4.475512223403622057e-03 5.073572137439418504e-03 7.205297083718757017e-03 1.120561698452735185e-02 1.799878876387622784e-02
1.900500000000000078e+00 4.464616349899290342e-03 5.061192610947864295e-03 7.187862780537049648e-03 1.117902032569859268e-02 1.795736259163751083e-02
1.901200000000000001e+00 4.453869271140635175e-03 5.048981370083398083e-03 7.170661187435942684e-03 1.115276708915050388e-02 1.791644503407550937e-02
1.901899999999999924e+00 4.443234836291556737e-03 5.036897528549293991e-03 7.153635765698663530e-03 1.112677383777967328e-02 1.787591251931453309e-02
1.902600000000000069e+00 4.432600401442473095e-03 5.024813687015186429e-03 7.136610343961380908e-03 1.110078058640883401e-02 1.783538000455354294e-02
1.903299999999999992e+00 4.421965966593394658e-03 5.012729845481083205e-03 7.119584922224101754e-03 1.107478733503800515e-02 1.779484748979256667e-02
1.903999999999999915e+00 4.411331531744315353e-03 5.000646003946979112e-03 7.102559500486823468e-03 1.104879408366717455e-02 1.775431497503158693e-02
1.904700000000000060e+00 4.400697096895233446e-03 4.988562162412870683e-03 7.085534078749540846e-03 1.102280083229633528e-02 1.771378246027060024e-02
1.905399999999999983e+00 4.390062662046154141e-03 4.976478320878766591e-03 7.068508657012261692e-03 1.099680758092550642e-02 1.767324994550962397e-02
1.906099999999999905e+00 4.379428227197073968e-03 4.964394479344662499e-03 7.051483235274983406e-03 1.097081432955467582e-02 1.763271743074864770e-02
1.906800000000000050e+00 4.368793792347992061e-03 4.952310637810555805e-03 7.034457813537699916e-03 1.094482107818383829e-02 1.759218491598765755e-02
1.907499999999999973e+00 4.358159357498912756e-03 4.940226796276451712e-03 7.017432391800421630e-03 1.091882782681300595e-02 1.755165240122668127e-02
1.908199999999999896e+00 4.347665045287379439e-03 4.928301492126647108e-03 7.000626382674069760e-03 1.089315880607523088e-02 1.751160099762098799e-02
1.908900000000000041e+00 4.337285797285508199e-03 4.916506373785115014e-03 6.984000548136979139e-03 1.086775603312006670e-02 1.747194466704426324e-02
1.909599999999999964e+00 4.326906549283639561e-03 4.904711255443587256e-03 6.967374713599892855e-03 1.084235326016490947e-02 1.743228833646754891e-02
1.910299999999999887e+00 4.316527301281771790e-03 4.892916137102058631e-03 6.950748879062806571e-03 1.081695048720975397e-02 1.739263200589083458e-02
1.911000000000000032e+00 4.306148053279899683e-03 4.881121018760525669e-03 6.934123044525715950e-03 1.079154771425458806e-02 1.735297567531410637e-02
1.911699999999999955e+00 4.295768805278031045e-03 4.869325900418997911e-03 6.917497209988629665e-03 1.076614494129943082e-02 1.731331934473739204e-02
1.912399999999999878e+00 4.285389557276163275e-03 4.857530782077469286e-03 6.900871375451543381e-03 1.074074216834427359e-02 1.727366301416067770e-02
1.913100000000000023e+00 4.275010309274291168e-03 4.845735663735937192e-03 6.884245540914451025e-03 1.071533939538911115e-02 1.723400668358394949e-02
1.913799999999999946e+00 4.264631061272423397e-03 4.833940545394409434e-03 6.867619706377366476e-03 1.068993662243395218e-02 1.719435035300723169e-02
1.914500000000000091e+00 4.254251813270551290e-03 4.822145427052877339e-03 6.850993871840274120e-03 1.066453384947878801e-02 1.715469402243051042e-02
1.915200000000000014e+00 4.244004344093194048e-03 4.810499460459249053e-03 6.834574629216866488e-03 1.063943676265264801e-02 1.711549214095831051e-02
1.915899999999999936e+00 4.233874178036139968e-03 4.798986261520001712e-03 6.818339284698433748e-03 1.061461178279741839e-02 1.707669478804506660e-02
1.916600000000000081e+00 4.223744011979081552e-03 4.787473062580751768e-03 6.802103940179996672e-03 1.058978680294218010e-02 1.703789743513181229e-02
1.917300000000000004e+00 4.213613845922028339e-03 4.775959863641504426e-03 6.785868595661564799e-03 1.056496182308694874e-02 1.699910008221856492e-02
1.917999999999999927e+00 4.203483679864974260e-03 4.764446664702257084e-03 6.769633251143130324e-03 1.054013684323171739e-02 1.696030272930531754e-02
1.918700000000000072e+00 4.193353513807915843e-03 4.752933465763006272e-03 6.753397906624694115e-03 1.051531186337647909e-02 1.692150537639206323e-02
1.919399999999999995e+00 4.183223347750861763e-03 4.741420266823759798e-03 6.737162562106261375e-03 1.049048688352124947e-02 1.688270802347881586e-02
1.920099999999999918e+00 4.173093181693807684e-03 4.729907067884512456e-03 6.720927217587828635e-03 1.046566190366601812e-02 1.684391067056557195e-02
1.920800000000000063e+00 4.162963015636750135e-03 4.718393868945261645e-03 6.704691873069392426e-03 1.044083692381077809e-02 1.680511331765231417e-02
1.921499999999999986e+00 4.152832849579695187e-03 4.706880670006014303e-03 6.688456528550959686e-03 1.041601194395554847e-02 1.676631596473906680e-02
1.922199999999999909e+00 4.142826436319186137e-03 4.695507588613963799e-03 6.672415418379692119e-03 1.039147473662518049e-02 1.672794722390470029e-02
1.922900000000000054e+00 4.132939390913608312e-03 4.684269659974127017e-03 6.656561660236195652e-03 1.036721510515539561e-02 1.668999190810703179e-02
1.923599999999999977e+00 4.123052345508033956e-03 4.673031731334292838e-03 6.640707902092706991e-03 1.034295547368562287e-02 1.665203659230937369e-02
1.924299999999999899e+00 4.113165300102458732e-03 4.661793802694459525e-03 6.624854143949217462e-03 1.031869584221584667e-02 1.661408127651171907e-02
1.925000000000000044e+00 4.103278254696880907e-03 4.650555874054622743e-03 6.609000385805721862e-03 1.029443621074606699e-02 1.657612596071405056e-02
1.925699999999999967e+00 4.093391209291305684e-03 4.639317945414788563e-03 6.593146627662230599e-03 1.027017657927629078e-02 1.653817064491639593e-02
1.926399999999999890e+00 4.083504163885731328e-03 4.628080016774955251e-03 6.577292869518741071e-03 1.024591694780651804e-02 1.650021532911873784e-02
1.927100000000000035e+00 4.073617118480152635e-03 4.616842088135117601e-03 6.561439111375245471e-03 1.022165731633673663e-02 1.646226001332106934e-02
1.927799999999999958e+00 4.063730073074577412e-03 4.605604159495284289e-03 6.545585353231755076e-03 1.019739768486696216e-02 1.642430469752341124e-02
1.928499999999999881e+00 4.053843027669002189e-03 4.594366230855450109e-03 6.529731595088264680e-03 1.017313805339718769e-02 1.638634938172576008e-02
1.929200000000000026e+00 4.044072016603540709e-03 4.583259726117016458e-03 6.514060163512781776e-03 1.014914889573972565e-02 1.634879764954004847e-02
1.929899999999999949e+00 4.034422270934514589e-03 4.572290570128003523e-03 6.498579278145674883e-03 1.012544240538613104e-02 1.631166769530946817e-02
1.930599999999999872e+00 4.024772525265488468e-03 4.561321414138990588e-03 6.483098392778569724e-03 1.010173591503253643e-02 1.627453774107889481e-02
1.931300000000000017e+00 4.015122779596459746e-03 4.550352258149974183e-03 6.467617507411459361e-03 1.007802942467893662e-02 1.623740778684830063e-02
1.931999999999999940e+00 4.005473033927433625e-03 4.539383102160961247e-03 6.452136622044353335e-03 1.005432293432534374e-02 1.620027783261772381e-02
1.932700000000000085e+00 3.995823288258404035e-03 4.528413946171944843e-03 6.436655736677242973e-03 1.003061644397174219e-02 1.616314787838713657e-02
1.933400000000000007e+00 3.986173542589378782e-03 4.517444790182932775e-03 6.421174851310136947e-03 1.000690995361814759e-02 1.612601792415655627e-02
1.934099999999999930e+00 3.976523796920352662e-03 4.506475634193918972e-03 6.405693965943030921e-03 9.983203463264552976e-03 1.608888796992597944e-02
1.934800000000000075e+00 3.966874051251323072e-03 4.495506478204903435e-03 6.390213080575921425e-03 9.959496972910951429e-03 1.605175801569538874e-02
1.935499999999999998e+00 3.957224305582296951e-03 4.484537322215889632e-03 6.374732195208814532e-03 9.935790482557356820e-03 1.601462806146481191e-02
1.936199999999999921e+00 3.947683173444427665e-03 4.473691226441035319e-03 6.359422165370273890e-03 9.912337766427565741e-03 1.597787745447287397e-02
1.936900000000000066e+00 3.938265043809788084e-03 4.462984493729219536e-03 6.344305625767068108e-03 9.889172444183696661e-03 1.594155645012297270e-02
1.937599999999999989e+00 3.928846914175151972e-03 4.452277761017406355e-03 6.329189086163868397e-03 9.866007121939836255e-03 1.590523544577308879e-02
1.938299999999999912e+00 3.919428784540514993e-03 4.441571028305593173e-03 6.314072546560667819e-03 9.842841799695974114e-03 1.586891444142320140e-02
1.939000000000000057e+00 3.910010654905875412e-03 4.430864295593777390e-03 6.298956006957462904e-03 9.819676477452106769e-03 1.583259343707330014e-02
1.939699999999999980e+00 3.900592525271239300e-03 4.420157562881964208e-03 6.283839467354261459e-03 9.796511155208242894e-03 1.579627243272341275e-02
1.940399999999999903e+00 3.891174395636602321e-03 4.409450830170151027e-03 6.268722927751060013e-03 9.773345832964382487e-03 1.575995142837352883e-02
1.941100000000000048e+00 3.881756266001962739e-03 4.398744097458335243e-03 6.253606388147855098e-03 9.750180510720513408e-03 1.572363042402363104e-02
1.941799999999999971e+00 3.872338136367326194e-03 4.388037364746522062e-03 6.238489848544655388e-03 9.727015188476651267e-03 1.568730941967374018e-02
1.942499999999999893e+00 3.862920006732689648e-03 4.377330632034709748e-03 6.223373308941453942e-03 9.703849866232790861e-03 1.565098841532385279e-02
1.943200000000000038e+00 3.853603357826175090e-03 4.366738915490935014e-03 6.208416577812339229e-03 9.680922202225895543e-03 1.561502329748988213e-02
1.943899999999999961e+00 3.844411294634993755e-03 4.356288401832036222e-03 6.193656040122405906e-03 9.658286306143862299e-03 1.557949509390537876e-02
1.944599999999999884e+00 3.835219231443812854e-03 4.345837888173139166e-03 6.178895502432472583e-03 9.635650410061830790e-03 1.554396689032087713e-02
1.945300000000000029e+00 3.826027168252628483e-03 4.335387374514236905e-03 6.164134964742532322e-03 9.613014513979792341e-03 1.550843868673636508e-02
1.945999999999999952e+00 3.816835105061447148e-03 4.324936860855338981e-03 6.149374427052598131e-03 9.590378617897757363e-03 1.547291048315186344e-02
1.946699999999999875e+00 3.807643041870266247e-03 4.314486347196441057e-03 6.134613889362663941e-03 9.567742721815725854e-03 1.543738227956736007e-02
1.947400000000000020e+00 3.798450978679081876e-03 4.304035833537539664e-03 6.119853351672725414e-03 9.545106825733687406e-03 1.540185407598284976e-02
1.948099999999999943e+00 3.789258915487901409e-03 4.293585319878640873e-03 6.105092813982790356e-03 9.522470929651654162e-03 1.536632587239834639e-02
1.948800000000000088e+00 3.780066852296717905e-03 4.283134806219739479e-03 6.090332276292851829e-03 9.499835033569613979e-03 1.533079766881383262e-02
1.949500000000000011e+00 3.770874789105536137e-03 4.272684292560841555e-03 6.075571738602917639e-03 9.477199137487582470e-03 1.529526946522933271e-02
1.950199999999999934e+00 3.761777352479552926e-03 4.262341060621019709e-03 6.060960373852778381e-03 9.454785351984304823e-03 1.526007444668712847e-02
1.950900000000000079e+00 3.752805937213760708e-03 4.252140703867812732e-03 6.046547673999091120e-03 9.432667367952719123e-03 1.522532315588816069e-02
1.951600000000000001e+00 3.743834521947971960e-03 4.241940347114610092e-03 6.032134974145407329e-03 9.410549383921143832e-03 1.519057186508920333e-02
1.952299999999999924e+00 3.734863106682182778e-03 4.231739990361407452e-03 6.017722274291724405e-03 9.388431399889568540e-03 1.515582057429024944e-02
1.953000000000000069e+00 3.725891691416390993e-03 4.221539633608201343e-03 6.003309574438036277e-03 9.366313415857986310e-03 1.512106928349127646e-02
1.953699999999999992e+00 3.716920276150601377e-03 4.211339276854996969e-03 5.988896874584353353e-03 9.344195431826412754e-03 1.508631799269232257e-02
1.954399999999999915e+00 3.707948860884812195e-03 4.201138920101793461e-03 5.974484174730669561e-03 9.322077447794833993e-03 1.505156670189336521e-02
1.955100000000000060e+00 3.698977445619019543e-03 4.190938563348587352e-03 5.960071474876982300e-03 9.299959463763253498e-03 1.501681541109439917e-02
1.955799999999999983e+00 3.690006030353230795e-03 4.180738206595384712e-03 5.945658775023299376e-03 9.277841479731676472e-03 1.498206412029544007e-02
1.956499999999999906e+00 3.681034615087441612e-03 4.170537849842182072e-03 5.931246075169616452e-03 9.255723495700102915e-03 1.494731282949648271e-02
1.957200000000000051e+00 3.672151241767203280e-03 4.160437340180259298e-03 5.916972312063551592e-03 9.233812627897169251e-03 1.491287276517350678e-02
1.957899999999999974e+00 3.663395184005490378e-03 4.150481217243482887e-03 5.902899462391554379e-03 9.212201266405281239e-03 1.487888275874474538e-02
1.958599999999999897e+00 3.654639126243776608e-03 4.140525094306705609e-03 5.888826612719556299e-03 9.190589904913394961e-03 1.484489275231598224e-02
1.959300000000000042e+00 3.645883068482060670e-03 4.130568971369924861e-03 5.874753763047554748e-03 9.168978543421498276e-03 1.481090274588721042e-02
1.959999999999999964e+00 3.637127010720346901e-03 4.120612848433147582e-03 5.860680913375558403e-03 9.147367181929611998e-03 1.477691273945844902e-02
1.960699999999999887e+00 3.628370952958633565e-03 4.110656725496370303e-03 5.846608063703561189e-03 9.125755820437723986e-03 1.474292273302968588e-02
1.961400000000000032e+00 3.619614895196916760e-03 4.100700602559590423e-03 5.832535214031558772e-03 9.104144458945829035e-03 1.470893272660091580e-02
1.962099999999999955e+00 3.610858837435203857e-03 4.090744479622812277e-03 5.818462364359561559e-03 9.082533097453939289e-03 1.467494272017215266e-02
1.962799999999999878e+00 3.602102779673490088e-03 4.080788356686034998e-03 5.804389514687565213e-03 9.060921735962053011e-03 1.464095271374338779e-02
1.963500000000000023e+00 3.593346721911774150e-03 4.070832233749255118e-03 5.790316665015562796e-03 9.039310374470159795e-03 1.460696270731461771e-02
1.964199999999999946e+00 3.584672382184821236e-03 4.060968813583700279e-03 5.776372903346500137e-03 9.017891673399903649e-03 1.457326269543769010e-02
1.964900000000000091e+00 3.576126516687775682e-03 4.051251137465682571e-03 5.762632089310914738e-03 8.996775866291484985e-03 1.454001860283038808e-02
1.965600000000000014e+00 3.567580651190732730e-03 4.041533461347668332e-03 5.748891275275331940e-03 8.975660059183073261e-03 1.450677451022309994e-02
1.966299999999999937e+00 3.559034785693690646e-03 4.031815785229654094e-03 5.735150461239749142e-03 8.954544252074661537e-03 1.447353041761581006e-02
1.967000000000000082e+00 3.550488920196643791e-03 4.022098109111635518e-03 5.721409647204162875e-03 8.933428444966242873e-03 1.444028632500851325e-02
1.967700000000000005e+00 3.541943054699601707e-03 4.012380432993620412e-03 5.707668833168580078e-03 8.912312637857831149e-03 1.440704223240122338e-02
1.968399999999999928e+00 3.533397189202557888e-03 4.002662756875606173e-03 5.693928019132999015e-03 8.891196830749419425e-03 1.437379813979393524e-02
1.969100000000000072e+00 3.524851323705512768e-03 3.992945080757588465e-03 5.680187205097411880e-03 8.870081023641000761e-03 1.434055404718663322e-02
1.969799999999999995e+00 3.516305458208469816e-03 3.983227404639574226e-03 5.666446391061829950e-03 8.848965216532589037e-03 1.430730995457934335e-02
1.970499999999999918e+00 3.507759592711426431e-03 3.973509728521559120e-03 5.652705577026247152e-03 8.827849409424177313e-03 1.427406586197205521e-02
1.971200000000000063e+00 3.499289373468687878e-03 3.963877891906115135e-03 5.639084378081654463e-03 8.806912330966179883e-03 1.424109124246183099e-02
1.971899999999999986e+00 3.490948657324357066e-03 3.954393008786928274e-03 5.625667954972189862e-03 8.786281228186894679e-03 1.420857794917759938e-02
1.972599999999999909e+00 3.482607941180025819e-03 3.944908125667739678e-03 5.612251531862724394e-03 8.765650125407609475e-03 1.417606465589336256e-02
1.973300000000000054e+00 3.474267225035691971e-03 3.935423242548549347e-03 5.598835108753254589e-03 8.745019022628319066e-03 1.414355136260911881e-02
1.973999999999999977e+00 3.465926508891361158e-03 3.925938359429360751e-03 5.585418685643789988e-03 8.724387919849033862e-03 1.411103806932488200e-02
1.974699999999999900e+00 3.457585792747029912e-03 3.916453476310172155e-03 5.572002262534325387e-03 8.703756817069746923e-03 1.407852477604065039e-02
1.975400000000000045e+00 3.449245076602696931e-03 3.906968593190981824e-03 5.558585839424856449e-03 8.683125714290458250e-03 1.404601148275640317e-02
1.976099999999999968e+00 3.440904360458365684e-03 3.897483710071793228e-03 5.545169416315390981e-03 8.662494611511171311e-03 1.401349818947216982e-02
1.976799999999999891e+00 3.432563644314034872e-03 3.887998826952605933e-03 5.531752993205926380e-03 8.641863508731887841e-03 1.398098489618793648e-02
1.977500000000000036e+00 3.424222928169701457e-03 3.878513943833414735e-03 5.518336570096457443e-03 8.621232405952595698e-03 1.394847160290369273e-02
1.978199999999999958e+00 3.415952030300571825e-03 3.869108308994974581e-03 5.505030653660352574e-03 8.600766609840600901e-03 1.391620795566548413e-02
1.978899999999999881e+00 3.407811540129376295e-03 3.859850695370575964e-03 5.491931143367017286e-03 8.580609576181875975e-03 1.388441060132933683e-02
1.979600000000000026e+00 3.399671049958177295e-03 3.850593081746174744e-03 5.478831633073676793e-03 8.560452542523145844e-03 1.385261324699318258e-02
1.980299999999999949e+00 3.391530559786982198e-03 3.841335468121776127e-03 5.465732122780341505e-03 8.540295508864420918e-03 1.382081589265703875e-02
1.980999999999999872e+00 3.383390069615786235e-03 3.832077854497377076e-03 5.452632612487006217e-03 8.520138475205695991e-03 1.378901853832089144e-02
1.981700000000000017e+00 3.375249579444587669e-03 3.822820240872975422e-03 5.439533102193666592e-03 8.499981441546964125e-03 1.375722118398474067e-02
1.982399999999999940e+00 3.367109089273392572e-03 3.813562627248576805e-03 5.426433591900331303e-03 8.479824407888240934e-03 1.372542382964859337e-02
1.983100000000000085e+00 3.358968599102193572e-03 3.804305013624174718e-03 5.413334081606990811e-03 8.459667374229509068e-03 1.369362647531243565e-02
1.983800000000000008e+00 3.350828108930998042e-03 3.795047399999776101e-03 5.400234571313655522e-03 8.439510340570784142e-03 1.366182912097629529e-02
1.984499999999999931e+00 3.342687618759802946e-03 3.785789786375377917e-03 5.387135061020321102e-03 8.419353306912059215e-03 1.363003176664014798e-02
1.985200000000000076e+00 3.334611354600327746e-03 3.776605093098512125e-03 5.374137302411102421e-03 8.399348653738793191e-03 1.359846490975761754e-02
1.985899999999999999e+00 3.326666283818461179e-03 3.767569352970580841e-03 5.361347390229822228e-03 8.379655265581579041e-03 1.356736888608828413e-02
1.986599999999999921e+00 3.318721213036594179e-03 3.758533612842648690e-03 5.348557478048542903e-03 8.359961877424363155e-03 1.353627286241895246e-02
1.987300000000000066e+00 3.310776142254724577e-03 3.749497872714713503e-03 5.335767565867258373e-03 8.340268489267138596e-03 1.350517683874960517e-02
1.987999999999999989e+00 3.302831071472857576e-03 3.740462132586781351e-03 5.322977653685978180e-03 8.320575101109922711e-03 1.347408081508027523e-02
1.988699999999999912e+00 3.294886000690990576e-03 3.731426392458849634e-03 5.310187741504698855e-03 8.300881712952706826e-03 1.344298479141094356e-02
1.989400000000000057e+00 3.286940929909120974e-03 3.722390652330915314e-03 5.297397829323414326e-03 8.281188324795484001e-03 1.341188876774159974e-02
1.990099999999999980e+00 3.278995859127254407e-03 3.713354912202982295e-03 5.284607917142134133e-03 8.261494936638268116e-03 1.338079274407226980e-02
1.990799999999999903e+00 3.271050788345387407e-03 3.704319172075051011e-03 5.271818004960853940e-03 8.241801548481050496e-03 1.334969672040293813e-02
1.991500000000000048e+00 3.263105717563518238e-03 3.695283431947115824e-03 5.259028092779569410e-03 8.222108160323829407e-03 1.331860069673359431e-02
1.992199999999999971e+00 3.255219508396918916e-03 3.686314539004979102e-03 5.246331519924350012e-03 8.202554708546633613e-03 1.328771668457227016e-02
1.992899999999999894e+00 3.247465164537250738e-03 3.677495401121929318e-03 5.233844051403485284e-03 8.183314750607796964e-03 1.325730763325681100e-02
1.993600000000000039e+00 3.239710820677579525e-03 3.668676263238876065e-03 5.221356582882617954e-03 8.164074792668955111e-03 1.322689858194134142e-02
1.994299999999999962e+00 3.231956476817910914e-03 3.659857125355826281e-03 5.208869114361753226e-03 8.144834834730116727e-03 1.319648953062588052e-02
1.994999999999999885e+00 3.224202132958242737e-03 3.651037987472775630e-03 5.196381645840889366e-03 8.125594876791281812e-03 1.316608047931041962e-02
1.995700000000000029e+00 3.216447789098571524e-03 3.642218849589723244e-03 5.183894177320021168e-03 8.106354918852438224e-03 1.313567142799495005e-02
1.996399999999999952e+00 3.208693445238903347e-03 3.633399711706672593e-03 5.171406708799157308e-03 8.087114960913601575e-03 1.310526237667949088e-02
1.997099999999999875e+00 3.200939101379234736e-03 3.624580573823623243e-03 5.158919240278293447e-03 8.067875002974766660e-03 1.307485332536402999e-02
1.997800000000000020e+00 3.193184757519563956e-03 3.615761435940569556e-03 5.146431771757425250e-03 8.048635045035923072e-03 1.304444427404855868e-02
1.998499999999999943e+00 3.185430413659895345e-03 3.606942298057520205e-03 5.133944303236561389e-03 8.029395087097088157e-03 1.301403522273309951e-02
1.999200000000000088e+00 3.177729787268534015e-03 3.598184180688653207e-03 5.121542093782382662e-03 8.010283090046664556e-03 1.298382034395977394e-02
1.999900000000000011e+00 3.170161589358077431e-03 3.589576495837400790e-03 5.109350071610671735e-03 7.991486552130899063e-03 1.295408415443966878e-02
2.000599999999999934e+00 3.162593391447621281e-03 3.580968810986148373e-03 5.097158049438960808e-03 7.972690014215130100e-03 1.292434796491956014e-02
2.001300000000000079e+00 3.155025193537162528e-03 3.572361126134893355e-03 5.084966027267245545e-03 7.953893476299355933e-03 1.289461177539944631e-02
2.001999999999999780e+00 3.147456995626708113e-03 3.563753441283643540e-03 5.072774005095538087e-03 7.935096938383592174e-03 1.286487558587934808e-02
2.002699999999999925e+00 3.139888797716249361e-03 3.555145756432388955e-03 5.060581982923823691e-03 7.916300400467819742e-03 1.283513939635923251e-02
2.003400000000000070e+00 3.132320599805790608e-03 3.546538071581133503e-03 5.048389960752108427e-03 7.897503862552045575e-03 1.280540320683911694e-02
2.004099999999999770e+00 3.124752401895336627e-03 3.537930386729882821e-03 5.036197938580400969e-03 7.878707324636283552e-03 1.277566701731901871e-02
2.004799999999999915e+00 3.117184203984877441e-03 3.529322701878628236e-03 5.024005916408685705e-03 7.859910786720509385e-03 1.274593082779890314e-02
2.005500000000000060e+00 3.109616006074418688e-03 3.520715017027373217e-03 5.011813894236971309e-03 7.841114248804735218e-03 1.271619463827878757e-02
2.006199999999999761e+00 3.102096594342447586e-03 3.512162764458077232e-03 4.999699372699496075e-03 7.822434151699638599e-03 1.268663541380315313e-02
2.006899999999999906e+00 3.094710070335443281e-03 3.503761502806036158e-03 4.987795953635852306e-03 7.804071225459408186e-03 1.265755822097846747e-02
2.007600000000000051e+00 3.087323546328439843e-03 3.495360241153995951e-03 4.975892534572207669e-03 7.785708299219177772e-03 1.262848102815378182e-02
2.008300000000000196e+00 3.079937022321435972e-03 3.486958979501955311e-03 4.963989115508563900e-03 7.767345372978947358e-03 1.259940383532909443e-02
2.008999999999999897e+00 3.072550498314436437e-03 3.478557717849920308e-03 4.952085696444927070e-03 7.748982446738728221e-03 1.257032664250442786e-02
2.009700000000000042e+00 3.065163974307432565e-03 3.470156456197879234e-03 4.940182277381283300e-03 7.730619520498496072e-03 1.254124944967974047e-02
2.010400000000000187e+00 3.057777450300428693e-03 3.461755194545838594e-03 4.928278858317639531e-03 7.712256594258264791e-03 1.251217225685505481e-02
2.011099999999999888e+00 3.050390926293429159e-03 3.453353932893804459e-03 4.916375439254002701e-03 7.693893668018044786e-03 1.248309506403038824e-02
2.011800000000000033e+00 3.043004402286425287e-03 3.444952671241763385e-03 4.904472020190358932e-03 7.675530741777813505e-03 1.245401787120570085e-02
2.012500000000000178e+00 3.035617878279421415e-03 3.436551409589721877e-03 4.892568601126715162e-03 7.657167815537583092e-03 1.242494067838101519e-02
2.013199999999999878e+00 3.028275414845192897e-03 3.428200222601458704e-03 4.880735236076596401e-03 7.638910252506460677e-03 1.239602385922503741e-02
2.013900000000000023e+00 3.021066199110869922e-03 3.420000471088303212e-03 4.869113727922189105e-03 7.620971328212515147e-03 1.236759204108322033e-02
2.014600000000000168e+00 3.013856983376546079e-03 3.411800719575147287e-03 4.857492219767781810e-03 7.603032403918573087e-03 1.233916022294140498e-02
2.015299999999999869e+00 3.006647767642227874e-03 3.403600968061996565e-03 4.845870711613382321e-03 7.585093479624637966e-03 1.231072840479960698e-02
2.016000000000000014e+00 2.999438551907904465e-03 3.395401216548841073e-03 4.834249203458975026e-03 7.567154555330694171e-03 1.228229658665779163e-02
2.016700000000000159e+00 2.992229336173581489e-03 3.387201465035685147e-03 4.822627695304567731e-03 7.549215631036748642e-03 1.225386476851597628e-02
2.017399999999999860e+00 2.985020120439262851e-03 3.379001713522535727e-03 4.811006187150168242e-03 7.531276706742815255e-03 1.222543295037417828e-02
2.018100000000000005e+00 2.977810904704939442e-03 3.370801962009379801e-03 4.799384678995760947e-03 7.513337782448871460e-03 1.219700113223236120e-02
2.018800000000000150e+00 2.970601688970616466e-03 3.362602210496224309e-03 4.787763170841353652e-03 7.495398858154925931e-03 1.216856931409054585e-02
2.019499999999999851e+00 2.963392473236297828e-03 3.354402458983073588e-03 4.776141662686954163e-03 7.477459933860992544e-03 1.214013749594874784e-02
2.020199999999999996e+00 2.956222791193788106e-03 3.346247647524551016e-03 4.764583063974367656e-03 7.459615724974904931e-03 1.211185006104970735e-02
2.020900000000000141e+00 2.949186622057841344e-03 3.338244607303164982e-03 4.753236922587229796e-03 7.442091388299558810e-03 1.208405023622495175e-02
2.021599999999999842e+00 2.942150452921899351e-03 3.330241567081785453e-03 4.741890781200098874e-03 7.424567051624223965e-03 1.205625041140021350e-02
2.022299999999999986e+00 2.935114283785952589e-03 3.322238526860398986e-03 4.730544639812961014e-03 7.407042714948879579e-03 1.202845058657545617e-02
2.023000000000000131e+00 2.928078114650006260e-03 3.314235486639013819e-03 4.719198498425823153e-03 7.389518378273534326e-03 1.200065076175070057e-02
2.023699999999999832e+00 2.921041945514064268e-03 3.306232446417633856e-03 4.707852357038692231e-03 7.371994041598200348e-03 1.197285093692596232e-02
2.024399999999999977e+00 2.914005776378117505e-03 3.298229406196248256e-03 4.696506215651554371e-03 7.354469704922855094e-03 1.194505111210120499e-02
2.025100000000000122e+00 2.906969607242170742e-03 3.290226365974862656e-03 4.685160074264415643e-03 7.336945368247510708e-03 1.191725128727644939e-02
2.025799999999999823e+00 2.899933438106229184e-03 3.282223325753482260e-03 4.673813932877284721e-03 7.319421031572174996e-03 1.188945146245171114e-02
2.026499999999999968e+00 2.892897268970282421e-03 3.274220285532097093e-03 4.662467791490146861e-03 7.301896694896829743e-03 1.186165163762695554e-02
2.027200000000000113e+00 2.885896298618670364e-03 3.266257266375518706e-03 4.651177707507662962e-03 7.284456843213542310e-03 1.183398079157929085e-02
2.027899999999999814e+00 2.879029015957564226e-03 3.258446250301626559e-03 4.640100533860169046e-03 7.267337872028940826e-03 1.180679981684847578e-02
2.028599999999999959e+00 2.872161733296453752e-03 3.250635234227729643e-03 4.629023360212667325e-03 7.250218900844328934e-03 1.177961884211764336e-02
2.029300000000000104e+00 2.865294450635343278e-03 3.242824218153833159e-03 4.617946186565165603e-03 7.233099929659717910e-03 1.175243786738681268e-02
2.029999999999999805e+00 2.858427167974237140e-03 3.235013202079941013e-03 4.606869012917671688e-03 7.215980958475116426e-03 1.172525689265599760e-02
2.030699999999999950e+00 2.851559885313127100e-03 3.227202186006044096e-03 4.595791839270169966e-03 7.198861987290504534e-03 1.169807591792516518e-02
2.031400000000000095e+00 2.844692602652016192e-03 3.219391169932146312e-03 4.584714665622669112e-03 7.181743016105893510e-03 1.167089494319433624e-02
2.032099999999999795e+00 2.837825319990910054e-03 3.211580153858254599e-03 4.573637491975174330e-03 7.164624044921292026e-03 1.164371396846352116e-02
2.032799999999999940e+00 2.830958037329800014e-03 3.203769137784357682e-03 4.562560318327673475e-03 7.147505073736680134e-03 1.161653299373268701e-02
2.033500000000000085e+00 2.824090754668689539e-03 3.195958121710460766e-03 4.551483144680171754e-03 7.130386102552067375e-03 1.158935201900185633e-02
2.034199999999999786e+00 2.817254521309249613e-03 3.188182416151428330e-03 4.540455459664177913e-03 7.113341791174131006e-03 1.156228518974287446e-02
2.034899999999999931e+00 2.810552064196343569e-03 3.180558846321308170e-03 4.529640996943467592e-03 7.096619152367441771e-03 1.153571015746359188e-02
2.035600000000000076e+00 2.803849607083438392e-03 3.172935276491188443e-03 4.518826534222758137e-03 7.079896513560752537e-03 1.150913512518430756e-02
2.036299999999999777e+00 2.797147149970537119e-03 3.165311706661073487e-03 4.508012071502055622e-03 7.063173874754074578e-03 1.148256009290503886e-02
2.036999999999999922e+00 2.790444692857631508e-03 3.157688136830953327e-03 4.497197608781346168e-03 7.046451235947387079e-03 1.145598506062575454e-02
2.037700000000000067e+00 2.783742235744726332e-03 3.150064567000833600e-03 4.486383146060636713e-03 7.029728597140698712e-03 1.142941002834647023e-02
2.038399999999999768e+00 2.777039778631825058e-03 3.142440997170718644e-03 4.475568683339933330e-03 7.013005958334019886e-03 1.140283499606720152e-02
2.039099999999999913e+00 2.770337321518919448e-03 3.134817427340598484e-03 4.464754220619223876e-03 6.996283319527331519e-03 1.137625996378791721e-02
2.039800000000000058e+00 2.763634864406014271e-03 3.127193857510479191e-03 4.453939757898514422e-03 6.979560680720642285e-03 1.134968493150863289e-02
2.040499999999999758e+00 2.756932407293112997e-03 3.119570287680363801e-03 4.443125295177811039e-03 6.962838041913964326e-03 1.132310989922936419e-02
2.041199999999999903e+00 2.750257029072610947e-03 3.111977519280976004e-03 4.432354026548647290e-03 6.946180631062376550e-03 1.129663473567380297e-02
2.041900000000000048e+00 2.743715433475293723e-03 3.104536924616752274e-03 4.421796157300332888e-03 6.929845477369915747e-03 1.127065297116996989e-02
2.042600000000000193e+00 2.737173837877976499e-03 3.097096329952528544e-03 4.411238288052020222e-03 6.913510323677453211e-03 1.124467120666613855e-02
2.043299999999999894e+00 2.730632242280663178e-03 3.089655735288310019e-03 4.400680418803712760e-03 6.897175169985002817e-03 1.121868944216232455e-02
2.044000000000000039e+00 2.724090646683345520e-03 3.082215140624086289e-03 4.390122549555398358e-03 6.880840016292542015e-03 1.119270767765849148e-02
2.044700000000000184e+00 2.717549051086028296e-03 3.074774545959862559e-03 4.379564680307084824e-03 6.864504862600079478e-03 1.116672591315466014e-02
2.045399999999999885e+00 2.711007455488714541e-03 3.067333951295644033e-03 4.369006811058776495e-03 6.848169708907629084e-03 1.114074414865084441e-02
2.046100000000000030e+00 2.704465859891397751e-03 3.059893356631419870e-03 4.358448941810463828e-03 6.831834555215167415e-03 1.111476238414701306e-02
2.046800000000000175e+00 2.697924264294079659e-03 3.052452761967196573e-03 4.347891072562150294e-03 6.815499401522706613e-03 1.108878061964317999e-02
2.047499999999999876e+00 2.691382668696766338e-03 3.045012167302977614e-03 4.337333203313842832e-03 6.799164247830256219e-03 1.106279885513936599e-02
2.048200000000000021e+00 2.684864354496609064e-03 3.037598059677648968e-03 4.326812499054880079e-03 6.782885271935428818e-03 1.103690322476755074e-02
2.048900000000000166e+00 2.678479751023382909e-03 3.030336073559487288e-03 4.316505242369891512e-03 6.766928938797299627e-03 1.101150228366746045e-02
2.049599999999999866e+00 2.672095147550161091e-03 3.023074087441329945e-03 4.306197985684910752e-03 6.750972605659176506e-03 1.098610134256738577e-02
2.050300000000000011e+00 2.665710544076934935e-03 3.015812101323168699e-03 4.295890728999922185e-03 6.735016272521047315e-03 1.096070040146729721e-02
2.051000000000000156e+00 2.659325940603708780e-03 3.008550115205007019e-03 4.285583472314934486e-03 6.719059939382914654e-03 1.093529946036720518e-02
2.051699999999999857e+00 2.652941337130486962e-03 3.001288129086849676e-03 4.275276215629953726e-03 6.703103606244795003e-03 1.090989851926713224e-02
2.052400000000000002e+00 2.646556733657261240e-03 2.994026142968687562e-03 4.264968958944966027e-03 6.687147273106663209e-03 1.088449757816704021e-02
2.053100000000000147e+00 2.640172130184035085e-03 2.986764156850525882e-03 4.254661702259977460e-03 6.671190939968532282e-03 1.085909663706695165e-02
2.053799999999999848e+00 2.633787526710813266e-03 2.979502170732368973e-03 4.244354445574996700e-03 6.655234606830411764e-03 1.083369569596687697e-02
2.054499999999999993e+00 2.627402923237587111e-03 2.972240184614207293e-03 4.234047188890008133e-03 6.639278273692280838e-03 1.080829475486678667e-02
2.055200000000000138e+00 2.621037970607803438e-03 2.965000559257610028e-03 4.223771324965555629e-03 6.623369438503664414e-03 1.078296674127059498e-02
2.055899999999999839e+00 2.614806582304546063e-03 2.957912917202277277e-03 4.213708833710370742e-03 6.607783440940664943e-03 1.075813440680248485e-02
2.056599999999999984e+00 2.608575194001284785e-03 2.950825275146939323e-03 4.203646342455179784e-03 6.592197443377655931e-03 1.073330207233435911e-02
2.057300000000000129e+00 2.602343805698023940e-03 2.943737633091602236e-03 4.193583851199987958e-03 6.576611445814646052e-03 1.070846973786623336e-02
2.057999999999999829e+00 2.596112417394766565e-03 2.936649991036269051e-03 4.183521359944803071e-03 6.561025448251646582e-03 1.068363740339812150e-02
2.058699999999999974e+00 2.589881029091505721e-03 2.929562348980931964e-03 4.173458868689612113e-03 6.545439450688637570e-03 1.065880506892999749e-02
2.059400000000000119e+00 2.583649640788244443e-03 2.922474706925594443e-03 4.163396377434421154e-03 6.529853453125628558e-03 1.063397273446187175e-02
2.060099999999999820e+00 2.577418252484987068e-03 2.915387064870261259e-03 4.153333886179236267e-03 6.514267455562629087e-03 1.060914039999375988e-02
2.060799999999999965e+00 2.571186864181725790e-03 2.908299422814924172e-03 4.143271394924044441e-03 6.498681457999620076e-03 1.058430806552563587e-02
2.061500000000000110e+00 2.564955475878464945e-03 2.901211780759586217e-03 4.133208903668853483e-03 6.483095460436611064e-03 1.055947573105751186e-02
2.062199999999999811e+00 2.558740269015832933e-03 2.894142554916249825e-03 4.123172281481095845e-03 6.467548640152510908e-03 1.053470363144862892e-02
2.062899999999999956e+00 2.552658409210199764e-03 2.887225092301401973e-03 4.113348839571213944e-03 6.452324669666741064e-03 1.051042791169820578e-02
2.063600000000000101e+00 2.546576549404567028e-03 2.880307629686554120e-03 4.103525397661329441e-03 6.437100699180971219e-03 1.048615219194777917e-02
2.064299999999999802e+00 2.540494689598938195e-03 2.873390167071709737e-03 4.093701955751452744e-03 6.421876728695210916e-03 1.046187647219736991e-02
2.064999999999999947e+00 2.534412829793305892e-03 2.866472704456861451e-03 4.083878513841569108e-03 6.406652758209441939e-03 1.043760075244694503e-02
2.065700000000000092e+00 2.528330969987673156e-03 2.859555241842013599e-03 4.074055071931685472e-03 6.391428787723671227e-03 1.041332503269652016e-02
2.066399999999999793e+00 2.522249110182043889e-03 2.852637779227170083e-03 4.064231630021809642e-03 6.376204817237911791e-03 1.038904931294611089e-02
2.067099999999999937e+00 2.516167250376411153e-03 2.845720316612321797e-03 4.054408188111926006e-03 6.360980846752141080e-03 1.036477359319568775e-02
2.067800000000000082e+00 2.510085390570778417e-03 2.838802853997473511e-03 4.044584746202042370e-03 6.345756876266372103e-03 1.034049787344526114e-02
2.068499999999999783e+00 2.504003530765149151e-03 2.831885391382629995e-03 4.034761304292165673e-03 6.330532905780610932e-03 1.031622215369485188e-02
2.069199999999999928e+00 2.497934538534565298e-03 2.824982575957628132e-03 4.024958448177014952e-03 6.315340140199459697e-03 1.029199447637918312e-02
2.069900000000000073e+00 2.491998608727778296e-03 2.818231225791262458e-03 4.015368467893753318e-03 6.300470061700164798e-03 1.026826360151382282e-02
2.070599999999999774e+00 2.486062678920995198e-03 2.811479875624901554e-03 4.005778487610497755e-03 6.285599983200878572e-03 1.024453272664847987e-02
2.071299999999999919e+00 2.480126749114208631e-03 2.804728525458536747e-03 3.996188507327236988e-03 6.270729904701583673e-03 1.022080185178311958e-02
2.072000000000000064e+00 2.474190819307421629e-03 2.797977175292171506e-03 3.986598527043975354e-03 6.255859826202288775e-03 1.019707097691776101e-02
2.072699999999999765e+00 2.468254889500638965e-03 2.791225825125810602e-03 3.977008546760720659e-03 6.240989747703001682e-03 1.017334010205241633e-02
2.073399999999999910e+00 2.462318959693851964e-03 2.784474474959445361e-03 3.967418566477459024e-03 6.226119669203707650e-03 1.014960922718705777e-02
2.074100000000000055e+00 2.456383029887064529e-03 2.777723124793080554e-03 3.957828586194197390e-03 6.211249590704411884e-03 1.012587835232169747e-02
2.074800000000000200e+00 2.450447100080277961e-03 2.770971774626715314e-03 3.948238605910936623e-03 6.196379512205116118e-03 1.010214747745634065e-02
2.075499999999999901e+00 2.444511170273494863e-03 2.764220424460353976e-03 3.938648625627680193e-03 6.181509433705829892e-03 1.007841660259099423e-02
2.076200000000000045e+00 2.438584944271920355e-03 2.757480121970592567e-03 3.929074180389600240e-03 6.166662925400265803e-03 1.005472206441336905e-02
2.076900000000000190e+00 2.432791432076922972e-03 2.750890912704964317e-03 3.919712199740022808e-03 6.152138774156028049e-03 1.003152448387679974e-02
2.077599999999999891e+00 2.426997919881928624e-03 2.744301703439340403e-03 3.910350219090451447e-03 6.137614622911799836e-03 1.000832690334024777e-02
2.078300000000000036e+00 2.421204407686931240e-03 2.737712494173712586e-03 3.900988238440873581e-03 6.123090471667562082e-03 9.985129322803678459e-03
2.079000000000000181e+00 2.415410895491933423e-03 2.731123284908083901e-03 3.891626257791296149e-03 6.108566320423324328e-03 9.961931742267107412e-03
2.079699999999999882e+00 2.409617383296939509e-03 2.724534075642460421e-03 3.882264277141723487e-03 6.094042169179094380e-03 9.938734161730553712e-03
2.080400000000000027e+00 2.403823871101942126e-03 2.717944866376832171e-03 3.872902296492145187e-03 6.079518017934857493e-03 9.915536581193986135e-03
2.081100000000000172e+00 2.398030358906944309e-03 2.711355657111203920e-03 3.863540315842567754e-03 6.064993866690619739e-03 9.892339000657416823e-03
2.081799999999999873e+00 2.392236846711950395e-03 2.704766447845580006e-03 3.854178335192995960e-03 6.050469715446391526e-03 9.869141420120861388e-03
2.082500000000000018e+00 2.386443334516953011e-03 2.698177238579952189e-03 3.844816354543418094e-03 6.035945564202152905e-03 9.845943839584292076e-03
2.083200000000000163e+00 2.380656507179038008e-03 2.691595641145429034e-03 3.835465083029047321e-03 6.021437675716850672e-03 9.822771363346801538e-03
2.083899999999999864e+00 2.375001984304225214e-03 2.685164694534865251e-03 3.826325763148973047e-03 6.007251654335484144e-03 9.800095743028576153e-03
2.084600000000000009e+00 2.369347461429409385e-03 2.678733747924297130e-03 3.817186443268893569e-03 5.993065632954108074e-03 9.777420122710336892e-03
2.085300000000000153e+00 2.363692938554593555e-03 2.672302801313729010e-03 3.808047123388814091e-03 5.978879611572732004e-03 9.754744502392097630e-03
2.085999999999999854e+00 2.358038415679780762e-03 2.665871854703164793e-03 3.798907803508739817e-03 5.964693590191364608e-03 9.732068882073872246e-03
2.086699999999999999e+00 2.352383892804964932e-03 2.659440908092596673e-03 3.789768483628661207e-03 5.950507568809988539e-03 9.709393261755632984e-03
2.087400000000000144e+00 2.346729369930148669e-03 2.653009961482028552e-03 3.780629163748581295e-03 5.936321547428613336e-03 9.686717641437391987e-03
2.088099999999999845e+00 2.341074847055336309e-03 2.646579014871464335e-03 3.771489843868507021e-03 5.922135526047245940e-03 9.664042021119168338e-03
2.088799999999999990e+00 2.335420324180520046e-03 2.640148068260896215e-03 3.762350523988428411e-03 5.907949504665869871e-03 9.641366400800929076e-03
2.089500000000000135e+00 2.329765801305704216e-03 2.633717121650328095e-03 3.753211204108348065e-03 5.893763483284493801e-03 9.618690780482689814e-03
2.090199999999999836e+00 2.324115084050398447e-03 2.627290509024884750e-03 3.744077984818894138e-03 5.879586734358957338e-03 9.596029492340460779e-03
2.090899999999999981e+00 2.318596204327998556e-03 2.621014038026825248e-03 3.735156107418783830e-03 5.865731209796108334e-03 9.573864711723799326e-03
2.091600000000000126e+00 2.313077324605598232e-03 2.614737567028766613e-03 3.726234230018673956e-03 5.851875685233258462e-03 9.551699931107137873e-03
2.092299999999999827e+00 2.307558444883202244e-03 2.608461096030711447e-03 3.717312352618567985e-03 5.838020160670418998e-03 9.529535150490490297e-03
2.092999999999999972e+00 2.302039565160801920e-03 2.602184625032652812e-03 3.708390475218457678e-03 5.824164636107569126e-03 9.507370369873828844e-03
2.093700000000000117e+00 2.296520685438401595e-03 2.595908154034593310e-03 3.699468597818346503e-03 5.810309111544720122e-03 9.485205589257167391e-03
2.094399999999999817e+00 2.291001805716005608e-03 2.589631683036538578e-03 3.690546720418242266e-03 5.796453586981879791e-03 9.463040808640518081e-03
2.095099999999999962e+00 2.285482925993605283e-03 2.583355212038479509e-03 3.681624843018131091e-03 5.782598062419031654e-03 9.440876028023858363e-03
2.095800000000000107e+00 2.279964046271205393e-03 2.577078741040420441e-03 3.672702965618020350e-03 5.768742537856182649e-03 9.418711247407196910e-03
2.096499999999999808e+00 2.274445166548808538e-03 2.570802270042365275e-03 3.663781088217916114e-03 5.754887013293342318e-03 9.396546466790547600e-03
2.097199999999999953e+00 2.268927347966133781e-03 2.564527007683317997e-03 3.654860912960119623e-03 5.741034078110537897e-03 9.374385693628063676e-03
2.097900000000000098e+00 2.263540845424447546e-03 2.558401314401996703e-03 3.646151377813740182e-03 5.727501578708111239e-03 9.352720842919935371e-03
2.098599999999999799e+00 2.258154342882764780e-03 2.552275621120678444e-03 3.637441842667366813e-03 5.713969079305694122e-03 9.331055992211820943e-03
2.099299999999999944e+00 2.252767840341078978e-03 2.546149927839356716e-03 3.628732307520987806e-03 5.700436579903268332e-03 9.309391141503694372e-03
2.100000000000000089e+00 2.247381337799393176e-03 2.540024234558034989e-03 3.620022772374607931e-03 5.686904080500841674e-03 9.287726290795566067e-03
2.100699999999999790e+00 2.241994835257710410e-03 2.533898541276716730e-03 3.611313237228234562e-03 5.673371581098424557e-03 9.266061440087449905e-03
2.101399999999999935e+00 2.236608332716024175e-03 2.527772847995395002e-03 3.602603702081855555e-03 5.659839081695999634e-03 9.244396589379323334e-03
2.102100000000000080e+00 2.231221830174337940e-03 2.521647154714072841e-03 3.593894166935476114e-03 5.646306582293572976e-03 9.222731738671195029e-03
2.102799999999999780e+00 2.225835327632655174e-03 2.515521461432755016e-03 3.585184631789102312e-03 5.632774082891154992e-03 9.201066887963082336e-03
2.103499999999999925e+00 2.220448825090968938e-03 2.509395768151432855e-03 3.576475096642723738e-03 5.619241583488730069e-03 9.179402037254954030e-03
2.104200000000000070e+00 2.215062322549282703e-03 2.503270074870111127e-03 3.567765561496344731e-03 5.605709084086303411e-03 9.157737186546825725e-03
2.104899999999999771e+00 2.209803456146841420e-03 2.497289778999644931e-03 3.559260890693861836e-03 5.592488500505763196e-03 9.136555681292941530e-03
2.105599999999999916e+00 2.204546143125401658e-03 2.491311252671700796e-03 3.550758713169392677e-03 5.579271713060976814e-03 9.115380058539498953e-03
2.106300000000000061e+00 2.199288830103962328e-03 2.485332726343756227e-03 3.542256535644922651e-03 5.566054925616190432e-03 9.094204435786058111e-03
2.106999999999999762e+00 2.194031517082525602e-03 2.479354200015815562e-03 3.533754358120458697e-03 5.552838138171411857e-03 9.073028813032631146e-03
2.107699999999999907e+00 2.188774204061085839e-03 2.473375673687871860e-03 3.525252180595990405e-03 5.539621350726626342e-03 9.051853190279190303e-03
2.108400000000000052e+00 2.183516891039646510e-03 2.467397147359927292e-03 3.516750003071520379e-03 5.526404563281839093e-03 9.030677567525749461e-03
2.109100000000000197e+00 2.178259578018206747e-03 2.461418621031982723e-03 3.508247825547051221e-03 5.513187775837052711e-03 9.009501944772306883e-03
2.109799999999999898e+00 2.173002264996770454e-03 2.455440094704042925e-03 3.499745648022587266e-03 5.499970988392275002e-03 8.988326322018879919e-03
2.110500000000000043e+00 2.167744951975330691e-03 2.449461568376097922e-03 3.491243470498118107e-03 5.486754200947489488e-03 8.967150699265439076e-03
2.111200000000000188e+00 2.162487638953891362e-03 2.443483042048154221e-03 3.482741292973648515e-03 5.473537413502702238e-03 8.945975076511998234e-03
2.111899999999999888e+00 2.157352361669091344e-03 2.437643551334944900e-03 3.474435109064941216e-03 5.460619286843711000e-03 8.925262834612448376e-03
2.112600000000000033e+00 2.152221126975978078e-03 2.431808666356381678e-03 3.466135417698363707e-03 5.447711053709706867e-03 8.904565942803284798e-03
2.113300000000000178e+00 2.147089892282864811e-03 2.425973781377818456e-03 3.457835726331786631e-03 5.434802820575702735e-03 8.883869050994121219e-03
2.113999999999999879e+00 2.141958657589755014e-03 2.420138896399258704e-03 3.449536034965216061e-03 5.421894587441706409e-03 8.863172159184968049e-03
2.114700000000000024e+00 2.136827422896641748e-03 2.414304011420695048e-03 3.441236343598639419e-03 5.408986354307701409e-03 8.842475267375804471e-03
2.115400000000000169e+00 2.131696188203527614e-03 2.408469126442132260e-03 3.432936652232061910e-03 5.396078121173698144e-03 8.821778375566640892e-03
2.116099999999999870e+00 2.126564953510418250e-03 2.402634241463572507e-03 3.424636960865490905e-03 5.383169888039701818e-03 8.801081483757489457e-03
2.116800000000000015e+00 2.121433718817304550e-03 2.396799356485008851e-03 3.416337269498914263e-03 5.370261654905696819e-03 8.780384591948322409e-03
2.117500000000000160e+00 2.116302484124191717e-03 2.390964471506445629e-03 3.408037578132337622e-03 5.357353421771693554e-03 8.759687700139158831e-03
2.118199999999999861e+00 2.111171249431081486e-03 2.385129586527885877e-03 3.399737886765765750e-03 5.344445188637697228e-03 8.738990808330007395e-03
2.118900000000000006e+00 2.106156645545746286e-03 2.379427595565220769e-03 3.391625618546781178e-03 5.331822792866119064e-03 8.718737945008639759e-03
2.119600000000000151e+00 2.101148452656187871e-03 2.373732909559031750e-03 3.383523652657263129e-03 5.319216109084864280e-03 8.698509489172858572e-03
2.120299999999999851e+00 2.096140259766632492e-03 2.368038223552846201e-03 3.375421686767749417e-03 5.306609425303617303e-03 8.678281033337089528e-03
2.120999999999999996e+00 2.091132066877074078e-03 2.362343537546657615e-03 3.367319720878231368e-03 5.294002741522362519e-03 8.658052577501306607e-03
2.121700000000000141e+00 2.086123873987515663e-03 2.356648851540468596e-03 3.359217754988712886e-03 5.281396057741106868e-03 8.637824121665525420e-03
2.122399999999999842e+00 2.081115681097960284e-03 2.350954165534283047e-03 3.351115789099200042e-03 5.268789373959859891e-03 8.617595665829756377e-03
2.123099999999999987e+00 2.076107488208401436e-03 2.345259479528094462e-03 3.343013823209681126e-03 5.256182690178605108e-03 8.597367209993975190e-03
2.123800000000000132e+00 2.071099295318843021e-03 2.339564793521905443e-03 3.334911857320163077e-03 5.243576006397350324e-03 8.577138754158192269e-03
2.124499999999999833e+00 2.066091102429287642e-03 2.333870107515719893e-03 3.326809891430649799e-03 5.230969322616103347e-03 8.556910298322424960e-03
2.125199999999999978e+00 2.061082909539729228e-03 2.328175421509530874e-03 3.318707925541130883e-03 5.218362638834848563e-03 8.536681842486640304e-03
2.125900000000000123e+00 2.056186131879949881e-03 2.322607701358263537e-03 3.310785103756793638e-03 5.206029388796049213e-03 8.516878660160875913e-03
2.126599999999999824e+00 2.051298017175404772e-03 2.317049853282112347e-03 3.302876211103749661e-03 5.193717399264228922e-03 8.497108544457933343e-03
2.127299999999999969e+00 2.046409902470856194e-03 2.311492005205957687e-03 3.294967318450700913e-03 5.181405409732402559e-03 8.477338428754975161e-03
2.128000000000000114e+00 2.041521787766308049e-03 2.305934157129803028e-03 3.287058425797652166e-03 5.169093420200576196e-03 8.457568313052018713e-03
2.128699999999999815e+00 2.036633673061762507e-03 2.300376309053652271e-03 3.279149533144607755e-03 5.156781430668757639e-03 8.437798197349076143e-03
2.129399999999999959e+00 2.031745558357213929e-03 2.294818460977497612e-03 3.271240640491559007e-03 5.144469441136930409e-03 8.418028081646117960e-03
2.130100000000000104e+00 2.026857443652665784e-03 2.289260612901342952e-03 3.263331747838510259e-03 5.132157451605103178e-03 8.398257965943161513e-03
2.130799999999999805e+00 2.021969328948120675e-03 2.283702764825191328e-03 3.255422855185466282e-03 5.119845462073285489e-03 8.378487850240217208e-03
2.131499999999999950e+00 2.017081214243572097e-03 2.278144916749036668e-03 3.247513962532417534e-03 5.107533472541457391e-03 8.358717734537262495e-03
2.132200000000000095e+00 2.012193099539024387e-03 2.272587068672882009e-03 3.239605069879367919e-03 5.095221483009631028e-03 8.338947618834304312e-03
2.132899999999999796e+00 2.007411367891402849e-03 2.267150465156543386e-03 3.231867325106010935e-03 5.083170931852044015e-03 8.319584604436882150e-03
2.133599999999999941e+00 2.002640438938300179e-03 2.261726173449806528e-03 3.224146959587538986e-03 5.071146928520531630e-03 8.300262929244862573e-03
2.134300000000000086e+00 1.997869509985197942e-03 2.256301881743069671e-03 3.216426594069067037e-03 5.059122925189018377e-03 8.280941254052846465e-03
2.134999999999999787e+00 1.993098581032098741e-03 2.250877590036336716e-03 3.208706228550600725e-03 5.047098921857512931e-03 8.261619578860840765e-03
2.135699999999999932e+00 1.988327652078996071e-03 2.245453298329599424e-03 3.200985863032128776e-03 5.035074918525999678e-03 8.242297903668822923e-03
2.136400000000000077e+00 1.983556723125894268e-03 2.240029006622863000e-03 3.193265497513657260e-03 5.023050915194487293e-03 8.222976228476805080e-03
2.137099999999999778e+00 1.978785794172794633e-03 2.234604714916129612e-03 3.185545131995190515e-03 5.011026911862980979e-03 8.203654553284797646e-03
2.137799999999999923e+00 1.974014865219692397e-03 2.229180423209392754e-03 3.177824766476719000e-03 4.999002908531467726e-03 8.184332878092779803e-03
2.138500000000000068e+00 1.969243936266590160e-03 2.223756131502655897e-03 3.170104400958247484e-03 4.986978905199955341e-03 8.165011202900760226e-03
2.139199999999999768e+00 1.964473007313490525e-03 2.218331839795922508e-03 3.162384035439780739e-03 4.974954901868449027e-03 8.145689527708756261e-03
2.139899999999999913e+00 1.959803606876365546e-03 2.213023271830710011e-03 3.154827096004477610e-03 4.963180738497868956e-03 8.126757350009509301e-03
2.140600000000000058e+00 1.955147040743743410e-03 2.207729332600317368e-03 3.147290815396844299e-03 4.951438157605419881e-03 8.107874409013638220e-03
2.141299999999999759e+00 1.950490474611124309e-03 2.202435393369929061e-03 3.139754534789215325e-03 4.939695576712978611e-03 8.088991468017777547e-03
2.141999999999999904e+00 1.945833908478501739e-03 2.197141454139536418e-03 3.132218254181582014e-03 4.927952995820529536e-03 8.070108527021906467e-03
2.142700000000000049e+00 1.941177342345879820e-03 2.191847514909144642e-03 3.124681973573948703e-03 4.916210414928080460e-03 8.051225586026035386e-03
2.143400000000000194e+00 1.936520776213257466e-03 2.186553575678752432e-03 3.117145692966314958e-03 4.904467834035631385e-03 8.032342645030164305e-03
2.144099999999999895e+00 1.931864210080638366e-03 2.181259636448363258e-03 3.109609412358686417e-03 4.892725253143190116e-03 8.013459704034307102e-03
2.144800000000000040e+00 1.927207643948015796e-03 2.175965697217971048e-03 3.102073131751052672e-03 4.880982672250741040e-03 7.994576763038434286e-03
2.145500000000000185e+00 1.922551077815393876e-03 2.170671757987578838e-03 3.094536851143419795e-03 4.869240091358291098e-03 7.975693822042561471e-03
2.146199999999999886e+00 1.917894511682774342e-03 2.165377818757190098e-03 3.087000570535790387e-03 4.857497510465850696e-03 7.956810881046704267e-03
2.146900000000000031e+00 1.913334791551773387e-03 2.160194276716289035e-03 3.079620260472382305e-03 4.845993557030924687e-03 7.938300387976710351e-03
2.147600000000000176e+00 1.908789833166977395e-03 2.155027561960621597e-03 3.072263724210171857e-03 4.834525976372434398e-03 7.919846665260309865e-03
2.148299999999999876e+00 1.904244874782184222e-03 2.149860847204958063e-03 3.064907187947966613e-03 4.823058395713951049e-03 7.901392942543924991e-03
2.149000000000000021e+00 1.899699916397388231e-03 2.144694132449290625e-03 3.057550651685756599e-03 4.811590815055460761e-03 7.882939219827527974e-03
2.149700000000000166e+00 1.895154958012592889e-03 2.139527417693623187e-03 3.050194115423546584e-03 4.800123234396970473e-03 7.864485497111129222e-03
2.150399999999999867e+00 1.890609999627799933e-03 2.134360702937959653e-03 3.042837579161340907e-03 4.788655653738487991e-03 7.846031774394744349e-03
2.151100000000000012e+00 1.886065041243003507e-03 2.129193988182292215e-03 3.035481042899130892e-03 4.777188073079998570e-03 7.827578051678347332e-03
2.151800000000000157e+00 1.881520082858207732e-03 2.124027273426624778e-03 3.028124506636920878e-03 4.765720492421507415e-03 7.809124328961949447e-03
2.152499999999999858e+00 1.876975124473414776e-03 2.118860558670961243e-03 3.020767970374715634e-03 4.754252911763024933e-03 7.790670606245563706e-03
2.153200000000000003e+00 1.872430166088619218e-03 2.113693843915294239e-03 3.013411434112505186e-03 4.742785331104534645e-03 7.772216883529166689e-03
2.153900000000000148e+00 1.867977537775782938e-03 2.108632388026921399e-03 3.006203671153825484e-03 4.731545540513748538e-03 7.754119099509029778e-03
2.154599999999999849e+00 1.863541498317486259e-03 2.103589843897215022e-03 2.999022638150394566e-03 4.720346676743646629e-03 7.736085266649463110e-03
2.155299999999999994e+00 1.859105458859186761e-03 2.098547299767505609e-03 2.991841605146959744e-03 4.709147812973536046e-03 7.718051433789886034e-03
2.156000000000000139e+00 1.854669419400887045e-03 2.093504755637795329e-03 2.984660572143524055e-03 4.697948949203426330e-03 7.700017600930308091e-03
2.156699999999999839e+00 1.850233379942590583e-03 2.088462211508089385e-03 2.977479539140093136e-03 4.686750085433324421e-03 7.681983768070739689e-03
2.157399999999999984e+00 1.845797340484291301e-03 2.083419667378379539e-03 2.970298506136657447e-03 4.675551221663213838e-03 7.663949935211161746e-03
2.158100000000000129e+00 1.841361301025991803e-03 2.078377123248669692e-03 2.963117473133222192e-03 4.664352357893104123e-03 7.645916102351583803e-03
2.158799999999999830e+00 1.836925261567695124e-03 2.073334579118962882e-03 2.955936440129791273e-03 4.653153494123002214e-03 7.627882269492017135e-03
2.159499999999999975e+00 1.832489222109395409e-03 2.068292034989253902e-03 2.948755407126355584e-03 4.641954630352891631e-03 7.609848436632438325e-03
2.160200000000000120e+00 1.828053182651095910e-03 2.063249490859543622e-03 2.941574374122920329e-03 4.630755766582781915e-03 7.591814603772860381e-03
2.160899999999999821e+00 1.823705118636980349e-03 2.058307249638191734e-03 2.934535167729010637e-03 4.619774220053334164e-03 7.574120727047328749e-03
2.161599999999999966e+00 1.819375373964750254e-03 2.053385894736735676e-03 2.927525494236837486e-03 4.608837926024355464e-03 7.556497640218943525e-03
2.162300000000000111e+00 1.815045629292519509e-03 2.048464539835280051e-03 2.920515820744663902e-03 4.597901631995375896e-03 7.538874553390560035e-03
2.162999999999999812e+00 1.810715884620292017e-03 2.043543184933827028e-03 2.913506147252494655e-03 4.586965337966403267e-03 7.521251466562185219e-03
2.163699999999999957e+00 1.806386139948061489e-03 2.038621830032371404e-03 2.906496473760321071e-03 4.576029043937425433e-03 7.503628379733801729e-03
2.164400000000000102e+00 1.802056395275831177e-03 2.033700475130915345e-03 2.899486800268147053e-03 4.565092749908445866e-03 7.486005292905417371e-03
2.165099999999999802e+00 1.797726650603603468e-03 2.028779120229462322e-03 2.892477126775978239e-03 4.554156455879474104e-03 7.468382206077044290e-03
2.165799999999999947e+00 1.793396905931373157e-03 2.023857765328006698e-03 2.885467453283805089e-03 4.543220161850493669e-03 7.450759119248660800e-03
2.166500000000000092e+00 1.789067161259142195e-03 2.018936410426550639e-03 2.878457779791631505e-03 4.532283867821514968e-03 7.433136032420275575e-03
2.167199999999999793e+00 1.784737416586915136e-03 2.014015055525098050e-03 2.871448106299462257e-03 4.521347573792542339e-03 7.415512945591902494e-03
2.167899999999999938e+00 1.780491448904932472e-03 2.009189224235388704e-03 2.864573555721335301e-03 4.510618478431312889e-03 7.398214345572413746e-03
2.168600000000000083e+00 1.776265438024596374e-03 2.004386147949967310e-03 2.857731193231914484e-03 4.499938740569101037e-03 7.380993042658766899e-03
2.169299999999999784e+00 1.772039427144263745e-03 1.999583071664548083e-03 2.850888830742498003e-03 4.489259002706896123e-03 7.363771739745130461e-03
2.169999999999999929e+00 1.767813416263928298e-03 1.994779995379126689e-03 2.844046468253077619e-03 4.478579264844684271e-03 7.346550436831483614e-03
2.170700000000000074e+00 1.763587405383592634e-03 1.989976919093704427e-03 2.837204105763656368e-03 4.467899526982472419e-03 7.329329133917836768e-03
2.171399999999999775e+00 1.759361394503259788e-03 1.985173842808285634e-03 2.830361743274240321e-03 4.457219789120266638e-03 7.312107831004200330e-03
2.172099999999999920e+00 1.755135383622924124e-03 1.980370766522863805e-03 2.823519380784819503e-03 4.446540051258054786e-03 7.294886528090555218e-03
2.172800000000000065e+00 1.750909372742588677e-03 1.975567690237441977e-03 2.816677018295399119e-03 4.435860313395842934e-03 7.277665225176908372e-03
2.173499999999999766e+00 1.746683361862255614e-03 1.970764613952022751e-03 2.809834655805982205e-03 4.425180575533638021e-03 7.260443922263271933e-03
2.174199999999999910e+00 1.742457350981920167e-03 1.965961537666601356e-03 2.802992293316561388e-03 4.414500837671425301e-03 7.243222619349625087e-03
2.174900000000000055e+00 1.738311069834347486e-03 1.961249376819249393e-03 2.796278585695223789e-03 4.404018524088428033e-03 7.226310833966752972e-03
2.175599999999999756e+00 1.734186293398412961e-03 1.956561737693110047e-03 2.789599578878004370e-03 4.393589459802118950e-03 7.209482531683795645e-03
2.176299999999999901e+00 1.730061516962476485e-03 1.951874098566967666e-03 2.782920572060781049e-03 4.383160395515804664e-03 7.192654229400826174e-03
2.177000000000000046e+00 1.725936740526539141e-03 1.947186459440825501e-03 2.776241565243557294e-03 4.372731331229490377e-03 7.175825927117857571e-03
2.177700000000000191e+00 1.721811964090602014e-03 1.942498820314682902e-03 2.769562558426333105e-03 4.362302266943175223e-03 7.158997624834888100e-03
2.178399999999999892e+00 1.717687187654667706e-03 1.937811181188543773e-03 2.762883551609114120e-03 4.351873202656867008e-03 7.142169322551929038e-03
2.179100000000000037e+00 1.713562411218730796e-03 1.933123542062401175e-03 2.756204544791890365e-03 4.341444138370552722e-03 7.125341020268960435e-03
2.179800000000000182e+00 1.709437634782794103e-03 1.928435902936259010e-03 2.749525537974666610e-03 4.331015074084237568e-03 7.108512717985990964e-03
2.180499999999999883e+00 1.705312858346859795e-03 1.923748263810119447e-03 2.742846531157446758e-03 4.320586009797930220e-03 7.091684415703033637e-03
2.181200000000000028e+00 1.701188081910922668e-03 1.919060624683977282e-03 2.736167524340223436e-03 4.310156945511614199e-03 7.074856113420065033e-03
2.181900000000000173e+00 1.697139134315862755e-03 1.914459458563235860e-03 2.729610932840487083e-03 4.299915865465918190e-03 7.058322846487220283e-03
2.182599999999999874e+00 1.693113153158250835e-03 1.909884482700007283e-03 2.723091417520463482e-03 4.289731720594931567e-03 7.041878937519436762e-03
2.183300000000000018e+00 1.689087172000636530e-03 1.905309506836776320e-03 2.716571902200435110e-03 4.279547575723939741e-03 7.025435028551642834e-03
2.184000000000000163e+00 1.685061190843022442e-03 1.900734530973544924e-03 2.710052386880407605e-03 4.269363430852947915e-03 7.008991119583848038e-03
2.184699999999999864e+00 1.681035209685410956e-03 1.896159555110316997e-03 2.703532871560384004e-03 4.259179285981960425e-03 6.992547210616064518e-03
2.185400000000000009e+00 1.677009228527796868e-03 1.891584579247085601e-03 2.697013356240356066e-03 4.248995141110968599e-03 6.976103301648271457e-03
2.186100000000000154e+00 1.672983247370182563e-03 1.887009603383854204e-03 2.690493840920328561e-03 4.238810996239976772e-03 6.959659392680477528e-03
2.186799999999999855e+00 1.668957266212571077e-03 1.882434627520625844e-03 2.683974325600304526e-03 4.228626851368991017e-03 6.943215483712694008e-03
2.187500000000000000e+00 1.664931285054956555e-03 1.877859651657394447e-03 2.677454810280276588e-03 4.218442706497997456e-03 6.926771574744900947e-03
2.188200000000000145e+00 1.660905303897342250e-03 1.873284675794163485e-03 2.670935294960249083e-03 4.208258561627005630e-03 6.910327665777105284e-03
2.188899999999999846e+00 1.656951392366048112e-03 1.868791891016265182e-03 2.664532176939023167e-03 4.198253285705452233e-03 6.894164784367189623e-03
2.189599999999999991e+00 1.653021826070450936e-03 1.864326870519198744e-03 2.658168378112561476e-03 4.188308432002736496e-03 6.878096834518366946e-03
2.190300000000000136e+00 1.649092259774853977e-03 1.859861850022132739e-03 2.651804579286099785e-03 4.178363578300020760e-03 6.862028884669544269e-03
2.190999999999999837e+00 1.645162693479259187e-03 1.855396829525069553e-03 2.645440780459641997e-03 4.168418724597311095e-03 6.845960934820730266e-03
2.191699999999999982e+00 1.641233127183662228e-03 1.850931809028003548e-03 2.639076981633179872e-03 4.158473870894595359e-03 6.829892984971907589e-03
2.192400000000000126e+00 1.637303560888065052e-03 1.846466788530937110e-03 2.632713182806718181e-03 4.148529017191879623e-03 6.813825035123084913e-03
2.193099999999999827e+00 1.633373994592470478e-03 1.842001768033874141e-03 2.626349383980260827e-03 4.138584163489169090e-03 6.797757085274271777e-03
2.193799999999999972e+00 1.629444428296873302e-03 1.837536747536808136e-03 2.619985585153799135e-03 4.128639309786453354e-03 6.781689135425446498e-03
2.194500000000000117e+00 1.625514862001276343e-03 1.833071727039741914e-03 2.613621786327337011e-03 4.118694456083737618e-03 6.765621185576623821e-03
2.195199999999999818e+00 1.621585295705681553e-03 1.828606706542678945e-03 2.607257987500879223e-03 4.108749602381027953e-03 6.749553235727811552e-03
2.195899999999999963e+00 1.617724176949589601e-03 1.824219750644689173e-03 2.601004782709480639e-03 4.098974817709754095e-03 6.733752767564127675e-03
2.196600000000000108e+00 1.613888702450722978e-03 1.819862042089604370e-03 2.594793012597884727e-03 4.089263750361555108e-03 6.718052512924354430e-03
2.197299999999999809e+00 1.610053227951858739e-03 1.815504333534522386e-03 2.588581242486293153e-03 4.079552683013362192e-03 6.702352258284590726e-03
2.197999999999999954e+00 1.606217753452991682e-03 1.811146624979437583e-03 2.582369472374698108e-03 4.069841615665163205e-03 6.686652003644817481e-03
2.198700000000000099e+00 1.602382278954125059e-03 1.806788916424352780e-03 2.576157702263102197e-03 4.060130548316965085e-03 6.670951749005043369e-03
2.199399999999999800e+00 1.598546804455261037e-03 1.802431207869271013e-03 2.569945932151510622e-03 4.050419480968771302e-03 6.655251494365278797e-03
2.200099999999999945e+00 1.594711329956393980e-03 1.798073499314186210e-03 2.563734162039914711e-03 4.040708413620572315e-03 6.639551239725506419e-03
2.200800000000000090e+00 1.590875855457527356e-03 1.793715790759101408e-03 2.557522391928319667e-03 4.030997346272374195e-03 6.623850985085732307e-03
2.201499999999999790e+00 1.587040380958663118e-03 1.789358082204019424e-03 2.551310621816727658e-03 4.021286278924181279e-03 6.608150730445968603e-03
2.202199999999999935e+00 1.583204906459796278e-03 1.785000373648934621e-03 2.545098851705132181e-03 4.011575211575982292e-03 6.592450475806195358e-03
2.202900000000000080e+00 1.579434390126708285e-03 1.780716753707522072e-03 2.538992080525284689e-03 4.002025719564926073e-03 6.577004606669111658e-03
2.203599999999999781e+00 1.575690740343775251e-03 1.776463776648821036e-03 2.532928736665654521e-03 3.992543054747139421e-03 6.561663950799438878e-03
2.204299999999999926e+00 1.571947090560839614e-03 1.772210799590116532e-03 2.526865392806019583e-03 3.983060389929349299e-03 6.546323294929757425e-03
2.205000000000000071e+00 1.568203440777903978e-03 1.767957822531412678e-03 2.520802048946385078e-03 3.973577725111557442e-03 6.530982639060075104e-03
2.205699999999999772e+00 1.564459790994970727e-03 1.763704845472711643e-03 2.514738705086754910e-03 3.964095060293772524e-03 6.515641983190402324e-03
2.206399999999999917e+00 1.560716141212035090e-03 1.759451868414007355e-03 2.508675361227120405e-03 3.954612395475981534e-03 6.500301327320720871e-03
2.207100000000000062e+00 1.556972491429099454e-03 1.755198891355303067e-03 2.502612017367485901e-03 3.945129730658189678e-03 6.484960671451038550e-03
2.207799999999999763e+00 1.553228841646165986e-03 1.750945914296601815e-03 2.496548673507855299e-03 3.935647065840404760e-03 6.469620015581366637e-03
2.208499999999999908e+00 1.549485191863230566e-03 1.746692937237897961e-03 2.490485329648220794e-03 3.926164401022612903e-03 6.454279359711685184e-03
2.209200000000000053e+00 1.545741542080294930e-03 1.742439960179193673e-03 2.484421985788586723e-03 3.916681736204822781e-03 6.438938703842001995e-03
2.209900000000000198e+00 1.542059489519034821e-03 1.738257241458721503e-03 2.478458247501615780e-03 3.907352450325145450e-03 6.423839774992404217e-03
2.210599999999999898e+00 1.538405452020696548e-03 1.734106476967884258e-03 2.472539810874519167e-03 3.898092922796337310e-03 6.408850786128626395e-03
2.211300000000000043e+00 1.534751414522356108e-03 1.729955712477045061e-03 2.466621374247418650e-03 3.888833395267523967e-03 6.393861797264839032e-03
2.212000000000000188e+00 1.531097377024015667e-03 1.725804947986205647e-03 2.460702937620318134e-03 3.879573867738709755e-03 6.378872808401051669e-03
2.212699999999999889e+00 1.527443339525677611e-03 1.721654183495368619e-03 2.454784500993221520e-03 3.870314340209901616e-03 6.363883819537273848e-03
2.213400000000000034e+00 1.523789302027336954e-03 1.717503419004529422e-03 2.448866064366121004e-03 3.861054812681087838e-03 6.348894830673486485e-03
2.214100000000000179e+00 1.520135264528996296e-03 1.713352654513689574e-03 2.442947627739020487e-03 3.851795285152274494e-03 6.333905841809699122e-03
2.214799999999999880e+00 1.516481227030658241e-03 1.709201890022852980e-03 2.437029191111923440e-03 3.842535757623466355e-03 6.318916852945920433e-03
2.215500000000000025e+00 1.512827189532317583e-03 1.705051125532013566e-03 2.431110754484822924e-03 3.833276230094652577e-03 6.303927864082133938e-03
2.216200000000000170e+00 1.509173152033977143e-03 1.700900361041173935e-03 2.425192317857722407e-03 3.824016702565839233e-03 6.288938875218345707e-03
2.216899999999999871e+00 1.505577475086983339e-03 1.696816165670637011e-03 2.419368288946584407e-03 3.814902646160385404e-03 6.274179380839210382e-03
2.217600000000000016e+00 1.502010890787204003e-03 1.692765154906613083e-03 2.413591322140094201e-03 3.805861106891493279e-03 6.259534289116072854e-03
2.218300000000000161e+00 1.498444306487424233e-03 1.688714144142589371e-03 2.407814355333603995e-03 3.796819567622601154e-03 6.244889197392934459e-03
2.218999999999999861e+00 1.494877722187647065e-03 1.684663133378568045e-03 2.402037388527118126e-03 3.787778028353713800e-03 6.230244105669806472e-03
2.219700000000000006e+00 1.491311137887867729e-03 1.680612122614544117e-03 2.396260421720628354e-03 3.778736489084821674e-03 6.215599013946668944e-03
2.220400000000000151e+00 1.487744553588088176e-03 1.676561111850520189e-03 2.390483454914138148e-03 3.769694949815929549e-03 6.200953922223532283e-03
2.221099999999999852e+00 1.484177969288311008e-03 1.672510101086499296e-03 2.384706488107651845e-03 3.760653410547042629e-03 6.186308830500403429e-03
2.221799999999999997e+00 1.480611384988531672e-03 1.668459090322475368e-03 2.378929521301162073e-03 3.751611871278150070e-03 6.171663738777265901e-03
2.222500000000000142e+00 1.477044800688752336e-03 1.664408079558451440e-03 2.373152554494672301e-03 3.742570332009257511e-03 6.157018647054128373e-03
2.223199999999999843e+00 1.473478216388974952e-03 1.660357068794430331e-03 2.367375587688185564e-03 3.733528792740371024e-03 6.142373555330999518e-03
2.223899999999999988e+00 1.469966876212214181e-03 1.656369074472672370e-03 2.361688020171867890e-03 3.724625096867055247e-03 6.127946139988062375e-03
2.224600000000000133e+00 1.466485638096293263e-03 1.652415417283542316e-03 2.356049165581465023e-03 3.715796510707737327e-03 6.113637334685108511e-03
2.225299999999999834e+00 1.463004399980374513e-03 1.648461760094414863e-03 2.350410310991065625e-03 3.706967924548425913e-03 6.099328529382164188e-03
2.225999999999999979e+00 1.459523161864453595e-03 1.644508102905285025e-03 2.344771456400662757e-03 3.698139338389108861e-03 6.085019724079210324e-03
2.226700000000000124e+00 1.456041923748532677e-03 1.640554445716155187e-03 2.339132601810259889e-03 3.689310752229790942e-03 6.070710918776257327e-03
2.227399999999999824e+00 1.452560685632613710e-03 1.636600788527027735e-03 2.333493747219860057e-03 3.680482166070479962e-03 6.056402113473312136e-03
2.228099999999999969e+00 1.449079447516693009e-03 1.632647131337897680e-03 2.327854892629457190e-03 3.671653579911162910e-03 6.042093308170359139e-03
2.228800000000000114e+00 1.445598209400771874e-03 1.628693474148767842e-03 2.322216038039054322e-03 3.662824993751844990e-03 6.027784502867405275e-03
2.229499999999999815e+00 1.442116971284853342e-03 1.624739816959640390e-03 2.316577183448654490e-03 3.653996407592533576e-03 6.013475697564460952e-03
2.230199999999999960e+00 1.438635733168932207e-03 1.620786159770510335e-03 2.310938328858251622e-03 3.645167821433216524e-03 5.999166892261507955e-03
2.230900000000000105e+00 1.435206739078593099e-03 1.616892098499243900e-03 2.305384048658182250e-03 3.636469722741406899e-03 5.985064348384179153e-03
2.231599999999999806e+00 1.431808790958729628e-03 1.613033452054569387e-03 2.299880026722019803e-03 3.627849166122947260e-03 5.971084375194290333e-03
2.232299999999999951e+00 1.428410842838863772e-03 1.609174805609892489e-03 2.294376004785853886e-03 3.619228609504481983e-03 5.957104402004391973e-03
2.233000000000000096e+00 1.425012894718998349e-03 1.605316159165215591e-03 2.288871982849687969e-03 3.610608052886016273e-03 5.943124428814493612e-03
2.233699999999999797e+00 1.421614946599134444e-03 1.601457512720541295e-03 2.283367960913525955e-03 3.601987496267557501e-03 5.929144455624605660e-03
2.234399999999999942e+00 1.418216998479268805e-03 1.597598866275864397e-03 2.277863938977359604e-03 3.593366939649092224e-03 5.915164482434708167e-03
2.235100000000000087e+00 1.414819050359403165e-03 1.593740219831187282e-03 2.272359917041194121e-03 3.584746383030626947e-03 5.901184509244810673e-03
2.235799999999999788e+00 1.411421102239539694e-03 1.589881573386512986e-03 2.266855895105031674e-03 3.576125826412167308e-03 5.887204536054921854e-03
2.236499999999999932e+00 1.408023154119673838e-03 1.586022926941836088e-03 2.261351873168866190e-03 3.567505269793702031e-03 5.873224562865023493e-03
2.237200000000000077e+00 1.404625205999808198e-03 1.582164280497159407e-03 2.255847851232700707e-03 3.558884713175236754e-03 5.859244589675126867e-03
2.237899999999999778e+00 1.401276614345175336e-03 1.578361937341223650e-03 2.250423756570643467e-03 3.550387551814959512e-03 5.845459855058411994e-03
2.238599999999999923e+00 1.397959949644946714e-03 1.574596014794502584e-03 2.245051364039687795e-03 3.541970210489673622e-03 5.831801413380111564e-03
2.239300000000000068e+00 1.394643284944718309e-03 1.570830092247781518e-03 2.239678971508732557e-03 3.533552869164387732e-03 5.818142971701811134e-03
2.239999999999999769e+00 1.391326620244492072e-03 1.567064169701062838e-03 2.234306578977780355e-03 3.525135527839107046e-03 5.804484530023519377e-03
2.240699999999999914e+00 1.388009955544263450e-03 1.563298247154341555e-03 2.228934186446824683e-03 3.516718186513820288e-03 5.790826088345219815e-03
2.241400000000000059e+00 1.384693290844035045e-03 1.559532324607620707e-03 2.223561793915869444e-03 3.508300845188535265e-03 5.777167646666919384e-03
2.242099999999999760e+00 1.381376626143808592e-03 1.555766402060902026e-03 2.218189401384917676e-03 3.499883503863253711e-03 5.763509204988628495e-03
2.242799999999999905e+00 1.378059961443580186e-03 1.552000479514180960e-03 2.212817008853961570e-03 3.491466162537967821e-03 5.749850763310328065e-03
2.243500000000000050e+00 1.374743296743351781e-03 1.548234556967459895e-03 2.207444616323006332e-03 3.483048821212681931e-03 5.736192321632027635e-03
2.244200000000000195e+00 1.371426632043123159e-03 1.544468634420739046e-03 2.202072223792051094e-03 3.474631479887396041e-03 5.722533879953727205e-03
2.244899999999999896e+00 1.368156545105091637e-03 1.540755846295118608e-03 2.196775283619118412e-03 3.466330697451306016e-03 5.709060035282132427e-03
2.245600000000000041e+00 1.364919205672218867e-03 1.537080415475797560e-03 2.191531391861718889e-03 3.458111864268362864e-03 5.695715975536740430e-03
2.246300000000000185e+00 1.361681866239346098e-03 1.533404984656476294e-03 2.186287500104319367e-03 3.449893031085419278e-03 5.682371915791347566e-03
2.246999999999999886e+00 1.358444526806475063e-03 1.529729553837157413e-03 2.181043608346922881e-03 3.441674197902481330e-03 5.669027856045963376e-03
2.247700000000000031e+00 1.355207187373602511e-03 1.526054123017836581e-03 2.175799716589523793e-03 3.433455364719537745e-03 5.655683796300571380e-03
2.248400000000000176e+00 1.351969847940729524e-03 1.522378692198515316e-03 2.170555824832124271e-03 3.425236531536594593e-03 5.642339736555178516e-03
2.249099999999999877e+00 1.348732508507858707e-03 1.518703261379196652e-03 2.165311933074727784e-03 3.417017698353656211e-03 5.628995676809794325e-03
2.249800000000000022e+00 1.345495169074985720e-03 1.515027830559875386e-03 2.160068041317328262e-03 3.408798865170713059e-03 5.615651617064402329e-03
2.250500000000000167e+00 1.342257829642112734e-03 1.511352399740554337e-03 2.154824149559929174e-03 3.400580031987769907e-03 5.602307557319009465e-03
2.251199999999999868e+00 1.339020490209242133e-03 1.507676968921235457e-03 2.149580257802532687e-03 3.392361198804831526e-03 5.588963497573625275e-03
2.251900000000000013e+00 1.335827055123941587e-03 1.504051623404335921e-03 2.144407510258861723e-03 3.384252336302860913e-03 5.575793763967855018e-03
2.252600000000000158e+00 1.332667130070710765e-03 1.500464505538754269e-03 2.139289063599167113e-03 3.376227409020290601e-03 5.562757084942151174e-03
2.253299999999999859e+00 1.329507205017481895e-03 1.496877387673175002e-03 2.134170616939475972e-03 3.368202481737725493e-03 5.549720405916454269e-03
2.254000000000000004e+00 1.326347279964250857e-03 1.493290269807593350e-03 2.129052170279781362e-03 3.360177554455156049e-03 5.536683726890749557e-03
2.254700000000000149e+00 1.323187354911020035e-03 1.489703151942011698e-03 2.123933723620087186e-03 3.352152627172585737e-03 5.523647047865044846e-03
2.255399999999999849e+00 1.320027429857791382e-03 1.486116034076432647e-03 2.118815276960395611e-03 3.344127699890020629e-03 5.510610368839348808e-03
2.256099999999999994e+00 1.316867504804560126e-03 1.482528916210851212e-03 2.113696830300701435e-03 3.336102772607451184e-03 5.497573689813644096e-03
2.256800000000000139e+00 1.313707579751329521e-03 1.478941798345269560e-03 2.108578383641006825e-03 3.328077845324880872e-03 5.484537010787939385e-03
2.257499999999999840e+00 1.310547654698100434e-03 1.475354680479690293e-03 2.103459936981315684e-03 3.320052918042315764e-03 5.471500331762242479e-03
2.258199999999999985e+00 1.307387729644869396e-03 1.471767562614108857e-03 2.098341490321621074e-03 3.312027990759745452e-03 5.458463652736538635e-03
2.258900000000000130e+00 1.304269137351850858e-03 1.468227596786786122e-03 2.093290041226273084e-03 3.304106686626264756e-03 5.445591389323700508e-03
2.259599999999999831e+00 1.301184761922599166e-03 1.464726665247549067e-03 2.088294055316064751e-03 3.296271165759067420e-03 5.432855235539104169e-03
2.260299999999999976e+00 1.298100386493345739e-03 1.461225733708309193e-03 2.083298069405853381e-03 3.288435644891865312e-03 5.420119081754501758e-03
2.261000000000000121e+00 1.295016011064092313e-03 1.457724802169069536e-03 2.078302083495642012e-03 3.280600124024663205e-03 5.407382927969897612e-03
2.261699999999999822e+00 1.291931635634840838e-03 1.454223870629831831e-03 2.073306097585433678e-03 3.272764603157465868e-03 5.394646774185302140e-03
2.262399999999999967e+00 1.288847260205587195e-03 1.450722939090592174e-03 2.068310111675222308e-03 3.264929082290263761e-03 5.381910620400697995e-03
2.263100000000000112e+00 1.285762884776333768e-03 1.447222007551352300e-03 2.063314125765010939e-03 3.257093561423061653e-03 5.369174466616094717e-03
2.263799999999999812e+00 1.282678509347082076e-03 1.443721076012114812e-03 2.058318139854802171e-03 3.249258040555864750e-03 5.356438312831499245e-03
2.264499999999999957e+00 1.279594133917828650e-03 1.440220144472874938e-03 2.053322153944590802e-03 3.241422519688662643e-03 5.343702159046895099e-03
2.265200000000000102e+00 1.276509758488575223e-03 1.436719212933635064e-03 2.048326168034379866e-03 3.233586998821460536e-03 5.330966005262291821e-03
2.265899999999999803e+00 1.273464242703024971e-03 1.433262612243477304e-03 2.043393189405008289e-03 3.225848986954768256e-03 5.318384706770247147e-03
2.266599999999999948e+00 1.270453597168094651e-03 1.429845791326635413e-03 2.038516749628400352e-03 3.218198473658866274e-03 5.305942365879115323e-03
2.267300000000000093e+00 1.267442951633164332e-03 1.426428970409793304e-03 2.033640309851791981e-03 3.210547960362965161e-03 5.293500024987984366e-03
2.267999999999999794e+00 1.264432306098235747e-03 1.423012149492953798e-03 2.028763870075187079e-03 3.202897447067067950e-03 5.281057684096861216e-03
2.268699999999999939e+00 1.261421660563305210e-03 1.419595328576112123e-03 2.023887430298578708e-03 3.195246933771165969e-03 5.268615343205729391e-03
2.269400000000000084e+00 1.258411015028374890e-03 1.416178507659270232e-03 2.019010990521970771e-03 3.187596420475264421e-03 5.256173002314597567e-03
2.270099999999999785e+00 1.255400369493446305e-03 1.412761686742430509e-03 2.014134550745365869e-03 3.179945907179367644e-03 5.243730661423474416e-03
2.270799999999999930e+00 1.252389723958515768e-03 1.409344865825588617e-03 2.009258110968757498e-03 3.172295393883466097e-03 5.231288320532342592e-03
2.271500000000000075e+00 1.249379078423585449e-03 1.405928044908746942e-03 2.004381671192149560e-03 3.164644880587564116e-03 5.218845979641211635e-03
2.272199999999999775e+00 1.246368432888656863e-03 1.402511223991907219e-03 1.999505231415544225e-03 3.156994367291667339e-03 5.206403638750088485e-03
2.272899999999999920e+00 1.243394269097137681e-03 1.399136021142286098e-03 1.994687960017397805e-03 3.149435475125653139e-03 5.194106933126603313e-03
2.273600000000000065e+00 1.240455577672729863e-03 1.395801284871859725e-03 1.989928219927953636e-03 3.141965669117553067e-03 5.181951833336484632e-03
2.274299999999999766e+00 1.237516886248323997e-03 1.392466548601435520e-03 1.985168479838512069e-03 3.134495863109457332e-03 5.169796733546372890e-03
2.274999999999999911e+00 1.234578194823916179e-03 1.389131812331009363e-03 1.980408739749067899e-03 3.127026057101357261e-03 5.157641633756254208e-03
2.275700000000000056e+00 1.231639503399508144e-03 1.385797076060583206e-03 1.975648999659622863e-03 3.119556251093256755e-03 5.145486533966134660e-03
2.276399999999999757e+00 1.228700811975102060e-03 1.382462339790158784e-03 1.970889259570181296e-03 3.112086445085161888e-03 5.133331434176022917e-03
2.277099999999999902e+00 1.225762120550694242e-03 1.379127603519732410e-03 1.966129519480737126e-03 3.104616639077061816e-03 5.121176334385903368e-03
2.277800000000000047e+00 1.222823429126286424e-03 1.375792867249306254e-03 1.961369779391292523e-03 3.097146833068961311e-03 5.109021234595784687e-03
2.278500000000000192e+00 1.219884737701878606e-03 1.372458130978880097e-03 1.956610039301848354e-03 3.089677027060861239e-03 5.096866134805665138e-03
2.279199999999999893e+00 1.216946046277472739e-03 1.369123394708455892e-03 1.951850299212406353e-03 3.082207221052765938e-03 5.084711035015554263e-03
2.279900000000000038e+00 1.214041550756690810e-03 1.365827668571905967e-03 1.947146035136248154e-03 3.074823367660589005e-03 5.072692681072896170e-03
2.280600000000000183e+00 1.211173080550017461e-03 1.362573039531127239e-03 1.942500214925939024e-03 3.067530065172430122e-03 5.060818388599169250e-03
2.281299999999999883e+00 1.208304610343345848e-03 1.359318410490350463e-03 1.937854394715633147e-03 3.060236762684276010e-03 5.048944096125450136e-03
2.282000000000000028e+00 1.205436140136672499e-03 1.356063781449571735e-03 1.933208574505323801e-03 3.052943460196117561e-03 5.037069803651722348e-03
2.282700000000000173e+00 1.202567669929999151e-03 1.352809152408793007e-03 1.928562754295014888e-03 3.045650157707958678e-03 5.025195511177995428e-03
2.283399999999999874e+00 1.199699199723327538e-03 1.349554523368016231e-03 1.923916934084708361e-03 3.038356855219804566e-03 5.013321218704275446e-03
2.284100000000000019e+00 1.196830729516654189e-03 1.346299894327237503e-03 1.919271113874399448e-03 3.031063552731646116e-03 5.001446926230548526e-03
2.284800000000000164e+00 1.193962259309980841e-03 1.343045265286458559e-03 1.914625293664090101e-03 3.023770250243487234e-03 4.989572633756821605e-03
2.285499999999999865e+00 1.191093789103309011e-03 1.339790636245681999e-03 1.909979473453784224e-03 3.016476947755333121e-03 4.977698341283101624e-03
2.286200000000000010e+00 1.188225318896635879e-03 1.336536007204903271e-03 1.905333653243475095e-03 3.009183645267174238e-03 4.965824048809374704e-03
2.286900000000000155e+00 1.185388847754715062e-03 1.333317881760291831e-03 1.900739758511929729e-03 3.001970839496654990e-03 4.954077933894704064e-03
2.287599999999999856e+00 1.182588907733929948e-03 1.330141429949075220e-03 1.896205143511508432e-03 2.994849931266449754e-03 4.942478150442308933e-03
2.288300000000000001e+00 1.179788967713143099e-03 1.326964978137856657e-03 1.891670528511083665e-03 2.987729023036240182e-03 4.930878366989905996e-03
2.289000000000000146e+00 1.176989027692356251e-03 1.323788526326637877e-03 1.887135913510659549e-03 2.980608114806030610e-03 4.919278583537503927e-03
2.289699999999999847e+00 1.174189087671570920e-03 1.320612074515421265e-03 1.882601298510237818e-03 2.973487206575824941e-03 4.907678800085109663e-03
2.290399999999999991e+00 1.171389147650784288e-03 1.317435622704202702e-03 1.878066683509813052e-03 2.966366298345615368e-03 4.896079016632706726e-03
2.291100000000000136e+00 1.168589207629997439e-03 1.314259170892984139e-03 1.873532068509388502e-03 2.959245390115405796e-03 4.884479233180304657e-03
2.291799999999999837e+00 1.165789267609212325e-03 1.311082719081767527e-03 1.868997453508967205e-03 2.952124481885200560e-03 4.872879449727909526e-03
2.292499999999999982e+00 1.162989327588425477e-03 1.307906267270548964e-03 1.864462838508542655e-03 2.945003573654990988e-03 4.861279666275507456e-03
2.293200000000000127e+00 1.160189387567638628e-03 1.304729815459330184e-03 1.859928223508118322e-03 2.937882665424780548e-03 4.849679882823105387e-03
2.293899999999999828e+00 1.157419335807432668e-03 1.301587458752403136e-03 1.855442120710043856e-03 2.930837004065350859e-03 4.838200020515265667e-03
2.294599999999999973e+00 1.154686275795744569e-03 1.298487300470513132e-03 1.851016059920252603e-03 2.923884473362122795e-03 4.826868580789917679e-03
2.295300000000000118e+00 1.151953215784056687e-03 1.295387142188623346e-03 1.846589999130461785e-03 2.916931942658894297e-03 4.815537141064567955e-03
2.295999999999999819e+00 1.149220155772370756e-03 1.292286983906735512e-03 1.842163938340673568e-03 2.909979411955670569e-03 4.804205701339226905e-03
2.296699999999999964e+00 1.146487095760682657e-03 1.289186825624845725e-03 1.837737877550882533e-03 2.903026881252442071e-03 4.792874261613878917e-03
2.297400000000000109e+00 1.143754035748994558e-03 1.286086667342956156e-03 1.833311816761091281e-03 2.896074350549213573e-03 4.781542821888530928e-03
2.298099999999999810e+00 1.141020975737308193e-03 1.282986509061068104e-03 1.828885755971303064e-03 2.889121819845989845e-03 4.770211382163189878e-03
2.298799999999999955e+00 1.138287915725620311e-03 1.279886350779178318e-03 1.824459695181511812e-03 2.882169289142761347e-03 4.758879942437841022e-03
2.299500000000000099e+00 1.135554855713932212e-03 1.276786192497288532e-03 1.820033634391721210e-03 2.875216758439532849e-03 4.747548502712493901e-03
2.300199999999999800e+00 1.132821795702246065e-03 1.273686034215400914e-03 1.815607573601932560e-03 2.868264227736309121e-03 4.736217062987151984e-03
2.300899999999999945e+00 1.130116596306194113e-03 1.270617657342214008e-03 1.811226744554340906e-03 2.861381893717224005e-03 4.724997590820180851e-03
2.301600000000000090e+00 1.127448805999681355e-03 1.267591954097614486e-03 1.806906649207541725e-03 2.854593814400791917e-03 4.713928460069623065e-03
2.302299999999999791e+00 1.124781015693170115e-03 1.264566250853017132e-03 1.802586553860745797e-03 2.847805735084364166e-03 4.702859329319072218e-03
2.302999999999999936e+00 1.122113225386657358e-03 1.261540547608417393e-03 1.798266458513946833e-03 2.841017655767932946e-03 4.691790198568514432e-03
2.303700000000000081e+00 1.119445435080144817e-03 1.258514844363817871e-03 1.793946363167148086e-03 2.834229576451500424e-03 4.680721067817955779e-03
2.304399999999999782e+00 1.116777644773633577e-03 1.255489141119220083e-03 1.789626267820351724e-03 2.827441497135073107e-03 4.669651937067404932e-03
2.305099999999999927e+00 1.114109854467120820e-03 1.252463437874620777e-03 1.785306172473553193e-03 2.820653417818641019e-03 4.658582806316847146e-03
2.305800000000000072e+00 1.111442064160608279e-03 1.249437734630021038e-03 1.780986077126754013e-03 2.813865338502208931e-03 4.647513675566289360e-03
2.306499999999999773e+00 1.108774273854097039e-03 1.246412031385423684e-03 1.776665981779958084e-03 2.807077259185781614e-03 4.636444544815739380e-03
2.307199999999999918e+00 1.106106483547584498e-03 1.243386328140823945e-03 1.772345886433159337e-03 2.800289179869349960e-03 4.625375414065180726e-03
2.307900000000000063e+00 1.103464606583668458e-03 1.240390184253639541e-03 1.768067870870292883e-03 2.793566440488971184e-03 4.614410591279025954e-03
2.308599999999999763e+00 1.100860514592210586e-03 1.237437141695495266e-03 1.763851213021931999e-03 2.786938975104024524e-03 4.603597862864616634e-03
2.309299999999999908e+00 1.098256422600751197e-03 1.234484099137349690e-03 1.759634555173568080e-03 2.780311509719073960e-03 4.592785134450200375e-03
2.310000000000000053e+00 1.095652330609291590e-03 1.231531056579203681e-03 1.755417897325204377e-03 2.773684044334123397e-03 4.581972406035784116e-03
2.310700000000000198e+00 1.093048238617832200e-03 1.228578014021057454e-03 1.751201239476840891e-03 2.767056578949172833e-03 4.571159677621367858e-03
2.311399999999999899e+00 1.090444146626374329e-03 1.225624971462913613e-03 1.746984581628479574e-03 2.760429113564226173e-03 4.560346949206958538e-03
2.312100000000000044e+00 1.087840054634914722e-03 1.222671928904767603e-03 1.742767923780115871e-03 2.753801648179275609e-03 4.549534220792542279e-03
2.312800000000000189e+00 1.085235962643455116e-03 1.219718886346621593e-03 1.738551265931752386e-03 2.747174182794324612e-03 4.538721492378126020e-03
2.313499999999999890e+00 1.082631870651997461e-03 1.216765843788477752e-03 1.734334608083391068e-03 2.740546717409378386e-03 4.527908763963716700e-03
2.314200000000000035e+00 1.080027778660537854e-03 1.213812801230331525e-03 1.730117950235027366e-03 2.733919252024427822e-03 4.517096035549300441e-03
2.314900000000000180e+00 1.077447730408844775e-03 1.210887184565490830e-03 1.725940344524095693e-03 2.727352457210222101e-03 4.506380240867920162e-03
2.315599999999999881e+00 1.074905803319684558e-03 1.208005051441332373e-03 1.721824655673551531e-03 2.720881855114403846e-03 4.495818133866904057e-03
2.316300000000000026e+00 1.072363876230522390e-03 1.205122918317172182e-03 1.717708966823005201e-03 2.714411253018581688e-03 4.485256026865881013e-03
2.317000000000000171e+00 1.069821949141360438e-03 1.202240785193011991e-03 1.713593277972458653e-03 2.707940650922759530e-03 4.474693919864857969e-03
2.317699999999999871e+00 1.067280022052200222e-03 1.199358652068853752e-03 1.709477589121914057e-03 2.701470048826941275e-03 4.464131812863840996e-03
2.318400000000000016e+00 1.064738094963038270e-03 1.196476518944693561e-03 1.705361900271367293e-03 2.694999446731119550e-03 4.453569705862817085e-03
2.319100000000000161e+00 1.062196167873876319e-03 1.193594385820532936e-03 1.701246211420820746e-03 2.688528844635297392e-03 4.443007598861794041e-03
2.319799999999999862e+00 1.059654240784715885e-03 1.190712252696374696e-03 1.697130522570276584e-03 2.682058242539479137e-03 4.432445491860777936e-03
2.320500000000000007e+00 1.057112313695553934e-03 1.187830119572214505e-03 1.693014833719729819e-03 2.675587640443656979e-03 4.421883384859754892e-03
2.321200000000000152e+00 1.054570386606391982e-03 1.184947986448054314e-03 1.688899144869183272e-03 2.669117038347834821e-03 4.411321277858731849e-03
2.321899999999999853e+00 1.052050708705855406e-03 1.182091231375420473e-03 1.684819600752365549e-03 2.662702618946876255e-03 4.400849007295985077e-03
2.322599999999999998e+00 1.049569450169279654e-03 1.179278298511974438e-03 1.680802470492689851e-03 2.656385214472557158e-03 4.390531864134835337e-03
2.323300000000000143e+00 1.047088191632703684e-03 1.176465365648528619e-03 1.676785340233014369e-03 2.650067809998238062e-03 4.380214720973685597e-03
2.323999999999999844e+00 1.044606933096129450e-03 1.173652432785084535e-03 1.672768209973341707e-03 2.643750405523922868e-03 4.369897577812542795e-03
2.324699999999999989e+00 1.042125674559553480e-03 1.170839499921638716e-03 1.668751079713666442e-03 2.637433001049603772e-03 4.359580434651393055e-03
2.325400000000000134e+00 1.039644416022977727e-03 1.168026567058192897e-03 1.664733949453990960e-03 2.631115596575284675e-03 4.349263291490243315e-03
2.326099999999999834e+00 1.037163157486403493e-03 1.165213634194748812e-03 1.660716819194318298e-03 2.624798192100969482e-03 4.338946148329100513e-03
2.326799999999999979e+00 1.034681898949827306e-03 1.162400701331303210e-03 1.656699688934642816e-03 2.618480787626649951e-03 4.328629005167950773e-03
2.327500000000000124e+00 1.032200640413251554e-03 1.159587768467857175e-03 1.652682558674967552e-03 2.612163383152330855e-03 4.318311862006801900e-03
2.328199999999999825e+00 1.029719381876677102e-03 1.156774835604413090e-03 1.648665428415294672e-03 2.605845978678015228e-03 4.307994718845658232e-03
2.328899999999999970e+00 1.027258650491536798e-03 1.153985315697925651e-03 1.644681651777540627e-03 2.599580444777649813e-03 4.297760583539152190e-03
2.329600000000000115e+00 1.024836600328176165e-03 1.151239915005128388e-03 1.640760726473580733e-03 2.593412655427047072e-03 4.287682867658158120e-03
2.330299999999999816e+00 1.022414550164817268e-03 1.148494514312333077e-03 1.636839801169623224e-03 2.587244866076447800e-03 4.277605151777170989e-03
2.330999999999999961e+00 1.019992500001456852e-03 1.145749113619536031e-03 1.632918875865663547e-03 2.581077076725844625e-03 4.267527435896176918e-03
2.331700000000000106e+00 1.017570449838096219e-03 1.143003712926738769e-03 1.628997950561703652e-03 2.574909287375241884e-03 4.257449720015184583e-03
2.332399999999999807e+00 1.015148399674737105e-03 1.140258312233943675e-03 1.625077025257746360e-03 2.568741498024642612e-03 4.247372004134196584e-03
2.333099999999999952e+00 1.012726349511376472e-03 1.137512911541146412e-03 1.621156099953786249e-03 2.562573708674039438e-03 4.237294288253202514e-03
2.333800000000000097e+00 1.010304299348016056e-03 1.134767510848349367e-03 1.617235174649826572e-03 2.556405919323436263e-03 4.227216572372209311e-03
2.334499999999999797e+00 1.007882249184656942e-03 1.132022110155554056e-03 1.613314249345869063e-03 2.550238129972836991e-03 4.217138856491222179e-03
2.335199999999999942e+00 1.005460199021296526e-03 1.129276709462756793e-03 1.609393324041909169e-03 2.544070340622234250e-03 4.207061140610228976e-03
2.335900000000000087e+00 1.003057024026866991e-03 1.126552836591701795e-03 1.605503073704148999e-03 2.537950279900664900e-03 4.197059864683426803e-03
2.336599999999999788e+00 1.000692757356124937e-03 1.123873340089393122e-03 1.601676055198557108e-03 2.531928604573917968e-03 4.187216158232757307e-03
2.337299999999999933e+00 9.983284906853815820e-04 1.121193843587082713e-03 1.597849036692963048e-03 2.525906929247167566e-03 4.177372451782081740e-03
2.338000000000000078e+00 9.959642240146377931e-04 1.118514347084772305e-03 1.594022018187368772e-03 2.519885253920416731e-03 4.167528745331405306e-03
2.338699999999999779e+00 9.935999573438959558e-04 1.115834850582463414e-03 1.590194999681777315e-03 2.513863578593670232e-03 4.157685038880734943e-03
2.339399999999999924e+00 9.912356906731523837e-04 1.113155354080153005e-03 1.586367981176183039e-03 2.507841903266919397e-03 4.147841332430059376e-03
2.340100000000000069e+00 9.888714240024088116e-04 1.110475857577842597e-03 1.582540962670588979e-03 2.501820227940168562e-03 4.137997625979383809e-03
2.340799999999999770e+00 9.865071573316667574e-04 1.107796361075533706e-03 1.578713944164997088e-03 2.495798552613421629e-03 4.128153919528713446e-03
2.341499999999999915e+00 9.841428906609231853e-04 1.105116864573223298e-03 1.574886925659403029e-03 2.489776877286671228e-03 4.118310213078037012e-03
2.342200000000000060e+00 9.817786239901798301e-04 1.102437368070912889e-03 1.571059907153808969e-03 2.483755201959920392e-03 4.108466506627361445e-03
2.342899999999999761e+00 9.794316481774732915e-04 1.099777591511451281e-03 1.567260993691090357e-03 2.477777278066329962e-03 4.098692925080023135e-03
2.343599999999999905e+00 9.771237745665973737e-04 1.097162410378296499e-03 1.563525638037743153e-03 2.471898295322229062e-03 4.089077926647402030e-03
2.344300000000000050e+00 9.748159009557215643e-04 1.094547229245141501e-03 1.559790282384395949e-03 2.466019312578127294e-03 4.079462928214780057e-03
2.345000000000000195e+00 9.725080273448458634e-04 1.091932048111986502e-03 1.556054926731048746e-03 2.460140329834025093e-03 4.069847929782158952e-03
2.345699999999999896e+00 9.702001537339715719e-04 1.089316866978833238e-03 1.552319571077703710e-03 2.454261347089927228e-03 4.060232931349543918e-03
2.346400000000000041e+00 9.678922801230958710e-04 1.086701685845678240e-03 1.548584215424356507e-03 2.448382364345825027e-03 4.050617932916921946e-03
2.347100000000000186e+00 9.655844065122199532e-04 1.084086504712523458e-03 1.544848859771009303e-03 2.442503381601724127e-03 4.041002934484300840e-03
2.347799999999999887e+00 9.632765329013458786e-04 1.081471323579370194e-03 1.541113504117664268e-03 2.436624398857625828e-03 4.031387936051684939e-03
2.348500000000000032e+00 9.609686592904699608e-04 1.078856142446215196e-03 1.537378148464317064e-03 2.430745416113524061e-03 4.021772937619062967e-03
2.349200000000000177e+00 9.586607856795942599e-04 1.076240961313060197e-03 1.533642792810969860e-03 2.424866433369422293e-03 4.012157939186441862e-03
2.349899999999999878e+00 9.563686839783903937e-04 1.073643766879622732e-03 1.529933077395123978e-03 2.419027384333363121e-03 4.002606995813570191e-03
2.350600000000000023e+00 9.541158466117497352e-04 1.071091350523798499e-03 1.526287193619483597e-03 2.413287750682347951e-03 3.993215518183826189e-03
2.351300000000000168e+00 9.518630092451087514e-04 1.068538934167974049e-03 1.522641309843843216e-03 2.407548117031332782e-03 3.983824040554083054e-03
2.351999999999999869e+00 9.496101718784696107e-04 1.065986517812151117e-03 1.518995426068205003e-03 2.401808483380321515e-03 3.974432562924345991e-03
2.352700000000000014e+00 9.473573345118286269e-04 1.063434101456326884e-03 1.515349542292564623e-03 2.396068849729306345e-03 3.965041085294602856e-03
2.353400000000000158e+00 9.451044971451875347e-04 1.060881685100502434e-03 1.511703658516923808e-03 2.390329216078290742e-03 3.955649607664858854e-03
2.354099999999999859e+00 9.428516597785483941e-04 1.058329268744679502e-03 1.508057774741285812e-03 2.384589582427279041e-03 3.946258130035121790e-03
2.354800000000000004e+00 9.405988224119074103e-04 1.055776852388855052e-03 1.504411890965645432e-03 2.378849948776263871e-03 3.936866652405377788e-03
2.355500000000000149e+00 9.383459850452667518e-04 1.053224436033030603e-03 1.500766007190005051e-03 2.373110315125248702e-03 3.927475174775635521e-03
2.356199999999999850e+00 9.360931476786272859e-04 1.050672019677207887e-03 1.497120123414366838e-03 2.367370681474237001e-03 3.918083697145898457e-03
2.356899999999999995e+00 9.338546263985918715e-04 1.048135928873348199e-03 1.493497516680781373e-03 2.361667318143954343e-03 3.908750442485355546e-03
2.357600000000000140e+00 9.316555012666579393e-04 1.045644764024519519e-03 1.489938965566685748e-03 2.356063766372979221e-03 3.899577410431788373e-03
2.358299999999999841e+00 9.294563761347256333e-04 1.043153599175692357e-03 1.486380414452592507e-03 2.350460214602008002e-03 3.890404378378227706e-03
2.358999999999999986e+00 9.272572510027921348e-04 1.040662434326863678e-03 1.482821863338496882e-03 2.344856662831032879e-03 3.881231346324660533e-03
2.359700000000000131e+00 9.250581258708582026e-04 1.038171269478034998e-03 1.479263312224401257e-03 2.339253111060057757e-03 3.872058314271094228e-03
2.360399999999999832e+00 9.228590007389260051e-04 1.035680104629208053e-03 1.475704761110307800e-03 2.333649559289086538e-03 3.862885282217533127e-03
2.361099999999999977e+00 9.206598756069921813e-04 1.033188939780379156e-03 1.472146209996212174e-03 2.328046007518111415e-03 3.853712250163966388e-03
2.361800000000000122e+00 9.184607504750583575e-04 1.030697774931550693e-03 1.468587658882116549e-03 2.322442455747136727e-03 3.844539218110400083e-03
2.362499999999999822e+00 9.162616253431261600e-04 1.028206610082723531e-03 1.465029107768023309e-03 2.316838903976165508e-03 3.835366186056838982e-03
2.363199999999999967e+00 9.140625002111924446e-04 1.025715445233894851e-03 1.461470556653927900e-03 2.311235352205190819e-03 3.826193154003271809e-03
2.363900000000000112e+00 9.118762963006306734e-04 1.023239014422200853e-03 1.457933017592002089e-03 2.305664556714548830e-03 3.817072743312105356e-03
2.364599999999999813e+00 9.097295914082479664e-04 1.020807624244351184e-03 1.454459710494435381e-03 2.300193894243465157e-03 3.808113191419827594e-03
2.365299999999999958e+00 9.075828865158636332e-04 1.018376234066500213e-03 1.450986403396866070e-03 2.294723231772378448e-03 3.799153639527542026e-03
2.366000000000000103e+00 9.054361816234797336e-04 1.015944843888649243e-03 1.447513096299296977e-03 2.289252569301291739e-03 3.790194087635258627e-03
2.366699999999999804e+00 9.032894767310967014e-04 1.013513453710799790e-03 1.444039789201729835e-03 2.283781906830208066e-03 3.781234535742980865e-03
2.367399999999999949e+00 9.011427718387126935e-04 1.011082063532948603e-03 1.440566482104160741e-03 2.278311244359121357e-03 3.772274983850695731e-03
2.368100000000000094e+00 8.989960669463283602e-04 1.008650673355097633e-03 1.437093175006591431e-03 2.272840581888034648e-03 3.763315431958411898e-03
2.368799999999999795e+00 8.968493620539457617e-04 1.006219283177248180e-03 1.433619867909024506e-03 2.267369919416950975e-03 3.754355880066133268e-03
2.369499999999999940e+00 8.947026571615616453e-04 1.003787892999397210e-03 1.430146560811455412e-03 2.261899256945864266e-03 3.745396328173849002e-03
2.370200000000000085e+00 8.925559522691774205e-04 1.001356502821546023e-03 1.426673253713886102e-03 2.256428594474777123e-03 3.736436776281565168e-03
2.370899999999999785e+00 8.904208325910291637e-04 9.989383224122013166e-04 1.423218788580734749e-03 2.250987318738431782e-03 3.727524467541048266e-03
2.371599999999999930e+00 8.883252871845126377e-04 9.965652656368632380e-04 1.419828686264080651e-03 2.245646426007471066e-03 3.718773538062293375e-03
2.372300000000000075e+00 8.862297417779960032e-04 9.941922088615249425e-04 1.416438583947426553e-03 2.240305533276510351e-03 3.710022608583540219e-03
2.372999999999999776e+00 8.841341963714807782e-04 9.918191520861883818e-04 1.413048481630774407e-03 2.234964640545552671e-03 3.701271679104791400e-03
2.373699999999999921e+00 8.820386509649641438e-04 9.894460953108500864e-04 1.409658379314120309e-03 2.229623747814592390e-03 3.692520749626037376e-03
2.374400000000000066e+00 8.799431055584475093e-04 9.870730385355117910e-04 1.406268276997466428e-03 2.224282855083631241e-03 3.683769820147283353e-03
2.375099999999999767e+00 8.778475601519325012e-04 9.846999817601752303e-04 1.402878174680814499e-03 2.218941962352673995e-03 3.675018890668535401e-03
2.375799999999999912e+00 8.757520147454156498e-04 9.823269249848369349e-04 1.399488072364160184e-03 2.213601069621713279e-03 3.666267961189780943e-03
2.376500000000000057e+00 8.736564693388991238e-04 9.799538682094986394e-04 1.396097970047506303e-03 2.208260176890752564e-03 3.657517031711026920e-03
2.377199999999999758e+00 8.715609239323840072e-04 9.775808114341620787e-04 1.392707867730854157e-03 2.202919284159795318e-03 3.648766102232278968e-03
2.377899999999999903e+00 8.694756845570775607e-04 9.752195050917805089e-04 1.389334528987858823e-03 2.197604548396276444e-03 3.640057254181748927e-03
2.378600000000000048e+00 8.674300683697255517e-04 9.729033751712519267e-04 1.386025640489221486e-03 2.192390377284282165e-03 3.631510194923228286e-03
2.379300000000000193e+00 8.653844521823733258e-04 9.705872452507233444e-04 1.382716751990584149e-03 2.187176206172287453e-03 3.622963135664706777e-03
2.379999999999999893e+00 8.633388359950221842e-04 9.682711153301961715e-04 1.379407863491948980e-03 2.181962035060296210e-03 3.614416076406192207e-03
2.380700000000000038e+00 8.612932198076699583e-04 9.659549854096675893e-04 1.376098974993311642e-03 2.176747863948301932e-03 3.605869017147669831e-03
2.381400000000000183e+00 8.592476036203179493e-04 9.636388554891391154e-04 1.372790086494674088e-03 2.171533692836308087e-03 3.597321957889149189e-03
2.382099999999999884e+00 8.572019874329670245e-04 9.613227255686118342e-04 1.369481197996039136e-03 2.166319521724316844e-03 3.588774898630633751e-03
2.382800000000000029e+00 8.551563712456147987e-04 9.590065956480833603e-04 1.366172309497401798e-03 2.161105350612322566e-03 3.580227839372113110e-03
2.383500000000000174e+00 8.531107550582625728e-04 9.566904657275547780e-04 1.362863420998764461e-03 2.155891179500328287e-03 3.571680780113592468e-03
2.384199999999999875e+00 8.510651388709116480e-04 9.543743358070277136e-04 1.359554532500129292e-03 2.150677008388337044e-03 3.563133720855077031e-03
2.384900000000000020e+00 8.490286043857091670e-04 9.520685596753925440e-04 1.356260417771952206e-03 2.145485899670731503e-03 3.554623791054599240e-03
2.385600000000000165e+00 8.470317169012888097e-04 9.498079839554854440e-04 1.353030799289011137e-03 2.140395471943683584e-03 3.546275953296762051e-03
2.386299999999999866e+00 8.450348294168696451e-04 9.475474082355799703e-04 1.349801180806072236e-03 2.135305044216638699e-03 3.537928115538929632e-03
2.387000000000000011e+00 8.430379419324490710e-04 9.452868325156728703e-04 1.346571562323131167e-03 2.130214616489590779e-03 3.529580277781092009e-03
2.387700000000000156e+00 8.410410544480287137e-04 9.430262567957658788e-04 1.343341943840190098e-03 2.125124188762542859e-03 3.521232440023254386e-03
2.388399999999999856e+00 8.390441669636096575e-04 9.407656810758602967e-04 1.340112325357250981e-03 2.120033761035497975e-03 3.512884602265422401e-03
2.389100000000000001e+00 8.370472794791890834e-04 9.385051053559533051e-04 1.336882706874309911e-03 2.114943333308450055e-03 3.504536764507583911e-03
2.389800000000000146e+00 8.350503919947688345e-04 9.362445296360462051e-04 1.333653088391368842e-03 2.109852905581402135e-03 3.496188926749747156e-03
2.390499999999999847e+00 8.330535045103497783e-04 9.339839539161407314e-04 1.330423469908429942e-03 2.104762477854357251e-03 3.487841088991914303e-03
2.391199999999999992e+00 8.310566170259292042e-04 9.317233781962336314e-04 1.327193851425488872e-03 2.099672050127309331e-03 3.479493251234077548e-03
2.391900000000000137e+00 8.290676398603722156e-04 9.294718201405387801e-04 1.323977102481090290e-03 2.094601720961126057e-03 3.471177794155809026e-03
2.392599999999999838e+00 8.271183095941798871e-04 9.272654590524627427e-04 1.320824856284087646e-03 2.089632126750604058e-03 3.463024630604061467e-03
2.393299999999999983e+00 8.251689793279864743e-04 9.250590979643854043e-04 1.317672610087082833e-03 2.084662532540079456e-03 3.454871467052309138e-03
2.394000000000000128e+00 8.232196490617929531e-04 9.228527368763080659e-04 1.314520363890078021e-03 2.079692938329554420e-03 3.446718303500556808e-03
2.394699999999999829e+00 8.212703187956007329e-04 9.206463757882322454e-04 1.311368117693075376e-03 2.074723344119032854e-03 3.438565139948807949e-03
2.395399999999999974e+00 8.193209885294073201e-04 9.184400147001547986e-04 1.308215871496070564e-03 2.069753749908507818e-03 3.430411976397055619e-03
2.396100000000000119e+00 8.173716582632137989e-04 9.162336536120772434e-04 1.305063625299065751e-03 2.064784155697982782e-03 3.422258812845302856e-03
2.396799999999999820e+00 8.154223279970214703e-04 9.140272925240014229e-04 1.301911379102063107e-03 2.059814561487461650e-03 3.414105649293555731e-03
2.397499999999999964e+00 8.134729977308280575e-04 9.118209314359240845e-04 1.298759132905058294e-03 2.054844967276936180e-03 3.405952485741803402e-03
2.398200000000000109e+00 8.115236674646345363e-04 9.096145703478467461e-04 1.295606886708053698e-03 2.049875373066411145e-03 3.397799322190050205e-03
2.398899999999999810e+00 8.095811272317473542e-04 9.074159492140970382e-04 1.292465688463356223e-03 2.044923039994329169e-03 3.389673987338348397e-03
2.399599999999999955e+00 8.076782110288311702e-04 9.052624954850430712e-04 1.289388961830738789e-03 2.040071436305468822e-03 3.381711050106081962e-03
2.400300000000000100e+00 8.057752948259150946e-04 9.031090417559892126e-04 1.286312235198121571e-03 2.035219832616607608e-03 3.373748112873815527e-03
2.400999999999999801e+00 8.038723786229999948e-04 9.009555880269367635e-04 1.283235508565506089e-03 2.030368228927749864e-03 3.365785175641552562e-03
2.401699999999999946e+00 8.019694624200839192e-04 8.988021342978829049e-04 1.280158781932888654e-03 2.025516625238889083e-03 3.357822238409286560e-03
2.402400000000000091e+00 8.000665462171677351e-04 8.966486805688289380e-04 1.277082055300271437e-03 2.020665021550027869e-03 3.349859301177020125e-03
2.403099999999999792e+00 7.981636300142528522e-04 8.944952268397765973e-04 1.274005328667655737e-03 2.015813417861170558e-03 3.341896363944758027e-03
2.403799999999999937e+00 7.962607138113365597e-04 8.923417731107226303e-04 1.270928602035038520e-03 2.010961814172309778e-03 3.333933426712491592e-03
2.404500000000000082e+00 7.943577976084204842e-04 8.901883193816687717e-04 1.267851875402421303e-03 2.006110210483448564e-03 3.325970489480225157e-03
2.405199999999999783e+00 7.924548814055054928e-04 8.880348656526165394e-04 1.264775148769806037e-03 2.001258606794590819e-03 3.318007552247963492e-03
2.405899999999999928e+00 7.905576842583877982e-04 8.858879305438031697e-04 1.261707728311584585e-03 1.996421549027691325e-03 3.310068082308097615e-03
2.406600000000000072e+00 7.887000666085425011e-04 8.837861084258604241e-04 1.258704712488867630e-03 1.991685158276270112e-03 3.302291020931513200e-03
2.407299999999999773e+00 7.868424489586981797e-04 8.816842863079190880e-04 1.255701696666152193e-03 1.986948767524851500e-03 3.294513959554934424e-03
2.407999999999999918e+00 7.849848313088528826e-04 8.795824641899763425e-04 1.252698680843435022e-03 1.982212376773430287e-03 3.286736898178350009e-03
2.408700000000000063e+00 7.831272136590074770e-04 8.774806420720337053e-04 1.249695665020717850e-03 1.977475986022009073e-03 3.278959836801766028e-03
2.409399999999999764e+00 7.812695960091632641e-04 8.753788199540922608e-04 1.246692649198002847e-03 1.972739595270590895e-03 3.271182775425186817e-03
2.410099999999999909e+00 7.794119783593177501e-04 8.732769978361496236e-04 1.243689633375285675e-03 1.968003204519169682e-03 3.263405714048602836e-03
2.410800000000000054e+00 7.775543607094724530e-04 8.711751757182070949e-04 1.240686617552568287e-03 1.963266813767748468e-03 3.255628652672018421e-03
2.411499999999999755e+00 7.756967430596282400e-04 8.690733536002656504e-04 1.237683601729853066e-03 1.958530423016330291e-03 3.247851591295439645e-03
2.412199999999999900e+00 7.738391254097829429e-04 8.669715314823230132e-04 1.234680585907135895e-03 1.953794032264909077e-03 3.240074529918855230e-03
2.412900000000000045e+00 7.719862034132567294e-04 8.648750610510529688e-04 1.231685211537760991e-03 1.949069590340079660e-03 3.232316758934330580e-03
2.413600000000000190e+00 7.701727957823974006e-04 8.628236255680108878e-04 1.228754140719153431e-03 1.944445698918270855e-03 3.224721318418836708e-03
2.414299999999999891e+00 7.683593881515393730e-04 8.607721900849701077e-04 1.225823069900547607e-03 1.939821807496465086e-03 3.217125877903347173e-03
2.415000000000000036e+00 7.665459805206801527e-04 8.587207546019281351e-04 1.222891999081940047e-03 1.935197916074656499e-03 3.209530437387852868e-03
2.415700000000000180e+00 7.647325728898210408e-04 8.566693191188860541e-04 1.219960928263332488e-03 1.930574024652847477e-03 3.201934996872358562e-03
2.416399999999999881e+00 7.629191652589629048e-04 8.546178836358453825e-04 1.217029857444726663e-03 1.925950133231041491e-03 3.194339556356869027e-03
2.417100000000000026e+00 7.611057576281037929e-04 8.525664481528033014e-04 1.214098786626119104e-03 1.921326241809232904e-03 3.186744115841375156e-03
2.417800000000000171e+00 7.592923499972444642e-04 8.505150126697613288e-04 1.211167715807511544e-03 1.916702350387424099e-03 3.179148675325880417e-03
2.418499999999999872e+00 7.574789423663864365e-04 8.484635771867205488e-04 1.208236644988905503e-03 1.912078458965618113e-03 3.171553234810390882e-03
2.419200000000000017e+00 7.556655347355271078e-04 8.464121417036782509e-04 1.205305574170298160e-03 1.907454567543809092e-03 3.163957794294897010e-03
2.419900000000000162e+00 7.538558452524858405e-04 8.443649434608634791e-04 1.202380554472917305e-03 1.902840142006901507e-03 3.156377645873160217e-03
2.420599999999999863e+00 7.520855854300238959e-04 8.423626796725531933e-04 1.199519704805291839e-03 1.898326098877318969e-03 3.148959664771276007e-03
2.421300000000000008e+00 7.503153256075608670e-04 8.403604158842417149e-04 1.196658855137664639e-03 1.893812055747734046e-03 3.141541683669387026e-03
2.422000000000000153e+00 7.485450657850979466e-04 8.383581520959301281e-04 1.193798005470037438e-03 1.889298012618148906e-03 3.134123702567498046e-03
2.422699999999999854e+00 7.467748059626360020e-04 8.363558883076198424e-04 1.190937155802412190e-03 1.884783969488565934e-03 3.126705721465614270e-03
2.423399999999999999e+00 7.450045461401730816e-04 8.343536245193082556e-04 1.188076306134784989e-03 1.880269926358980794e-03 3.119287740363725723e-03
2.424100000000000144e+00 7.432342863177100528e-04 8.323513607309965603e-04 1.185215456467157789e-03 1.875755883229395654e-03 3.111869759261836309e-03
2.424799999999999844e+00 7.414640264952482166e-04 8.303490969426862746e-04 1.182354606799532323e-03 1.871241840099813116e-03 3.104451778159952099e-03
2.425499999999999989e+00 7.396937666727852962e-04 8.283468331543747962e-04 1.179493757131905339e-03 1.866727796970227759e-03 3.097033797058063552e-03
2.426200000000000134e+00 7.379235068503222673e-04 8.263445693660632094e-04 1.176632907464278139e-03 1.862213753840642185e-03 3.089615815956174572e-03
2.426899999999999835e+00 7.361560319424540703e-04 8.243454790053648690e-04 1.173776590388076607e-03 1.857706803955061362e-03 3.082209301502669436e-03
2.427599999999999980e+00 7.344278834043015949e-04 8.223912012891249155e-04 1.170984278996832061e-03 1.853300019272647280e-03 3.074964710023238464e-03
2.428300000000000125e+00 7.326997348661491195e-04 8.204369235728849619e-04 1.168191967605587082e-03 1.848893234590233848e-03 3.067720118543807491e-03
2.428999999999999826e+00 7.309715863279977284e-04 8.184826458566460926e-04 1.165399656214344271e-03 1.844486449907822585e-03 3.060475527064381290e-03
2.429699999999999971e+00 7.292434377898452530e-04 8.165283681404061390e-04 1.162607344823099508e-03 1.840079665225408502e-03 3.053230935584950751e-03
2.430400000000000116e+00 7.275152892516927776e-04 8.145740904241660770e-04 1.159815033431854745e-03 1.835672880542995071e-03 3.045986344105519779e-03
2.431099999999999817e+00 7.257871407135413865e-04 8.126198127079274245e-04 1.157022722040611717e-03 1.831266095860584024e-03 3.038741752626093143e-03
2.431799999999999962e+00 7.240589921753888027e-04 8.106655349916873626e-04 1.154230410649366954e-03 1.826859311178170159e-03 3.031497161146662605e-03
2.432500000000000107e+00 7.223308436372363273e-04 8.087112572754474090e-04 1.151438099258122192e-03 1.822452526495756510e-03 3.024252569667231633e-03
2.433199999999999807e+00 7.206026950990849361e-04 8.067569795592086481e-04 1.148645787866879164e-03 1.818045741813345247e-03 3.017007978187805431e-03
2.433899999999999952e+00 7.188764409416440035e-04 8.048048602968741047e-04 1.145856559832019936e-03 1.813643784293672307e-03 3.009771195168182024e-03
2.434600000000000097e+00 7.171893922284938456e-04 8.028974116457989439e-04 1.143131143868439652e-03 1.809341728055069041e-03 3.002696013316752659e-03
2.435299999999999798e+00 7.155023435153446635e-04 8.009899629947250842e-04 1.140405727904861321e-03 1.805039671816468594e-03 2.995620831465328499e-03
2.435999999999999943e+00 7.138152948021943972e-04 7.990825143436499235e-04 1.137680311941281037e-03 1.800737615577865328e-03 2.988545649613899135e-03
2.436700000000000088e+00 7.121282460890442393e-04 7.971750656925747627e-04 1.134954895977700754e-03 1.796435559339262279e-03 2.981470467762469771e-03
2.437399999999999789e+00 7.104411973758951657e-04 7.952676170415010114e-04 1.132229480014122422e-03 1.792133503100661615e-03 2.974395285911045610e-03
2.438099999999999934e+00 7.087541486627448994e-04 7.933601683904258507e-04 1.129504064050542139e-03 1.787831446862058350e-03 2.967320104059616246e-03
2.438800000000000079e+00 7.070670999495946331e-04 7.914527197393506899e-04 1.126778648086961855e-03 1.783529390623455300e-03 2.960244922208186882e-03
2.439499999999999780e+00 7.053800512364454510e-04 7.895452710882767218e-04 1.124053232123383306e-03 1.779227334384854637e-03 2.953169740356762288e-03
2.440199999999999925e+00 7.036930025232954015e-04 7.876378224372017779e-04 1.121327816159803240e-03 1.774925278146251371e-03 2.946094558505332923e-03
2.440900000000000070e+00 7.020069988336069978e-04 7.857315643669929338e-04 1.118604101181698042e-03 1.770625885916587332e-03 2.939023688735708031e-03
2.441599999999999770e+00 7.003600629441120769e-04 7.838698157045557394e-04 1.115943976891353067e-03 1.766426086636497432e-03 2.932114024485839125e-03
2.442299999999999915e+00 6.987131270546160719e-04 7.820080670421173524e-04 1.113283852601006357e-03 1.762226287356404497e-03 2.925204360235965449e-03
2.443000000000000060e+00 6.970661911651200669e-04 7.801463183796790738e-04 1.110623728310659863e-03 1.758026488076311778e-03 2.918294695986092206e-03
2.443699999999999761e+00 6.954192552756251460e-04 7.782845697172418795e-04 1.107963604020314888e-03 1.753826688796222095e-03 2.911385031736223299e-03
2.444399999999999906e+00 6.937723193861290326e-04 7.764228210548036009e-04 1.105303479729968178e-03 1.749626889516129376e-03 2.904475367486349623e-03
2.445100000000000051e+00 6.921253834966330275e-04 7.745610723923652139e-04 1.102643355439621685e-03 1.745427090236036441e-03 2.897565703236475946e-03
2.445800000000000196e+00 6.904784476071370225e-04 7.726993237299268269e-04 1.099983231149274758e-03 1.741227290955943939e-03 2.890656038986602703e-03
2.446499999999999897e+00 6.888315117176421016e-04 7.708375750674896325e-04 1.097323106858929783e-03 1.737027491675853822e-03 2.883746374736733797e-03
2.447200000000000042e+00 6.871845758281460966e-04 7.689758264050513539e-04 1.094662982568583290e-03 1.732827692395761537e-03 2.876836710486860120e-03
2.447900000000000187e+00 6.855378753075158735e-04 7.671143458679024075e-04 1.092003241401095105e-03 1.728628493372347599e-03 2.869928018451887476e-03
2.448599999999999888e+00 6.839300891060463459e-04 7.652971953786183012e-04 1.089406843212891883e-03 1.724528536786532453e-03 2.863180065947176865e-03
2.449300000000000033e+00 6.823223029045757341e-04 7.634800448893331107e-04 1.086810445024687143e-03 1.720428580200715138e-03 2.856432113442462350e-03
2.450000000000000178e+00 6.807145167031051223e-04 7.616628944000478118e-04 1.084214046836482186e-03 1.716328623614897389e-03 2.849684160937747835e-03
2.450699999999999878e+00 6.791067305016357030e-04 7.598457439107637055e-04 1.081617648648278964e-03 1.712228667029081809e-03 2.842936208433037223e-03
2.451400000000000023e+00 6.774989443001649828e-04 7.580285934214785150e-04 1.079021250460074008e-03 1.708128710443264061e-03 2.836188255928322709e-03
2.452100000000000168e+00 6.758911580986943710e-04 7.562114429321933244e-04 1.076424852271869051e-03 1.704028753857446312e-03 2.829440303423608194e-03
2.452799999999999869e+00 6.742833718972247349e-04 7.543942924429092181e-04 1.073828454083666046e-03 1.699928797271631166e-03 2.822692350918897582e-03
2.453500000000000014e+00 6.726755856957542315e-04 7.525771419536239192e-04 1.071232055895461090e-03 1.695828840685813417e-03 2.815944398414182634e-03
2.454200000000000159e+00 6.710677994942836197e-04 7.507599914643387287e-04 1.068635657707256350e-03 1.691728884099995668e-03 2.809196445909468119e-03
2.454899999999999860e+00 6.694600132928139836e-04 7.489428409750545140e-04 1.066039259519053128e-03 1.687628927514180522e-03 2.802448493404757941e-03
2.455600000000000005e+00 6.678899009216431298e-04 7.471686029082297287e-04 1.063504186639964823e-03 1.683625087792293626e-03 2.795856314894746338e-03
2.456300000000000150e+00 6.663203245602531072e-04 7.453949753840009157e-04 1.060969986275437120e-03 1.679622615586762960e-03 2.789266352681407830e-03
2.456999999999999851e+00 6.647507481988639520e-04 7.436213478597730785e-04 1.058435785910911368e-03 1.675620143381235765e-03 2.782676390468072792e-03
2.457699999999999996e+00 6.631811718374739295e-04 7.418477203355442655e-04 1.055901585546383881e-03 1.671617671175705099e-03 2.776086428254734284e-03
2.458400000000000141e+00 6.616115954760837985e-04 7.400740928113153441e-04 1.053367385181856394e-03 1.667615198970175301e-03 2.769496466041395776e-03
2.459099999999999842e+00 6.600420191146947517e-04 7.383004652870876153e-04 1.050833184817330209e-03 1.663612726764647238e-03 2.762906503828061171e-03
2.459799999999999986e+00 6.584724427533046208e-04 7.365268377628586939e-04 1.048298984452802722e-03 1.659610254559117223e-03 2.756316541614722664e-03
2.460500000000000131e+00 6.569028663919144898e-04 7.347532102386298810e-04 1.045764784088275235e-03 1.655607782353586991e-03 2.749726579401384156e-03
2.461199999999999832e+00 6.553332900305254430e-04 7.329795827144020438e-04 1.043230583723749267e-03 1.651605310148059362e-03 2.743136617188049117e-03
2.461899999999999977e+00 6.537637136691353120e-04 7.312059551901733392e-04 1.040696383359221563e-03 1.647602837942528913e-03 2.736546654974710609e-03
2.462600000000000122e+00 6.522301595301181277e-04 7.294733543912751287e-04 1.038220820822497933e-03 1.643692303877030293e-03 2.730105785796350763e-03
2.463299999999999823e+00 6.506978758844220601e-04 7.277422005930639414e-04 1.035747326424930762e-03 1.639785012443028753e-03 2.723670175086033863e-03
2.463999999999999968e+00 6.491655922387250168e-04 7.260110467948516699e-04 1.033273832027362072e-03 1.635877721009024828e-03 2.717234564375712192e-03
2.464700000000000113e+00 6.476333085930279735e-04 7.242798929966395068e-04 1.030800337629792949e-03 1.631970429575020686e-03 2.710798953665391389e-03
2.465399999999999814e+00 6.461010249473319060e-04 7.225487391984282111e-04 1.028326843232225778e-03 1.628063138141019580e-03 2.704363342955074054e-03
2.466099999999999959e+00 6.445687413016348627e-04 7.208175854002160481e-04 1.025853348834656871e-03 1.624155846707015438e-03 2.697927732244752384e-03
2.466800000000000104e+00 6.430364576559378193e-04 7.190864316020037766e-04 1.023379854437087965e-03 1.620248555273011513e-03 2.691492121534431146e-03
2.467499999999999805e+00 6.415041740102417518e-04 7.173552778037925893e-04 1.020906360039520793e-03 1.616341263839009973e-03 2.685056510824113812e-03
2.468199999999999950e+00 6.399718903645447085e-04 7.156241240055803178e-04 1.018432865641952104e-03 1.612433972405006265e-03 2.678620900113793009e-03
2.468900000000000095e+00 6.384396067188476652e-04 7.138929702073681547e-04 1.015959371244382981e-03 1.608526680971002340e-03 2.672185289403471338e-03
2.469599999999999795e+00 6.369417514193357428e-04 7.122010234653337142e-04 1.013541920632822111e-03 1.604707291873706332e-03 2.665892313189398028e-03
2.470299999999999940e+00 6.354458655379310395e-04 7.105113194998168361e-04 1.011127675915798061e-03 1.600892931088041329e-03 2.659607496152011866e-03
2.471000000000000085e+00 6.339499796565261193e-04 7.088216155342998495e-04 1.008713431198774010e-03 1.597078570302376327e-03 2.653322679114625705e-03
2.471699999999999786e+00 6.324540937751221750e-04 7.071319115687839472e-04 1.006299186481751477e-03 1.593264209516713709e-03 2.647037862077243880e-03
2.472399999999999931e+00 6.309582078937174716e-04 7.054422076032670691e-04 1.003884941764727427e-03 1.589449848731048923e-03 2.640753045039858152e-03
2.473100000000000076e+00 6.294623220123125515e-04 7.037525036377500825e-04 1.001470697047703376e-03 1.585635487945383920e-03 2.634468228002472424e-03
2.473799999999999777e+00 6.279664361309087155e-04 7.020627996722342886e-04 9.990564523306808432e-04 1.581821127159721519e-03 2.628183410965090165e-03
2.474499999999999922e+00 6.264705502495037954e-04 7.003730957067175189e-04 9.966422076136567925e-04 1.578006766374056517e-03 2.621898593927704437e-03
2.475200000000000067e+00 6.249746643680989837e-04 6.986833917412005324e-04 9.942279628966327418e-04 1.574192405588391514e-03 2.615613776890318275e-03
2.475899999999999768e+00 6.234787784866951477e-04 6.969936877756846300e-04 9.918137181796102091e-04 1.570378044802729113e-03 2.609328959852936450e-03
2.476599999999999913e+00 6.220157829764998928e-04 6.953414351378237046e-04 9.894530137371368092e-04 1.566647689149333958e-03 2.603180534773780457e-03
2.477300000000000058e+00 6.205554215436524801e-04 6.936921818487144569e-04 9.870965971521495838e-04 1.562924061179692212e-03 2.597043032860109867e-03
2.477999999999999758e+00 6.190950601108060431e-04 6.920429285596062935e-04 9.847401805671632258e-04 1.559200433210052635e-03 2.590905530946443613e-03
2.478699999999999903e+00 6.176346986779588473e-04 6.903936752704969374e-04 9.823837639821757835e-04 1.555476805240411107e-03 2.584768029032773022e-03
2.479400000000000048e+00 6.161743372451114345e-04 6.887444219813877982e-04 9.800273473971881245e-04 1.551753177270769144e-03 2.578630527119102865e-03
2.480100000000000193e+00 6.147139758122640218e-04 6.870951686922785505e-04 9.776709308122004654e-04 1.548029549301127399e-03 2.572493025205432274e-03
2.480799999999999894e+00 6.132536143794176933e-04 6.854459154031703871e-04 9.753145142272145410e-04 1.544305921331488038e-03 2.566355523291766021e-03
2.481500000000000039e+00 6.117932529465703890e-04 6.837966621140610310e-04 9.729580976422268820e-04 1.540582293361845859e-03 2.560218021378095430e-03
2.482200000000000184e+00 6.103328915137229763e-04 6.821474088249517833e-04 9.706016810572393313e-04 1.536858665392204330e-03 2.554080519464425273e-03
2.482899999999999885e+00 6.088725300808766477e-04 6.804981555358435115e-04 9.682452644722530817e-04 1.533135037422564970e-03 2.547943017550759019e-03
2.483600000000000030e+00 6.074435751697445599e-04 6.788846597609309334e-04 9.659399723551558882e-04 1.529491651775974782e-03 2.541935874798930718e-03
2.484300000000000175e+00 6.060178859810032249e-04 6.772748821346181265e-04 9.636399962778612830e-04 1.525856609910764168e-03 2.535942287092692298e-03
2.484999999999999876e+00 6.045921967922628657e-04 6.756651045083066206e-04 9.613400202005681957e-04 1.522221568045555723e-03 2.529948699386457781e-03
2.485700000000000021e+00 6.031665076035215307e-04 6.740553268819940306e-04 9.590400441232738073e-04 1.518586526180345109e-03 2.523955111680219361e-03
2.486400000000000166e+00 6.017408184147801957e-04 6.724455492556812236e-04 9.567400680459792021e-04 1.514951484315134496e-03 2.517961523973981375e-03
2.487099999999999866e+00 6.003151292260398364e-04 6.708357716293697178e-04 9.544400919686860064e-04 1.511316442449926051e-03 2.511967936267747292e-03
2.487800000000000011e+00 5.988894400372985014e-04 6.692259940030570193e-04 9.521401158913914012e-04 1.507681400584715437e-03 2.505974348561508438e-03
2.488500000000000156e+00 5.974637508485571664e-04 6.676162163767444292e-04 9.498401398140970129e-04 1.504046358719504607e-03 2.499980760855270451e-03
2.489199999999999857e+00 5.960380616598168072e-04 6.660064387504328149e-04 9.475401637368040340e-04 1.500411316854296379e-03 2.493987173149035935e-03
2.489900000000000002e+00 5.946123724710754722e-04 6.643966611241202249e-04 9.452401876595094288e-04 1.496776274989085765e-03 2.487993585442797948e-03
2.490600000000000147e+00 5.932166583575262985e-04 6.628210071480831935e-04 9.429890052041186915e-04 1.493217842944428260e-03 2.482124527742498189e-03
2.491299999999999848e+00 5.918248098079734090e-04 6.612497537332816646e-04 9.407441151388842978e-04 1.489669290446767654e-03 2.476271529341610850e-03
2.491999999999999993e+00 5.904329612584195437e-04 6.596785003184792683e-04 9.384992250736487115e-04 1.486120737949104447e-03 2.470418530940720041e-03
2.492700000000000138e+00 5.890411127088658952e-04 6.581072469036768719e-04 9.362543350084131253e-04 1.482572185451441456e-03 2.464565532539828366e-03
2.493399999999999839e+00 5.876492641593127888e-04 6.565359934888754514e-04 9.340094449431787316e-04 1.479023632953780634e-03 2.458712534138941027e-03
2.494099999999999984e+00 5.862574156097591404e-04 6.549647400740729467e-04 9.317645548779431453e-04 1.475475080456117643e-03 2.452859535738049785e-03
2.494800000000000129e+00 5.848655670602052751e-04 6.533934866592704420e-04 9.295196648127073422e-04 1.471926527958454653e-03 2.447006537337158977e-03
2.495499999999999829e+00 5.834737185106523855e-04 6.518222332444691298e-04 9.272747747474729485e-04 1.468377975460793830e-03 2.441153538936271638e-03
2.496199999999999974e+00 5.820818699610985202e-04 6.502509798296667335e-04 9.250298846822374707e-04 1.464829422963130840e-03 2.435300540535380396e-03
2.496900000000000119e+00 5.806900214115447633e-04 6.486797264148641204e-04 9.227849946170016675e-04 1.461280870465467849e-03 2.429447542134488720e-03
2.497599999999999820e+00 5.793267672228194715e-04 6.471410208288058599e-04 9.205866496234984793e-04 1.457805421616497309e-03 2.423713442277752698e-03
2.498299999999999965e+00 5.779679478076475566e-04 6.456073631698895339e-04 9.183955234258411003e-04 1.454341310601928129e-03 2.417997782704480077e-03
2.499000000000000110e+00 5.766091283924755333e-04 6.440737055109730996e-04 9.162043972281835045e-04 1.450877199587358949e-03 2.412282123131208322e-03
2.499699999999999811e+00 5.752503089773044857e-04 6.425400478520577495e-04 9.140132710305274265e-04 1.447413088572792154e-03 2.406566463557939604e-03
2.500399999999999956e+00 5.738914895621324624e-04 6.410063901931413151e-04 9.118221448328698306e-04 1.443948977558222758e-03 2.400850803984667416e-03
2.501100000000000101e+00 5.725326701469605475e-04 6.394727325342249892e-04 9.096310186352122348e-04 1.440484866543653578e-03 2.395135144411395228e-03
2.501799999999999802e+00 5.711738507317892831e-04 6.379390748753096391e-04 9.074398924375561568e-04 1.437020755529086567e-03 2.389419484838126509e-03
2.502499999999999947e+00 5.698150313166173682e-04 6.364054172163932047e-04 9.052487662398985609e-04 1.433556644514517387e-03 2.383703825264854321e-03
2.503200000000000092e+00 5.684562119014454533e-04 6.348717595574768788e-04 9.030576400422411819e-04 1.430092533499948207e-03 2.377988165691582133e-03
2.503899999999999793e+00 5.670973924862744058e-04 6.333381018985614203e-04 9.008665138445851039e-04 1.426628422485381196e-03 2.372272506118313414e-03
2.504599999999999937e+00 5.657658358291349368e-04 6.318354724388358526e-04 8.987197638766072309e-04 1.423234031411877440e-03 2.366670305526780930e-03
2.505300000000000082e+00 5.644392536562810054e-04 6.303385045225647120e-04 8.965811109931916614e-04 1.419852361749421527e-03 2.361088807166514085e-03
2.505999999999999783e+00 5.631126714834279413e-04 6.288415366062943303e-04 8.944424581097777183e-04 1.416470692086967999e-03 2.355507308806251143e-03
2.506699999999999928e+00 5.617860893105740099e-04 6.273445686900231896e-04 8.923038052263625826e-04 1.413089022424511652e-03 2.349925810445983865e-03
2.507400000000000073e+00 5.604595071377201868e-04 6.258476007737518321e-04 8.901651523429470131e-04 1.409707352762055738e-03 2.344344312085716586e-03
2.508099999999999774e+00 5.591329249648671227e-04 6.243506328574814504e-04 8.880264994595330700e-04 1.406325683099601993e-03 2.338762813725453211e-03
2.508799999999999919e+00 5.578063427920131913e-04 6.228536649412103098e-04 8.858878465761175006e-04 1.402944013437145863e-03 2.333181315365186366e-03
2.509500000000000064e+00 5.564797606191593683e-04 6.213566970249390607e-04 8.837491936927022564e-04 1.399562343774689733e-03 2.327599817004919521e-03
2.510199999999999765e+00 5.551531784463063042e-04 6.198597291086687874e-04 8.816105408092882048e-04 1.396180674112236205e-03 2.322018318644656146e-03
2.510899999999999910e+00 5.538265962734524811e-04 6.183627611923974299e-04 8.794718879258728523e-04 1.392799004449780075e-03 2.316436820284389301e-03
2.511600000000000055e+00 5.525259927955910710e-04 6.168953562424878828e-04 8.773755196256134876e-04 1.389483789725632062e-03 2.310963527596594097e-03
2.512299999999999756e+00 5.512308751101198867e-04 6.154341939578060776e-04 8.752880803514099866e-04 1.386182607961759404e-03 2.305513084164882449e-03
2.512999999999999901e+00 5.499357574246477266e-04 6.139730316731232965e-04 8.732006410772054014e-04 1.382881426197885228e-03 2.300062640733167765e-03
2.513700000000000045e+00 5.486406397391756749e-04 6.125118693884405155e-04 8.711132018030009246e-04 1.379580244434010835e-03 2.294612197301453081e-03
2.514400000000000190e+00 5.473455220537036233e-04 6.110507071037578428e-04 8.690257625287961226e-04 1.376279062670136442e-03 2.289161753869738396e-03
2.515099999999999891e+00 5.460504043682323306e-04 6.095895448190760376e-04 8.669383232545927300e-04 1.372977880906264218e-03 2.283711310438026314e-03
2.515800000000000036e+00 5.447552866827602789e-04 6.081283825343932565e-04 8.648508839803881448e-04 1.369676699142389825e-03 2.278260867006311630e-03
2.516500000000000181e+00 5.434601689972882272e-04 6.066672202497105839e-04 8.627634447061835596e-04 1.366375517378515432e-03 2.272810423574596946e-03
2.517199999999999882e+00 5.421650513118167177e-04 6.052060579650286702e-04 8.606760054319803838e-04 1.363074335614642991e-03 2.267359980142885298e-03
2.517900000000000027e+00 5.408699336263446660e-04 6.037448956803458892e-04 8.585885661577755817e-04 1.359773153850768815e-03 2.261909536711170614e-03
2.518600000000000172e+00 5.395995565881401418e-04 6.023118837842612828e-04 8.565413945762406561e-04 1.356535277072339974e-03 2.256562226394981472e-03
2.519299999999999873e+00 5.383351493081076815e-04 6.008856643948791779e-04 8.545039393285105370e-04 1.353312675377466370e-03 2.251239801432542223e-03
2.520000000000000018e+00 5.370707420280744623e-04 5.994594450054962055e-04 8.524664840807787917e-04 1.350090073682590599e-03 2.245917376470099071e-03
2.520700000000000163e+00 5.358063347480412431e-04 5.980332256161131248e-04 8.504290288330474800e-04 1.346867471987715044e-03 2.240594951507656352e-03
2.521399999999999864e+00 5.345419274680089997e-04 5.966070062267310199e-04 8.483915735853170357e-04 1.343644870292841223e-03 2.235272526545217537e-03
2.522100000000000009e+00 5.332775201879756720e-04 5.951807868373479391e-04 8.463541183375856156e-04 1.340422268597965668e-03 2.229950101582774385e-03
2.522800000000000153e+00 5.320131129079424528e-04 5.937545674479648584e-04 8.443166630898538702e-04 1.337199666903089897e-03 2.224627676620331666e-03
2.523499999999999854e+00 5.307487056279102094e-04 5.923283480585827534e-04 8.422792078421238596e-04 1.333977065208216076e-03 2.219305251657892417e-03
2.524199999999999999e+00 5.294842983478768817e-04 5.909021286691996727e-04 8.402417525943921143e-04 1.330754463513340305e-03 2.213982826695449265e-03
2.524900000000000144e+00 5.282198910678437710e-04 5.894759092798167004e-04 8.382042973466606942e-04 1.327531861818464533e-03 2.208660401733006547e-03
2.525599999999999845e+00 5.269790309242384412e-04 5.880764786667707017e-04 8.362051652887935241e-04 1.324369526652941463e-03 2.203436212723007201e-03
2.526299999999999990e+00 5.257445981877692564e-04 5.866843602962441969e-04 8.342164938975459455e-04 1.321223641790070583e-03 2.198238838118389289e-03
2.527000000000000135e+00 5.245101654513000715e-04 5.852922419257176921e-04 8.322278225062988005e-04 1.318077756927199919e-03 2.193041463513771376e-03
2.527699999999999836e+00 5.232757327148316456e-04 5.839001235551920547e-04 8.302391511150525229e-04 1.314931872064330990e-03 2.187844088909156933e-03
2.528399999999999981e+00 5.220412999783625692e-04 5.825080051846655499e-04 8.282504797238049443e-04 1.311785987201459893e-03 2.182646714304539454e-03
2.529100000000000126e+00 5.208068672418932760e-04 5.811158868141391536e-04 8.262618083325573657e-04 1.308640102338589229e-03 2.177449339699921542e-03
2.529799999999999827e+00 5.195724345054248501e-04 5.797237684436135161e-04 8.242731369413110881e-04 1.305494217475720300e-03 2.172251965095307099e-03
2.530499999999999972e+00 5.183380017689557737e-04 5.783316500730870113e-04 8.222844655500637263e-04 1.302348332612849420e-03 2.167054590490689620e-03
2.531200000000000117e+00 5.171035690324864804e-04 5.769395317025605065e-04 8.202957941588162561e-04 1.299202447749978539e-03 2.161857215886071708e-03
2.531899999999999817e+00 5.158691362960181629e-04 5.755474133320348691e-04 8.183071227675699786e-04 1.296056562887109610e-03 2.156659841281457265e-03
2.532599999999999962e+00 5.146571002882784030e-04 5.741807714521430335e-04 8.163549001519272100e-04 1.292968014140442531e-03 2.151555975640929031e-03
2.533300000000000107e+00 5.134519240115894114e-04 5.728219325811627349e-04 8.144138411665088938e-04 1.289897026455544705e-03 2.146480750180501575e-03
2.533999999999999808e+00 5.122467477349011786e-04 5.714630937101834122e-04 8.124727821810917702e-04 1.286826038770648830e-03 2.141405524720077155e-03
2.534699999999999953e+00 5.110415714582120785e-04 5.701042548392032221e-04 8.105317231956735624e-04 1.283755051085751003e-03 2.136330299259649266e-03
2.535400000000000098e+00 5.098363951815230869e-04 5.687454159682230320e-04 8.085906642102552461e-04 1.280684063400853176e-03 2.131255073799221376e-03
2.536099999999999799e+00 5.086312189048347457e-04 5.673865770972436008e-04 8.066496052248381225e-04 1.277613075715957301e-03 2.126179848338797390e-03
2.536799999999999944e+00 5.074260426281457540e-04 5.660277382262635191e-04 8.047085462394199147e-04 1.274542088031059475e-03 2.121104622878369501e-03
2.537500000000000089e+00 5.062208663514567624e-04 5.646688993552831121e-04 8.027674872540015985e-04 1.271471100346161648e-03 2.116029397417941611e-03
2.538199999999999790e+00 5.050156900747684212e-04 5.633100604843037894e-04 8.008264282685845833e-04 1.268400112661265773e-03 2.110954171957517625e-03
2.538899999999999935e+00 5.038105137980794295e-04 5.619512216133235993e-04 7.988853692831662670e-04 1.265329124976367946e-03 2.105878946497090169e-03
2.539600000000000080e+00 5.026266255552104371e-04 5.606165946840870225e-04 7.969789525158640876e-04 1.262312647680515799e-03 2.100892668104365705e-03
2.540299999999999780e+00 5.014500050013078174e-04 5.592902336596938546e-04 7.950843625273287330e-04 1.259314780114259092e-03 2.095936756049274468e-03
2.540999999999999925e+00 5.002733844474043304e-04 5.579638726352998193e-04 7.931897725387920773e-04 1.256316912548000216e-03 2.090980843994180629e-03
2.541700000000000070e+00 4.990967638935008433e-04 5.566375116109056756e-04 7.912951825502554217e-04 1.253319044981741556e-03 2.086024931939086356e-03
2.542399999999999771e+00 4.979201433395982236e-04 5.553111505865126162e-04 7.894005925617200671e-04 1.250321177415484849e-03 2.081069019883995553e-03
2.543099999999999916e+00 4.967435227856947366e-04 5.539847895621185809e-04 7.875060025731834114e-04 1.247323309849226189e-03 2.076113107828901714e-03
2.543800000000000061e+00 4.955669022317912495e-04 5.526584285377246540e-04 7.856114125846466473e-04 1.244325442282967530e-03 2.071157195773807441e-03
2.544499999999999762e+00 4.943902816778886298e-04 5.513320675133313777e-04 7.837168225961112927e-04 1.241327574716710605e-03 2.066201283718716204e-03
2.545199999999999907e+00 4.932136611239851427e-04 5.500057064889374509e-04 7.818222326075746371e-04 1.238329707150451946e-03 2.061245371663622365e-03
2.545900000000000052e+00 4.920370405700816557e-04 5.486793454645434156e-04 7.799276426190379814e-04 1.235331839584193287e-03 2.056289459608528093e-03
2.546599999999999753e+00 4.908806397196699943e-04 5.473759780278640011e-04 7.780659539816534237e-04 1.232385758103282094e-03 2.051418092867349392e-03
2.547299999999999898e+00 4.897318910774846714e-04 5.460813125843240034e-04 7.762167169605871820e-04 1.229459275223729027e-03 2.046578722557123361e-03
2.548000000000000043e+00 4.885831424352994569e-04 5.447866471407840057e-04 7.743674799395208318e-04 1.226532792344176177e-03 2.041739352246897329e-03
2.548700000000000188e+00 4.874343937931141339e-04 5.434919816972440081e-04 7.725182429184545901e-04 1.223606309464622894e-03 2.036899981936671298e-03
2.549399999999999888e+00 4.862856451509295699e-04 5.421973162537048778e-04 7.706690058973894326e-04 1.220679826585071778e-03 2.032060611626448302e-03
2.550100000000000033e+00 4.851368965087444096e-04 5.409026508101648801e-04 7.688197688763230824e-04 1.217753343705518711e-03 2.027221241316222271e-03
2.550800000000000178e+00 4.839881478665590867e-04 5.396079853666249909e-04 7.669705318552568407e-04 1.214826860825965645e-03 2.022381871005996239e-03
2.551499999999999879e+00 4.828393992243745769e-04 5.383133199230857521e-04 7.651212948341916831e-04 1.211900377946414529e-03 2.017542500695773244e-03
2.552200000000000024e+00 4.816906505821893082e-04 5.370186544795458629e-04 7.632720578131254414e-04 1.208973895066861245e-03 2.012703130385547212e-03
2.552900000000000169e+00 4.805419019400039853e-04 5.357239890360057568e-04 7.614228207920591997e-04 1.206047412187308395e-03 2.007863760075321181e-03
2.553599999999999870e+00 4.794123437282661973e-04 5.344511435255028123e-04 7.596048078432093061e-04 1.203170089342392576e-03 2.003104688648938998e-03
2.554300000000000015e+00 4.782907997019697683e-04 5.331874103165795036e-04 7.577998344926983312e-04 1.200313296398302330e-03 1.998379151131430068e-03
2.555000000000000160e+00 4.771692556756735020e-04 5.319236771076560864e-04 7.559948611421872479e-04 1.197456503454212085e-03 1.993653613613921138e-03
2.555699999999999861e+00 4.760477116493777236e-04 5.306599438987336451e-04 7.541898877916774655e-04 1.194599710510124008e-03 1.988928076096415243e-03
2.556400000000000006e+00 4.749261676230814573e-04 5.293962106898102279e-04 7.523849144411663822e-04 1.191742917566033979e-03 1.984202538578906314e-03
2.557100000000000151e+00 4.738046235967850826e-04 5.281324774808869192e-04 7.505799410906554073e-04 1.188886124621943950e-03 1.979477001061397384e-03
2.557799999999999851e+00 4.726830795704895210e-04 5.268687442719643694e-04 7.487749677401456250e-04 1.186029331677855873e-03 1.974751463543891923e-03
2.558499999999999996e+00 4.715615355441930378e-04 5.256050110630411691e-04 7.469699943896345416e-04 1.183172538733765627e-03 1.970025926026382993e-03
2.559200000000000141e+00 4.704399915178967173e-04 5.243412778541177519e-04 7.451650210391235667e-04 1.180315745789675382e-03 1.965300388508874063e-03
2.559899999999999842e+00 4.693184474916010473e-04 5.230775446451952021e-04 7.433600476886136760e-04 1.177458952845587522e-03 1.960574850991368169e-03
2.560599999999999987e+00 4.682151024124343430e-04 5.218345009635990458e-04 7.415846826789328000e-04 1.174648789057687603e-03 1.955925516560088392e-03
2.561300000000000132e+00 4.671201118206925844e-04 5.206009551059512198e-04 7.398229098023232199e-04 1.171860031052015605e-03 1.951311164247341049e-03
2.561999999999999833e+00 4.660251212289515848e-04 5.193674092483041528e-04 7.380611369257146157e-04 1.169071273046345559e-03 1.946696811934596743e-03
2.562699999999999978e+00 4.649301306372099888e-04 5.181338633906563268e-04 7.362993640491050356e-04 1.166282515040673344e-03 1.942082459621849401e-03
2.563400000000000123e+00 4.638351400454682302e-04 5.169003175330083924e-04 7.345375911724953471e-04 1.163493757035001346e-03 1.937468107309101841e-03
2.564099999999999824e+00 4.627401494537272306e-04 5.156667716753615422e-04 7.327758182958868513e-04 1.160704999029331299e-03 1.932853754996357101e-03
2.564799999999999969e+00 4.616451588619856347e-04 5.144332258177136078e-04 7.310140454192772712e-04 1.157916241023659301e-03 1.928239402683609759e-03
2.565500000000000114e+00 4.605501682702438761e-04 5.131996799600658903e-04 7.292522725426676912e-04 1.155127483017987086e-03 1.923625050370862417e-03
2.566199999999999815e+00 4.594551776785028765e-04 5.119661341024187148e-04 7.274904996660590869e-04 1.152338725012316822e-03 1.919010698058117893e-03
2.566899999999999959e+00 4.583601870867612263e-04 5.107325882447708888e-04 7.257287267894493984e-04 1.149549967006645041e-03 1.914396345745370768e-03
2.567600000000000104e+00 4.572824405195785960e-04 5.095186433511592755e-04 7.239950060896813405e-04 1.146805399457724800e-03 1.909854246787231818e-03
2.568299999999999805e+00 4.562133679045091215e-04 5.083145579786149714e-04 7.222753959728436856e-04 1.144083060240967762e-03 1.905348492136986396e-03
2.568999999999999950e+00 4.551442952894390508e-04 5.071104726060696915e-04 7.205557858560048380e-04 1.141360721024208989e-03 1.900842737486738154e-03
2.569700000000000095e+00 4.540752226743688174e-04 5.059063872335245200e-04 7.188361757391660990e-04 1.138638381807449999e-03 1.896336982836489696e-03
2.570399999999999796e+00 4.530061500592994514e-04 5.047023018609802158e-04 7.171165656223284441e-04 1.135916042590692961e-03 1.891831228186244274e-03
2.571099999999999941e+00 4.519370774442292181e-04 5.034982164884349359e-04 7.153969555054895966e-04 1.133193703373934404e-03 1.887325473535996249e-03
2.571800000000000086e+00 4.508680048291590389e-04 5.022941311158897644e-04 7.136773453886507490e-04 1.130471364157175414e-03 1.882819718885748008e-03
2.572499999999999787e+00 4.497989322140896729e-04 5.010900457433453518e-04 7.119577352718130941e-04 1.127749024940418376e-03 1.878313964235503019e-03
2.573199999999999932e+00 4.487298595990194395e-04 4.998859603708001803e-04 7.102381251549742466e-04 1.125026685723659603e-03 1.873808209585254561e-03
2.573900000000000077e+00 4.476607869839494230e-04 4.986818749982550088e-04 7.085185150381355075e-04 1.122304346506900830e-03 1.869302454935006536e-03
2.574599999999999778e+00 4.466080388400921436e-04 4.974963425049105503e-04 7.068254585800615207e-04 1.119623848318451222e-03 1.864865145529268813e-03
2.575299999999999923e+00 4.455642640856895330e-04 4.963210083333616501e-04 7.051469983878284930e-04 1.116966349701460767e-03 1.860465459751721451e-03
2.576000000000000068e+00 4.445204893312867055e-04 4.951456741618126415e-04 7.034685381955955736e-04 1.114308851084470312e-03 1.856065773974173438e-03
2.576699999999999768e+00 4.434767145768846370e-04 4.939703399902643918e-04 7.017900780033636300e-04 1.111651352467481809e-03 1.851666088196629329e-03
2.577399999999999913e+00 4.424329398224820264e-04 4.927950058187154916e-04 7.001116178111307107e-04 1.108993853850491354e-03 1.847266402419081533e-03
2.578100000000000058e+00 4.413891650680793074e-04 4.916196716471664830e-04 6.984331576188976829e-04 1.106336355233500900e-03 1.842866716641533955e-03
2.578799999999999759e+00 4.403453903136773473e-04 4.904443374756182333e-04 6.967546974266658477e-04 1.103678856616512396e-03 1.838467030863988978e-03
2.579499999999999904e+00 4.393016155592745198e-04 4.892690033040692247e-04 6.950762372344328199e-04 1.101021357999521942e-03 1.834067345086441182e-03
2.580200000000000049e+00 4.382578408048718008e-04 4.880936691325203245e-04 6.933977770421999006e-04 1.098363859382531487e-03 1.829667659308893603e-03
2.580900000000000194e+00 4.372140660504691902e-04 4.869183349609714244e-04 6.917193168499668728e-04 1.095706360765541249e-03 1.825267973531345808e-03
2.581599999999999895e+00 4.361857304280019492e-04 4.857605447396471732e-04 6.900659675799051011e-04 1.093088440194455845e-03 1.820933062184495023e-03
2.582300000000000040e+00 4.351666483878155662e-04 4.846132696423344514e-04 6.884276687663994912e-04 1.090494241080368354e-03 1.816636973973987127e-03
2.583000000000000185e+00 4.341475663476291290e-04 4.834659945450217296e-04 6.867893699528937728e-04 1.087900041966281296e-03 1.812340885763479015e-03
2.583699999999999886e+00 4.331284843074432881e-04 4.823187194477098752e-04 6.851510711393890302e-04 1.085305842852195540e-03 1.808044797552973287e-03
2.584400000000000031e+00 4.321094022672569051e-04 4.811714443503972076e-04 6.835127723258834203e-04 1.082711643738108048e-03 1.803748709342465175e-03
2.585100000000000176e+00 4.310903202270704678e-04 4.800241692530845942e-04 6.818744735123778104e-04 1.080117444624020774e-03 1.799452621131956845e-03
2.585799999999999876e+00 4.300712381868847895e-04 4.788768941557726855e-04 6.802361746988730678e-04 1.077523245509935017e-03 1.795156532921451335e-03
2.586500000000000021e+00 4.290521561466983523e-04 4.777296190584600722e-04 6.785978758853674579e-04 1.074929046395847743e-03 1.790860444710943439e-03
2.587200000000000166e+00 4.280330741065118067e-04 4.765823439611474046e-04 6.769595770718617395e-04 1.072334847281760468e-03 1.786564356500435326e-03
2.587899999999999867e+00 4.270139920663261284e-04 4.754350688638356043e-04 6.753212782583569969e-04 1.069740648167674711e-03 1.782268268289929599e-03
2.588600000000000012e+00 4.260094969130184708e-04 4.743043666612165705e-04 6.737067016029741132e-04 1.067183847819111117e-03 1.778033416783896068e-03
2.589300000000000157e+00 4.250145170468469405e-04 4.731844752541428177e-04 6.721075993355056163e-04 1.064651443354018871e-03 1.773838511075152054e-03
2.589999999999999858e+00 4.240195371806760607e-04 4.720645838470697696e-04 6.705084970680382037e-04 1.062119038888927709e-03 1.769643605366411077e-03
2.590700000000000003e+00 4.230245573145045845e-04 4.709446924399960169e-04 6.689093948005698153e-04 1.059586634423835246e-03 1.765448699657667497e-03
2.591400000000000148e+00 4.220295774483330542e-04 4.698248010329222099e-04 6.673102925331013185e-04 1.057054229958742783e-03 1.761253793948923483e-03
2.592099999999999849e+00 4.210345975821621744e-04 4.687049096258492703e-04 6.657111902656337975e-04 1.054521825493651621e-03 1.757058888240182071e-03
2.592799999999999994e+00 4.200396177159906983e-04 4.675850182187755175e-04 6.641120879981654091e-04 1.051989421028559158e-03 1.752863982531438491e-03
2.593500000000000139e+00 4.190446378498191679e-04 4.664651268117017647e-04 6.625129857306969123e-04 1.049457016563466695e-03 1.748669076822694695e-03
2.594199999999999839e+00 4.180496579836483423e-04 4.653452354046287167e-04 6.609138834632294996e-04 1.046924612098375966e-03 1.744474171113953500e-03
2.594899999999999984e+00 4.170546781174768120e-04 4.642253439975549639e-04 6.593147811957610028e-04 1.044392207633283286e-03 1.740279265405209703e-03
2.595600000000000129e+00 4.160734649017782468e-04 4.631210910597071784e-04 6.577380645399307424e-04 1.041895103690182673e-03 1.736142187667483747e-03
2.596299999999999830e+00 4.151020109211758400e-04 4.620279242969621016e-04 6.561772171361873697e-04 1.039423024432194805e-03 1.732046104416063576e-03
2.596999999999999975e+00 4.141305569405730538e-04 4.609347575342163201e-04 6.546163697324430212e-04 1.036950945174204986e-03 1.727950021164641236e-03
2.597700000000000120e+00 4.131591029599700508e-04 4.598415907714704844e-04 6.530555223286986727e-04 1.034478865916215384e-03 1.723853937913218245e-03
2.598399999999999821e+00 4.121876489793677525e-04 4.587484240087254077e-04 6.514946749249554084e-04 1.032006786658227517e-03 1.719757854661798074e-03
2.599099999999999966e+00 4.112161949987648579e-04 4.576552572459795720e-04 6.499338275212109516e-04 1.029534707400237697e-03 1.715661771410375951e-03
2.599800000000000111e+00 4.102447410181618548e-04 4.565620904832337363e-04 6.483729801174668199e-04 1.027062628142248095e-03 1.711565688158953177e-03
2.600499999999999812e+00 4.092732870375596107e-04 4.554689237204886053e-04 6.468121327137234472e-04 1.024590548884260011e-03 1.707469604907533439e-03
2.601199999999999957e+00 4.083018330569566619e-04 4.543757569577428781e-04 6.452512853099789903e-04 1.022118469626270409e-03 1.703373521656110882e-03
2.601900000000000102e+00 4.073303790763537131e-04 4.532825901949970424e-04 6.436904379062347503e-04 1.019646390368280807e-03 1.699277438404688109e-03
2.602599999999999802e+00 4.063719024661732325e-04 4.522041629005957861e-04 6.421506900826848665e-04 1.017207591837232658e-03 1.695235899400003923e-03
2.603299999999999947e+00 4.054234119885508298e-04 4.511370776793519922e-04 6.406271784609140737e-04 1.014794402943579614e-03 1.691236332386598972e-03
2.604000000000000092e+00 4.044749215109284812e-04 4.500699924581080900e-04 6.391036668391433893e-04 1.012381214049926786e-03 1.687236765373194671e-03
2.604699999999999793e+00 4.035264310333066206e-04 4.490029072368650551e-04 6.375801552173735723e-04 1.009968025156275477e-03 1.683237198359792321e-03
2.605399999999999938e+00 4.025779405556842720e-04 4.479358220156211528e-04 6.360566435956028879e-04 1.007554836262622650e-03 1.679237631346387587e-03
2.606100000000000083e+00 4.016294500780618693e-04 4.468687367943773589e-04 6.345331319738319866e-04 1.005141647368969823e-03 1.675238064332983069e-03
2.606799999999999784e+00 4.006809596004400629e-04 4.458016515731342156e-04 6.330096203520621696e-04 1.002728458475318513e-03 1.671238497319580936e-03
2.607499999999999929e+00 3.997324691228176601e-04 4.447345663518904217e-04 6.314861087302913768e-04 1.000315269581665686e-03 1.667238930306176202e-03
2.608200000000000074e+00 3.987839786451952574e-04 4.436674811306466279e-04 6.299625971085206924e-04 9.979020806880128588e-04 1.663239363292771684e-03
2.608899999999999775e+00 3.978354881675735051e-04 4.426003959094034846e-04 6.284390854867508754e-04 9.954888917943615495e-04 1.659239796279369551e-03
2.609599999999999920e+00 3.968992157166813706e-04 4.415471854115454709e-04 6.269354362772515355e-04 9.931070397675115669e-04 1.655291610922660908e-03
2.610300000000000065e+00 3.959731399278031616e-04 4.405055541865131384e-04 6.254483634191697772e-04 9.907513401993532816e-04 1.651386306580915732e-03
2.610999999999999766e+00 3.950470641389255489e-04 4.394639229614814022e-04 6.239612905610888863e-04 9.883956406311967310e-04 1.647481002239172942e-03
2.611699999999999910e+00 3.941209883500473399e-04 4.384222917364491239e-04 6.224742177030072364e-04 9.860399410630384456e-04 1.643575697897427766e-03
2.612400000000000055e+00 3.931949125611691851e-04 4.373806605114167372e-04 6.209871448449254781e-04 9.836842414948801603e-04 1.639670393555682807e-03
2.613099999999999756e+00 3.922688367722915181e-04 4.363390292863850010e-04 6.195000719868446956e-04 9.813285419267233928e-04 1.635765089213939800e-03
2.613799999999999901e+00 3.913427609834133633e-04 4.352973980613526143e-04 6.180129991287630457e-04 9.789728423585653243e-04 1.631859784872194841e-03
2.614500000000000046e+00 3.904166851945351543e-04 4.342557668363202276e-04 6.165259262706812874e-04 9.766171427904072559e-04 1.627954480530449666e-03
2.615200000000000191e+00 3.894906094056569453e-04 4.332141356112879493e-04 6.150388534125995291e-04 9.742614432222490789e-04 1.624049176188704273e-03
2.615899999999999892e+00 3.885645336167793868e-04 4.321725043862562131e-04 6.135517805545187466e-04 9.719057436540923115e-04 1.620143871846961700e-03
2.616600000000000037e+00 3.876499454586597687e-04 4.311439162626660429e-04 6.120833802023773135e-04 9.695795105868072446e-04 1.616286903937299993e-03
2.617300000000000182e+00 3.867457487833255705e-04 4.301271266697697629e-04 6.106318706285100836e-04 9.672799323313806437e-04 1.612473660204751446e-03
2.617999999999999883e+00 3.858415521079920228e-04 4.291103370768740793e-04 6.091803610546436126e-04 9.649803540759553438e-04 1.608660416472205718e-03
2.618700000000000028e+00 3.849373554326578246e-04 4.280935474839777993e-04 6.077288514807762743e-04 9.626807758205286345e-04 1.604847172739657388e-03
2.619400000000000173e+00 3.840331587573236807e-04 4.270767578910814651e-04 6.062773419069090444e-04 9.603811975651020336e-04 1.601033929007108841e-03
2.620099999999999874e+00 3.831289620819900788e-04 4.260599682981857273e-04 6.048258323330426818e-04 9.580816193096769505e-04 1.597220685274562896e-03
2.620800000000000018e+00 3.822247654066559348e-04 4.250431787052895015e-04 6.033743227591753435e-04 9.557820410542504580e-04 1.593407441542014566e-03
2.621500000000000163e+00 3.813205687313217366e-04 4.240263891123932215e-04 6.019228131853080052e-04 9.534824627988235319e-04 1.589594197809466453e-03
2.622199999999999864e+00 3.804163720559881347e-04 4.230095995194975921e-04 6.004713036114416426e-04 9.511828845433984488e-04 1.585780954076920508e-03
2.622900000000000009e+00 3.795121753806539907e-04 4.219928099266012579e-04 5.990197940375744127e-04 9.488833062879718479e-04 1.581967710344372178e-03
2.623600000000000154e+00 3.786187639296213834e-04 4.209882638380287511e-04 5.975858127711747769e-04 9.466113952919327388e-04 1.578199871519521446e-03
2.624299999999999855e+00 3.777359237103452205e-04 4.199957183271075872e-04 5.961690120283656257e-04 9.443666026017237059e-04 1.574476536711345289e-03
2.625000000000000000e+00 3.768530834910684612e-04 4.190031728161858812e-04 5.947522112855553903e-04 9.421218099115128298e-04 1.570753201903166748e-03
2.625700000000000145e+00 3.759702432717917020e-04 4.180106273052641751e-04 5.933354105427451550e-04 9.398770172213022790e-04 1.567029867094988206e-03
2.626399999999999846e+00 3.750874030525155390e-04 4.170180817943430654e-04 5.919186097999358954e-04 9.376322245310930292e-04 1.563306532286811617e-03
2.627099999999999991e+00 3.742045628332388882e-04 4.160255362834213593e-04 5.905018090571257684e-04 9.353874318408824783e-04 1.559583197478633075e-03
2.627800000000000136e+00 3.733217226139621289e-04 4.150329907724995991e-04 5.890850083143155331e-04 9.331426391506718191e-04 1.555859862670454534e-03
2.628499999999999837e+00 3.724388823946859660e-04 4.140404452615784893e-04 5.876682075715061650e-04 9.308978464604625693e-04 1.552136527862278377e-03
2.629199999999999982e+00 3.715560421754092067e-04 4.130478997506567291e-04 5.862514068286960381e-04 9.286530537702519100e-04 1.548413193054099836e-03
2.629900000000000126e+00 3.706732019561324474e-04 4.120553542397349688e-04 5.848346060858858027e-04 9.264082610800413592e-04 1.544689858245921078e-03
2.630599999999999827e+00 3.698004716155515602e-04 4.110742835963678943e-04 5.834342336530520638e-04 9.241894052314965358e-04 1.541009106957248482e-03
2.631299999999999972e+00 3.689384777990390189e-04 4.101053990726753686e-04 5.820513078138693248e-04 9.219980938800902701e-04 1.537373578662426651e-03
2.632000000000000117e+00 3.680764839825264776e-04 4.091365145489828429e-04 5.806683819746865857e-04 9.198067825286841128e-04 1.533738050367605037e-03
2.632699999999999818e+00 3.672144901660144242e-04 4.081676300252909135e-04 5.792854561355046056e-04 9.176154711772790398e-04 1.530102522072785591e-03
2.633399999999999963e+00 3.663524963495018829e-04 4.071987455015983336e-04 5.779025302963217581e-04 9.154241598258727741e-04 1.526466993777963761e-03
2.634100000000000108e+00 3.654905025329893416e-04 4.062298609779058621e-04 5.765196044571389107e-04 9.132328484744666169e-04 1.522831465483142147e-03
2.634799999999999809e+00 3.646285087164773423e-04 4.052609764542138785e-04 5.751366786179569306e-04 9.110415371230615438e-04 1.519195937188322701e-03
2.635499999999999954e+00 3.637665148999648553e-04 4.042920919305213528e-04 5.737537527787742999e-04 9.088502257716551697e-04 1.515560408893500870e-03
2.636200000000000099e+00 3.629045210834523139e-04 4.033232074068288271e-04 5.723708269395914525e-04 9.066589144202491209e-04 1.511924880598679256e-03
2.636899999999999800e+00 3.620425272669403147e-04 4.023543228831369519e-04 5.709879011004094724e-04 9.044676030688440478e-04 1.508289352303859810e-03
2.637599999999999945e+00 3.611899941443742312e-04 4.013961745188374683e-04 5.696203463133510001e-04 9.023005647317106992e-04 1.504693692811255720e-03
2.638300000000000090e+00 3.603483489756173106e-04 4.004503819931498425e-04 5.682704814871426422e-04 9.001614612860036604e-04 1.501143916810859140e-03
2.638999999999999790e+00 3.595067038068608780e-04 3.995045894674628673e-04 5.669206166609351517e-04 8.980223578402981395e-04 1.497594140810465163e-03
2.639699999999999935e+00 3.586650586381039574e-04 3.985587969417752957e-04 5.655707518347269022e-04 8.958832543945911006e-04 1.494044364810068583e-03
2.640400000000000080e+00 3.578234134693470368e-04 3.976130044160876699e-04 5.642208870085185443e-04 8.937441509488838450e-04 1.490494588809672220e-03
2.641099999999999781e+00 3.569817683005905499e-04 3.966672118904006404e-04 5.628710221823109454e-04 8.916050475031782156e-04 1.486944812809278026e-03
2.641799999999999926e+00 3.561401231318336836e-04 3.957214193647131230e-04 5.615211573561026959e-04 8.894659440574711768e-04 1.483395036808881230e-03
2.642500000000000071e+00 3.552984779630767088e-04 3.947756268390254972e-04 5.601712925298943380e-04 8.873268406117641380e-04 1.479845260808485084e-03
2.643199999999999772e+00 3.544568327943203303e-04 3.938298343133384677e-04 5.588214277036868474e-04 8.851877371660586170e-04 1.476295484808090672e-03
2.643899999999999917e+00 3.536151876255633555e-04 3.928840417876508962e-04 5.574715628774784895e-04 8.830486337203513614e-04 1.472745708807694310e-03
2.644600000000000062e+00 3.527823792546979026e-04 3.919482756418480327e-04 5.561360531681026681e-04 8.809322038839050538e-04 1.469233190194232670e-03
2.645299999999999763e+00 3.519605969784994149e-04 3.910250198889650181e-04 5.548184550234245378e-04 8.788440649923483531e-04 1.465767159401408070e-03
2.645999999999999908e+00 3.511388147023004392e-04 3.901017641360814072e-04 5.535008568787453233e-04 8.767559261007904598e-04 1.462301128608581085e-03
2.646700000000000053e+00 3.503170324261014094e-04 3.891785083831977962e-04 5.521832587340662173e-04 8.746677872092326750e-04 1.458835097815754317e-03
2.647399999999999753e+00 3.494952501499029758e-04 3.882552526303147274e-04 5.508656605893879786e-04 8.725796483176757575e-04 1.455369067022929935e-03
2.648099999999999898e+00 3.486734678737039459e-04 3.873319968774311707e-04 5.495480624447087641e-04 8.704915094261179726e-04 1.451903036230103167e-03
2.648800000000000043e+00 3.478516855975049161e-04 3.864087411245475598e-04 5.482304643000296580e-04 8.684033705345599709e-04 1.448437005437276399e-03
2.649500000000000188e+00 3.470299033213059946e-04 3.854854853716638947e-04 5.469128661553506604e-04 8.663152316430018608e-04 1.444970974644449414e-03
2.650199999999999889e+00 3.462081210451075069e-04 3.845622296187808800e-04 5.455952680106723133e-04 8.642270927514453770e-04 1.441504943851625031e-03
2.650900000000000034e+00 3.453863387689084770e-04 3.836389738658972691e-04 5.442776698659930988e-04 8.621389538598873753e-04 1.438038913058798047e-03
2.651600000000000179e+00 3.445727938380810113e-04 3.827250626729463605e-04 5.429734508513432180e-04 8.600719514907304020e-04 1.434607628264778813e-03
2.652299999999999880e+00 3.437704004078279574e-04 3.818238018983954982e-04 5.416873441495167248e-04 8.580335631872780793e-04 1.431223381686128147e-03
2.653000000000000025e+00 3.429680069775743615e-04 3.809225411238440938e-04 5.404012374476892559e-04 8.559951748838244556e-04 1.427839135107475095e-03
2.653700000000000170e+00 3.421656135473207655e-04 3.800212803492926351e-04 5.391151307458618954e-04 8.539567865803707235e-04 1.424454888528822261e-03
2.654399999999999871e+00 3.413632201170677116e-04 3.791200195747417728e-04 5.378290240440352938e-04 8.519183982769184009e-04 1.421070641950171378e-03
2.655100000000000016e+00 3.405608266868141156e-04 3.782187588001903683e-04 5.365429173422079333e-04 8.498800099734647772e-04 1.417686395371518544e-03
2.655800000000000161e+00 3.397584332565604655e-04 3.773174980256389097e-04 5.352568106403805728e-04 8.478416216700110451e-04 1.414302148792865709e-03
2.656499999999999861e+00 3.389560398263074116e-04 3.764162372510879932e-04 5.339707039385538628e-04 8.458032333665587224e-04 1.410917902214214826e-03
2.657200000000000006e+00 3.381536463960538156e-04 3.755149764765365887e-04 5.326845972367265022e-04 8.437648450631050987e-04 1.407533655635561992e-03
2.657900000000000151e+00 3.373512529658002738e-04 3.746137157019851843e-04 5.313984905348990333e-04 8.417264567596515834e-04 1.404149409056909157e-03
2.658599999999999852e+00 3.365565210529855426e-04 3.737211446878342322e-04 5.301248255925127386e-04 8.397077281676988561e-04 1.400797493933015649e-03
2.659299999999999997e+00 3.357730538465031420e-04 3.728413502025876899e-04 5.288694537320748693e-04 8.377179051911678737e-04 1.397493115651016410e-03
2.660000000000000142e+00 3.349895866400207415e-04 3.719615557173411476e-04 5.276140818716371084e-04 8.357280822146371082e-04 1.394188737369016738e-03
2.660699999999999843e+00 3.342061194335387746e-04 3.710817612320951473e-04 5.263587100112001064e-04 8.337382592381072099e-04 1.390884359087019451e-03
2.661399999999999988e+00 3.334226522270563198e-04 3.702019667468485508e-04 5.251033381507622371e-04 8.317484362615764444e-04 1.387579980805019779e-03
2.662100000000000133e+00 3.326391850205739193e-04 3.693221722616019543e-04 5.238479662903243678e-04 8.297586132850453535e-04 1.384275602523020541e-03
2.662799999999999834e+00 3.318557178140920066e-04 3.684423777763560083e-04 5.225925944298873659e-04 8.277687903085156722e-04 1.380971224241023037e-03
2.663499999999999979e+00 3.310722506076095519e-04 3.675625832911094118e-04 5.213372225694494965e-04 8.257789673319847982e-04 1.377666845959023799e-03
2.664200000000000124e+00 3.302887834011271513e-04 3.666827888058628694e-04 5.200818507090117357e-04 8.237891443554538158e-04 1.374362467677024127e-03
2.664899999999999824e+00 3.295053161946452387e-04 3.658029943206168692e-04 5.188264788485747337e-04 8.217993213789240260e-04 1.371058089395026840e-03
2.665599999999999969e+00 3.287289575087415936e-04 3.649312609066045145e-04 5.175826487015395801e-04 8.198277395971222299e-04 1.367783721774264724e-03
2.666300000000000114e+00 3.279639650510553076e-04 3.640724168096176974e-04 5.163572732733306709e-04 8.178853247256423920e-04 1.364557339950377927e-03
2.666999999999999815e+00 3.271989725933695096e-04 3.632135727126313681e-04 5.151318978451226291e-04 8.159429098541638552e-04 1.361330958126492864e-03
2.667699999999999960e+00 3.264339801356832237e-04 3.623547286156445510e-04 5.139065224169138283e-04 8.140004949826839089e-04 1.358104576302605849e-03
2.668400000000000105e+00 3.256689876779969377e-04 3.614958845186577339e-04 5.126811469887050275e-04 8.120580801112040710e-04 1.354878194478718618e-03
2.669099999999999806e+00 3.249039952203111397e-04 3.606370404216714589e-04 5.114557715604968772e-04 8.101156652397254257e-04 1.351651812654833772e-03
2.669799999999999951e+00 3.241390027626248537e-04 3.597781963246845334e-04 5.102303961322881849e-04 8.081732503682454794e-04 1.348425430830946540e-03
2.670500000000000096e+00 3.233740103049385678e-04 3.589193522276977162e-04 5.090050207040791672e-04 8.062308354967656415e-04 1.345199049007059526e-03
2.671199999999999797e+00 3.226090178472527156e-04 3.580605081307114412e-04 5.077796452758712338e-04 8.042884206252871046e-04 1.341972667183174896e-03
2.671899999999999942e+00 3.218440253895664296e-04 3.572016640337246241e-04 5.065542698476623246e-04 8.023460057538072667e-04 1.338746285359287665e-03
2.672600000000000087e+00 3.210856105178407972e-04 3.563502775473547973e-04 5.053395721591672071e-04 8.004204699313331424e-04 1.335547684147436699e-03
2.673299999999999788e+00 3.203386522106734706e-04 3.555118804157415368e-04 5.041434725118226117e-04 7.985243333315791359e-04 1.332397470045563158e-03
2.673999999999999932e+00 3.195916939035056562e-04 3.546734832841277343e-04 5.029473728644771489e-04 7.966281967318240452e-04 1.329247255943687448e-03
2.674700000000000077e+00 3.188447355963378959e-04 3.538350861525139317e-04 5.017512732171316861e-04 7.947320601320687376e-04 1.326097041841811956e-03
2.675399999999999778e+00 3.180977772891705694e-04 3.529966890209006712e-04 5.005551735697871991e-04 7.928359235323147311e-04 1.322946827739938415e-03
2.676099999999999923e+00 3.173508189820027550e-04 3.521582918892869228e-04 4.993590739224417364e-04 7.909397869325596403e-04 1.319796613638062706e-03
2.676800000000000068e+00 3.166038606748349947e-04 3.513198947576731202e-04 4.981629742750962736e-04 7.890436503328044412e-04 1.316646399536187213e-03
2.677499999999999769e+00 3.158569023676676682e-04 3.504814976260598597e-04 4.969668746277515698e-04 7.871475137330504347e-04 1.313496185434313455e-03
2.678199999999999914e+00 3.151099440604998537e-04 3.496431004944460571e-04 4.957707749804061070e-04 7.852513771332952355e-04 1.310345971332437963e-03
2.678900000000000059e+00 3.143629857533320393e-04 3.488047033628323087e-04 4.945746753330608611e-04 7.833552405335400363e-04 1.307195757230562470e-03
2.679599999999999760e+00 3.136220954148679014e-04 3.479731847553547432e-04 4.933884243102230113e-04 7.814746753421921007e-04 1.304071181514797296e-03
2.680299999999999905e+00 3.128927412727168186e-04 3.471547433420183273e-04 4.922208971258367535e-04 7.796237139331034039e-04 1.300995348544713593e-03
2.681000000000000050e+00 3.121633871305656816e-04 3.463363019286819114e-04 4.910533699414504957e-04 7.777727525240147070e-04 1.297919515574629890e-03
2.681700000000000195e+00 3.114340329884145988e-04 3.455178605153454954e-04 4.898858427570641294e-04 7.759217911149261186e-04 1.294843682604546187e-03
2.682399999999999896e+00 3.107046788462640039e-04 3.446994191020096216e-04 4.887183155726785222e-04 7.740708297058386143e-04 1.291767849634464652e-03
2.683100000000000041e+00 3.099753247041129212e-04 3.438809776886732599e-04 4.875507883882923186e-04 7.722198682967498090e-04 1.288692016664380732e-03
2.683800000000000185e+00 3.092459705619618384e-04 3.430625362753368982e-04 4.863832612039060608e-04 7.703689068876611121e-04 1.285616183694297246e-03
2.684499999999999886e+00 3.085166164198111893e-04 3.422440948620010244e-04 4.852157340195205077e-04 7.685179454785736079e-04 1.282540350724215494e-03
2.685200000000000031e+00 3.077872622776601065e-04 3.414256534486646627e-04 4.840482068351341415e-04 7.666669840694850194e-04 1.279464517754131791e-03
2.685900000000000176e+00 3.070579081355090238e-04 3.406072120353281925e-04 4.828806796507478295e-04 7.648160226603963226e-04 1.276388684784048088e-03
2.686599999999999877e+00 3.063341329405238353e-04 3.397950936059730654e-04 4.817222056575215234e-04 7.629793777139271937e-04 1.273336432959445551e-03
2.687300000000000022e+00 3.056219633331602108e-04 3.389961285445278780e-04 4.805825645372615706e-04 7.611725145446322262e-04 1.270333235739942333e-03
2.688000000000000167e+00 3.049097937257965320e-04 3.381971634830826905e-04 4.794429234170015635e-04 7.593656513753373671e-04 1.267330038520439331e-03
2.688699999999999868e+00 3.041976241184332868e-04 3.373981984216379909e-04 4.783032822967423154e-04 7.575587882060434838e-04 1.264326841300938064e-03
2.689400000000000013e+00 3.034854545110696081e-04 3.365992333601927492e-04 4.771636411764824167e-04 7.557519250367485163e-04 1.261323644081435063e-03
2.690100000000000158e+00 3.027732849037059293e-04 3.358002682987475075e-04 4.760240000562223554e-04 7.539450618674535488e-04 1.258320446861931844e-03
2.690799999999999859e+00 3.020611152963426842e-04 3.350013032373028621e-04 4.748843589359632157e-04 7.521381986981596655e-04 1.255317249642430577e-03
2.691500000000000004e+00 3.013489456889790054e-04 3.342023381758576746e-04 4.737447178157031002e-04 7.503313355288648064e-04 1.252314052422927359e-03
2.692200000000000149e+00 3.006367760816153266e-04 3.334033731144124329e-04 4.726050766954432015e-04 7.485244723595698389e-04 1.249310855203424357e-03
2.692899999999999849e+00 2.999246064742521357e-04 3.326044080529677875e-04 4.714654355751839534e-04 7.467176091902760640e-04 1.246307657983923090e-03
2.693599999999999994e+00 2.992175466891438293e-04 3.318112331796835681e-04 4.703340847541513290e-04 7.449238584764129867e-04 1.243326066897575046e-03
2.694300000000000139e+00 2.985221520903684695e-04 3.310312766964774393e-04 4.692216598135917562e-04 7.431600421180425400e-04 1.240393800338889787e-03
2.694999999999999840e+00 2.978267574915935976e-04 3.302513202132718526e-04 4.681092348730329423e-04 7.413962257596733944e-04 1.237461533780206480e-03
2.695699999999999985e+00 2.971313628928182377e-04 3.294713637300657237e-04 4.669968099324734779e-04 7.396324094013030561e-04 1.234529267221521438e-03
2.696400000000000130e+00 2.964359682940428779e-04 3.286914072468595949e-04 4.658843849919139593e-04 7.378685930429326094e-04 1.231597000662836179e-03
2.697099999999999831e+00 2.957405736952679518e-04 3.279114507636540082e-04 4.647719600513550370e-04 7.361047766845633554e-04 1.228664734104152655e-03
2.697799999999999976e+00 2.950451790964926462e-04 3.271314942804478252e-04 4.636595351107955726e-04 7.343409603261930171e-04 1.225732467545467613e-03
2.698500000000000121e+00 2.943497844977173406e-04 3.263515377972417506e-04 4.625471101702361082e-04 7.325771439678225704e-04 1.222800200986782354e-03
2.699199999999999822e+00 2.936543898989424145e-04 3.255715813140361097e-04 4.614346852296771859e-04 7.308133276094533164e-04 1.219867934428098830e-03
2.699899999999999967e+00 2.929589953001671089e-04 3.247916248308299809e-04 4.603222602891176673e-04 7.290495112510829781e-04 1.216935667869413788e-03
2.700600000000000112e+00 2.922682606181521551e-04 3.240169477073705294e-04 4.592173941919679039e-04 7.272976525759771013e-04 1.214023111981830765e-03
2.701299999999999812e+00 2.915892413606691112e-04 3.232555433404579064e-04 4.581315316659264757e-04 7.255758565271077081e-04 1.211160110387090282e-03
2.701999999999999957e+00 2.909102221031857421e-04 3.224941389735446872e-04 4.570456691398845053e-04 7.238540604782373392e-04 1.208297108792348064e-03
2.702700000000000102e+00 2.902312028457022645e-04 3.217327346066315222e-04 4.559598066138423724e-04 7.221322644293668618e-04 1.205434107197606063e-03
2.703399999999999803e+00 2.895521835882192748e-04 3.209713302397188450e-04 4.548739440878010526e-04 7.204104683804975770e-04 1.202571105602865797e-03
2.704099999999999948e+00 2.888731643307358514e-04 3.202099258728056800e-04 4.537880815617589738e-04 7.186886723316270997e-04 1.199708104008123579e-03
2.704800000000000093e+00 2.881941450732523739e-04 3.194485215058924608e-04 4.527022190357168950e-04 7.169668762827567307e-04 1.196845102413381578e-03
2.705499999999999794e+00 2.875151258157693842e-04 3.186871171389797836e-04 4.516163565096755752e-04 7.152450802338874460e-04 1.193982100818641312e-03
2.706199999999999939e+00 2.868361065582859608e-04 3.179257127720666728e-04 4.505304939836334423e-04 7.135232841850170770e-04 1.191119099223899094e-03
2.706900000000000084e+00 2.861570873008025375e-04 3.171643084051535078e-04 4.494446314575914719e-04 7.118014881361465996e-04 1.188256097629157093e-03
2.707599999999999785e+00 2.854822966180147522e-04 3.164076937843681120e-04 4.483656266840894359e-04 7.100905425809983865e-04 1.185410988192665957e-03
2.708299999999999930e+00 2.848192626542657532e-04 3.156643961092546143e-04 4.473056885407531683e-04 7.084097646864221613e-04 1.182615624377971993e-03
2.709000000000000075e+00 2.841562286905167001e-04 3.149210984341410625e-04 4.462457503974168464e-04 7.067289867918460445e-04 1.179820260563278246e-03
2.709699999999999775e+00 2.834931947267680264e-04 3.141778007590280528e-04 4.451858122540812836e-04 7.050482088972709034e-04 1.177024896748585800e-03
2.710399999999999920e+00 2.828301607630189732e-04 3.134345030839145009e-04 4.441258741107449617e-04 7.033674310026946782e-04 1.174229532933892053e-03
2.711100000000000065e+00 2.821671267992698659e-04 3.126912054088010033e-04 4.430659359674086399e-04 7.016866531081185614e-04 1.171434169119198090e-03
2.711799999999999766e+00 2.815040928355212464e-04 3.119479077336879394e-04 4.420059978240730228e-04 7.000058752135434204e-04 1.168638805304506078e-03
2.712499999999999911e+00 2.808410588717721932e-04 3.112046100585743875e-04 4.409460596807367010e-04 6.983250973189671952e-04 1.165843441489812114e-03
2.713200000000000056e+00 2.801780249080231401e-04 3.104613123834608357e-04 4.398861215374004876e-04 6.966443194243910784e-04 1.163048077675118150e-03
2.713899999999999757e+00 2.795149909442745206e-04 3.097180147083477718e-04 4.388261833940647620e-04 6.949635415298159374e-04 1.160252713860425921e-03
2.714599999999999902e+00 2.788557721411939728e-04 3.089790376515291629e-04 4.377724312393291403e-04 6.932925529194321115e-04 1.157473498114275530e-03
2.715300000000000047e+00 2.782083428100156209e-04 3.082534120135399080e-04 4.367377948034658567e-04 6.916518148020034786e-04 1.154744182547148704e-03
2.716000000000000192e+00 2.775609134788372691e-04 3.075277863755505447e-04 4.357031583676026815e-04 6.900110766845748457e-04 1.152014866980022529e-03
2.716699999999999893e+00 2.769134841476592968e-04 3.068021607375616693e-04 4.346685219317400484e-04 6.883703385671474054e-04 1.149285551412897437e-03
2.717400000000000038e+00 2.762660548164809450e-04 3.060765350995724144e-04 4.336338854958769274e-04 6.867296004497187726e-04 1.146556235845770828e-03
2.718100000000000183e+00 2.756186254853025389e-04 3.053509094615830511e-04 4.325992490600135353e-04 6.850888623322901397e-04 1.143826920278644219e-03
2.718799999999999883e+00 2.749711961541245666e-04 3.046252838235941757e-04 4.315646126241510106e-04 6.834481242148625910e-04 1.141097604711519128e-03
2.719500000000000028e+00 2.743237668229462148e-04 3.038996581856049208e-04 4.305299761882877812e-04 6.818073860974340665e-04 1.138368289144392736e-03
2.720200000000000173e+00 2.736763374917679172e-04 3.031740325476155575e-04 4.294953397524246060e-04 6.801666479800053252e-04 1.135638973577265910e-03
2.720899999999999874e+00 2.730289081605898906e-04 3.024484069096266821e-04 4.284607033165619729e-04 6.785259098625776681e-04 1.132909658010141036e-03
2.721600000000000019e+00 2.723848978886804256e-04 3.017266525417831857e-04 4.274316094264719412e-04 6.768939442456326644e-04 1.130194818392050472e-03
2.722300000000000164e+00 2.717527016876376779e-04 3.010182747948897072e-04 4.264216670115088671e-04 6.752922907508933847e-04 1.127529998347861140e-03
2.722999999999999865e+00 2.711205054865953095e-04 3.003098970479967707e-04 4.254117245965463893e-04 6.736906372561551892e-04 1.124865178303673541e-03
2.723700000000000010e+00 2.704883092855525075e-04 2.996015193011033464e-04 4.244017821815833694e-04 6.720889837614159095e-04 1.122200358259484209e-03
2.724400000000000155e+00 2.698561130845097055e-04 2.988931415542098679e-04 4.233918397666202411e-04 6.704873302666766299e-04 1.119535538215294876e-03
2.725099999999999856e+00 2.692239168834673372e-04 2.981847638073169314e-04 4.223818973516578175e-04 6.688856767719384344e-04 1.116870718171107495e-03
2.725800000000000001e+00 2.685917206824245894e-04 2.974763860604234529e-04 4.213719549366947434e-04 6.672840232771991547e-04 1.114205898126918162e-03
2.726500000000000146e+00 2.679595244813817874e-04 2.967680083135300286e-04 4.203620125217316693e-04 6.656823697824598750e-04 1.111541078082728829e-03
2.727199999999999847e+00 2.673273282803394191e-04 2.960596305666370379e-04 4.193520701067691915e-04 6.640807162877216795e-04 1.108876258038541014e-03
2.727899999999999991e+00 2.666951320792966171e-04 2.953512528197436136e-04 4.183421276918061174e-04 6.624790627929825083e-04 1.106211437994351681e-03
2.728600000000000136e+00 2.660659755527211871e-04 2.946463160906505319e-04 4.173371117263462659e-04 6.608852079337209674e-04 1.103559491368175582e-03
2.729299999999999837e+00 2.654486499159846875e-04 2.939547723426042848e-04 4.163512702751301017e-04 6.593217065870551809e-04 1.100957650104266491e-03
2.729999999999999982e+00 2.648313242792478084e-04 2.932632285945576040e-04 4.153654288239131244e-04 6.577582052403883103e-04 1.098355808840355882e-03
2.730700000000000127e+00 2.642139986425109293e-04 2.925716848465108690e-04 4.143795873726962556e-04 6.561947038937214396e-04 1.095753967576445272e-03
2.731399999999999828e+00 2.635966730057744838e-04 2.918801410984646219e-04 4.133937459214799830e-04 6.546312025470555447e-04 1.093152126312536615e-03
2.732099999999999973e+00 2.629793473690376047e-04 2.911885973504179412e-04 4.124079044702630599e-04 6.530677012003886740e-04 1.090550285048626005e-03
2.732800000000000118e+00 2.623620217323006714e-04 2.904970536023712062e-04 4.114220630190461910e-04 6.515041998537218033e-04 1.087948443784715396e-03
2.733499999999999819e+00 2.617446960955642260e-04 2.898055098543250133e-04 4.104362215678299185e-04 6.499406985070560168e-04 1.085346602520806305e-03
2.734199999999999964e+00 2.611273704588274011e-04 2.891139661062782783e-04 4.094503801166130496e-04 6.483771971603892546e-04 1.082744761256895913e-03
2.734900000000000109e+00 2.605100448220904678e-04 2.884224223582315433e-04 4.084645386653961807e-04 6.468136958137222755e-04 1.080142919992985303e-03
2.735599999999999810e+00 2.598953956143910775e-04 2.877339078091305799e-04 4.074830339697756566e-04 6.452570606948914876e-04 1.077552416892241932e-03
2.736299999999999955e+00 2.592925866960184246e-04 2.870587941727543893e-04 4.065207147038009741e-04 6.437308011709390711e-04 1.075012072839413510e-03
2.737000000000000099e+00 2.586897777776457717e-04 2.863836805363781986e-04 4.055583954378264543e-04 6.422045416469867631e-04 1.072471728786584871e-03
2.737699999999999800e+00 2.580869688592734982e-04 2.857085669000024959e-04 4.045960761718524223e-04 6.406782821230353224e-04 1.069931384733758400e-03
2.738399999999999945e+00 2.574841599409008453e-04 2.850334532636263052e-04 4.036337569058777940e-04 6.391520225990827975e-04 1.067391040680929762e-03
2.739100000000000090e+00 2.568813510225282466e-04 2.843583396272501146e-04 4.026714376399031657e-04 6.376257630751304894e-04 1.064850696628101339e-03
2.739799999999999791e+00 2.562785421041559731e-04 2.836832259908744118e-04 4.017091183739291338e-04 6.360995035511790487e-04 1.062310352575274435e-03
2.740499999999999936e+00 2.556757331857833202e-04 2.830081123544982754e-04 4.007467991079545597e-04 6.345732440272266323e-04 1.059770008522446013e-03
2.741200000000000081e+00 2.550729242674106673e-04 2.823329987181220305e-04 3.997844798419799314e-04 6.330469845032742158e-04 1.057229664469617591e-03
2.741899999999999782e+00 2.544701153490383397e-04 2.816578850817463278e-04 3.988221605760059536e-04 6.315207249793227751e-04 1.054689320416790903e-03
2.742599999999999927e+00 2.538696351946563047e-04 2.809854066175614335e-04 3.978636138593665862e-04 6.300004393160898259e-04 1.052158844303760022e-03
2.743300000000000072e+00 2.532809976571529496e-04 2.803263289680563131e-04 3.969242519362977208e-04 6.285105329201742287e-04 1.049678550274821872e-03
2.743999999999999773e+00 2.526923601196499197e-04 2.796672513185515722e-04 3.959848900132295602e-04 6.270206265242593904e-04 1.047198256245885457e-03
2.744699999999999918e+00 2.521037225821466188e-04 2.790081736690465061e-04 3.950455280901608033e-04 6.255307201283437932e-04 1.044717962216947307e-03
2.745400000000000063e+00 2.515150850446432095e-04 2.783490960195414399e-04 3.941061661670919921e-04 6.240408137324280876e-04 1.042237668188009374e-03
2.746099999999999763e+00 2.509264475071402338e-04 2.776900183700367532e-04 3.931668042440237230e-04 6.225509073365133577e-04 1.039757374159072743e-03
2.746799999999999908e+00 2.503378099696369329e-04 2.770309407205316329e-04 3.922274423209549661e-04 6.210610009405977605e-04 1.037277080130134810e-03
2.747500000000000053e+00 2.497491724321335778e-04 2.763718630710265667e-04 3.912880803978862091e-04 6.195710945446820548e-04 1.034796786101196660e-03
2.748199999999999754e+00 2.491605348946305479e-04 2.757127854215219343e-04 3.903487184748179943e-04 6.180811881487673250e-04 1.032316492072260028e-03
2.748899999999999899e+00 2.485718973571271928e-04 2.750537077720168139e-04 3.894093565517491831e-04 6.165912817528516193e-04 1.029836198043322095e-03
2.749600000000000044e+00 2.479852559576562116e-04 2.743968884389620406e-04 3.884732275733080364e-04 6.151064955174958800e-04 1.027364364583455668e-03
2.750300000000000189e+00 2.474104527656825758e-04 2.737534621770778653e-04 3.875562717525886402e-04 6.136520746787932183e-04 1.024942706998499499e-03
2.750999999999999890e+00 2.468356495737093195e-04 2.731100359151941237e-04 3.866393159318698945e-04 6.121976538400914240e-04 1.022521049413545064e-03
2.751700000000000035e+00 2.462608463817356837e-04 2.724666096533099485e-04 3.857223601111504983e-04 6.107432330013887623e-04 1.020099391828588678e-03
2.752400000000000180e+00 2.456860431897620479e-04 2.718231833914257732e-04 3.848054042904311021e-04 6.092888121626859922e-04 1.017677734243632726e-03
2.753099999999999881e+00 2.451112399977887373e-04 2.711797571295420316e-04 3.838884484697123564e-04 6.078343913239843063e-04 1.015256076658678291e-03
2.753800000000000026e+00 2.445364368058151557e-04 2.705363308676578564e-04 3.829714926489930144e-04 6.063799704852816446e-04 1.012834419073722122e-03
2.754500000000000171e+00 2.439616336138414928e-04 2.698929046057737353e-04 3.820545368282736182e-04 6.049255496465789830e-04 1.010412761488765953e-03
2.755199999999999871e+00 2.433868304218682365e-04 2.692494783438899395e-04 3.811375810075548726e-04 6.034711288078772971e-04 1.007991103903811735e-03
2.755900000000000016e+00 2.428120272298946278e-04 2.686060520820058185e-04 3.802206251868354221e-04 6.020167079691745270e-04 1.005569446318855349e-03
2.756600000000000161e+00 2.422389020649482719e-04 2.679645238504519875e-04 3.793063864492824495e-04 6.005665909263138182e-04 1.003154902670192958e-03
2.757299999999999862e+00 2.416776042840496758e-04 2.673363736713882822e-04 3.784112987656599366e-04 5.991468087025331613e-04 1.000790500798310690e-03
2.758000000000000007e+00 2.411163065031507002e-04 2.667082234923241974e-04 3.775162110820369358e-04 5.977270264787516371e-04 9.984260989264266868e-04
2.758700000000000152e+00 2.405550087222517518e-04 2.660800733132600584e-04 3.766211233984138266e-04 5.963072442549701129e-04 9.960616970545429008e-04
2.759399999999999853e+00 2.399937109413531556e-04 2.654519231341963530e-04 3.757260357147913679e-04 5.948874620311893477e-04 9.936972951826604158e-04
2.760099999999999998e+00 2.394324131604541259e-04 2.648237729551322682e-04 3.748309480311683129e-04 5.934676798074079319e-04 9.913328933107766298e-04
2.760800000000000143e+00 2.388711153795551774e-04 2.641956227760681292e-04 3.739358603475453121e-04 5.920478975836262992e-04 9.889684914388928438e-04
2.761499999999999844e+00 2.383098175986565813e-04 2.635674725970044239e-04 3.730407726639227992e-04 5.906281153598457508e-04 9.866040895670103589e-04
2.762199999999999989e+00 2.377485198177576057e-04 2.629393224179403391e-04 3.721456849802997984e-04 5.892083331360641182e-04 9.842396876951265729e-04
2.762900000000000134e+00 2.371872220368586573e-04 2.623111722388762001e-04 3.712505972966767976e-04 5.877885509122825940e-04 9.818752858232425700e-04
2.763599999999999834e+00 2.366272981794450799e-04 2.616845757913597247e-04 3.703577337466750505e-04 5.863722921644320138e-04 9.795167099405947472e-04
2.764299999999999979e+00 2.360791847796815332e-04 2.610713354592582801e-04 3.694839891914510131e-04 5.849863217577493633e-04 9.772082151577104678e-04
2.765000000000000124e+00 2.355310713799180678e-04 2.604580951271567813e-04 3.686102446362270841e-04 5.836003513510664960e-04 9.748997203748265136e-04
2.765699999999999825e+00 2.349829579801548463e-04 2.598448547950556078e-04 3.677365000810036430e-04 5.822143809443846045e-04 9.725912255919440773e-04
2.766399999999999970e+00 2.344348445803913538e-04 2.592316144629541633e-04 3.668627555257796598e-04 5.808284105377018456e-04 9.702827308090597978e-04
2.767100000000000115e+00 2.338867311806278070e-04 2.586183741308526103e-04 3.659890109705556767e-04 5.794424401310191951e-04 9.679742360261758436e-04
2.767799999999999816e+00 2.333386177808646398e-04 2.580051337987514909e-04 3.651152664153322356e-04 5.780564697243373035e-04 9.656657412432932989e-04
2.768499999999999961e+00 2.327905043811011202e-04 2.573918934666500464e-04 3.642415218601082524e-04 5.766704993176545446e-04 9.633572464604091279e-04
2.769200000000000106e+00 2.322423909813375734e-04 2.567786531345485476e-04 3.633677773048842150e-04 5.752845289109717857e-04 9.610487516775251737e-04
2.769899999999999807e+00 2.316942775815744062e-04 2.561654128024474825e-04 3.624940327496608281e-04 5.738985585042900026e-04 9.587402568946424121e-04
2.770599999999999952e+00 2.311472475178695508e-04 2.555533973266986125e-04 3.616220414852837155e-04 5.725153660475260607e-04 9.564363568482478527e-04
2.771300000000000097e+00 2.306120051822319430e-04 2.549547094545972278e-04 3.607691276951217169e-04 5.711624003315465088e-04 9.541824519107978790e-04
2.771999999999999797e+00 2.300767628465946605e-04 2.543560215824962225e-04 3.599162139049603146e-04 5.698094346155678242e-04 9.519285469733493148e-04
2.772699999999999942e+00 2.295415205109570798e-04 2.537573337103949463e-04 3.590633001147983160e-04 5.684564688995883807e-04 9.496746420358994495e-04
2.773400000000000087e+00 2.290062781753194720e-04 2.531586458382935074e-04 3.582103863246363716e-04 5.671035031836089372e-04 9.474207370984494758e-04
2.774099999999999788e+00 2.284710358396822437e-04 2.525599579661925022e-04 3.573574725344749151e-04 5.657505374676301442e-04 9.451668321610011284e-04
2.774799999999999933e+00 2.279357935040446359e-04 2.519612700940911175e-04 3.565045587443129165e-04 5.643975717516507007e-04 9.429129272235510463e-04
2.775500000000000078e+00 2.274005511684070824e-04 2.513625822219897870e-04 3.556516449541509178e-04 5.630446060356712572e-04 9.406590222861010726e-04
2.776199999999999779e+00 2.268653088327697998e-04 2.507638943498887818e-04 3.547987311639895155e-04 5.616916403196925726e-04 9.384051173486527252e-04
2.776899999999999924e+00 2.263300664971321921e-04 2.501652064777873971e-04 3.539458173738275169e-04 5.603386746037130207e-04 9.361512124112026430e-04
2.777600000000000069e+00 2.257956299505527295e-04 2.495674294646655082e-04 3.530942073587851220e-04 5.589877748932471635e-04 9.339007257196248971e-04
2.778299999999999770e+00 2.252729528880410359e-04 2.489829452997760332e-04 3.522616243118937207e-04 5.576670259507481410e-04 9.317001240537455074e-04
2.778999999999999915e+00 2.247502758255289358e-04 2.483984611348861787e-04 3.514290412650017772e-04 5.563462770082482512e-04 9.294995223878644913e-04
2.779700000000000060e+00 2.242275987630169441e-04 2.478139769699963784e-04 3.505964582181098337e-04 5.550255280657481445e-04 9.272989207219838005e-04
2.780399999999999761e+00 2.237049217005052234e-04 2.472294928051069034e-04 3.497638751712184324e-04 5.537047791232490137e-04 9.250983190561045191e-04
2.781099999999999905e+00 2.231822446379931504e-04 2.466450086402169947e-04 3.489312921243264889e-04 5.523840301807490154e-04 9.228977173902235031e-04
2.781800000000000050e+00 2.226595675754811045e-04 2.460605244753271401e-04 3.480987090774345996e-04 5.510632812382491256e-04 9.206971157243425954e-04
2.782499999999999751e+00 2.221368905129693838e-04 2.454760403104376651e-04 3.472661260305431440e-04 5.497425322957498863e-04 9.184965140584633141e-04
2.783199999999999896e+00 2.216142134504573379e-04 2.448915561455478648e-04 3.464335429836512548e-04 5.484217833532498880e-04 9.162959123925824064e-04
2.783900000000000041e+00 2.210915363879452920e-04 2.443070719806580103e-04 3.456009599367593113e-04 5.471010344107498898e-04 9.140953107267016072e-04
2.784600000000000186e+00 2.205694001474109152e-04 2.437231990268697978e-04 3.447692517212525443e-04 5.457816719361895889e-04 9.118970037036674189e-04
2.785299999999999887e+00 2.200589899106653469e-04 2.431525782410586651e-04 3.439565114407780997e-04 5.444923706074131838e-04 9.097484487096302612e-04
2.786000000000000032e+00 2.195485796739194805e-04 2.425819574552471800e-04 3.431437711603031672e-04 5.432030692786359114e-04 9.075998937155918024e-04
2.786700000000000177e+00 2.190381694371736142e-04 2.420113366694357220e-04 3.423310308798282347e-04 5.419137679498586390e-04 9.054513387215533437e-04
2.787399999999999878e+00 2.185277592004280730e-04 2.414407158836245622e-04 3.415182905993537901e-04 5.406244666210822340e-04 9.033027837275162944e-04
2.788100000000000023e+00 2.180173489636822066e-04 2.408700950978131042e-04 3.407055503188788576e-04 5.393351652923049615e-04 9.011542287334776188e-04
2.788800000000000168e+00 2.175069387269363674e-04 2.402994743120016462e-04 3.398928100384039251e-04 5.380458639635276891e-04 8.990056737394391600e-04
2.789499999999999869e+00 2.169965284901907720e-04 2.397288535261905135e-04 3.390800697579295347e-04 5.367565626347512841e-04 8.968571187454020023e-04
2.790200000000000014e+00 2.164861182534449599e-04 2.391582327403790284e-04 3.382673294774546022e-04 5.354672613059740117e-04 8.947085637513636520e-04
2.790900000000000158e+00 2.159757080166990393e-04 2.385876119545675704e-04 3.374545891969796697e-04 5.341779599771967393e-04 8.925600087573249764e-04
2.791599999999999859e+00 2.154655857689904942e-04 2.380173165700668269e-04 3.366423146450408773e-04 5.328893968472994203e-04 8.904126758722811412e-04
2.792300000000000004e+00 2.149671510763647873e-04 2.374602270554133367e-04 3.358489409095060979e-04 5.316307922885824553e-04 8.883149402438714421e-04
2.793000000000000149e+00 2.144687163837391347e-04 2.369031375407598737e-04 3.350555671739712102e-04 5.303721877298652734e-04 8.862172046154616345e-04
2.793699999999999850e+00 2.139702816911137802e-04 2.363460480261067359e-04 3.342621934384368645e-04 5.291135831711490673e-04 8.841194689870532364e-04
2.794399999999999995e+00 2.134718469984881546e-04 2.357889585114532728e-04 3.334688197029020309e-04 5.278549786124319939e-04 8.820217333586435372e-04
2.795100000000000140e+00 2.129734123058624749e-04 2.352318689967997827e-04 3.326754459673671974e-04 5.265963740537148120e-04 8.799239977302337297e-04
2.795799999999999841e+00 2.124749776132371475e-04 2.346747794821466720e-04 3.318820722318329059e-04 5.253377694949986059e-04 8.778262621018255484e-04
2.796499999999999986e+00 2.119765429206114406e-04 2.341176899674931818e-04 3.310886984962980724e-04 5.240791649362814240e-04 8.757285264734156324e-04
2.797200000000000131e+00 2.114781082279857879e-04 2.335606004528396917e-04 3.302953247607631846e-04 5.228205603775643506e-04 8.736307908450059332e-04
2.797899999999999832e+00 2.109796735353604606e-04 2.330035109381865268e-04 3.295019510252288931e-04 5.215619558188480361e-04 8.715330552165974267e-04
2.798599999999999977e+00 2.104812857014706393e-04 2.324464743581381137e-04 3.287086530483961056e-04 5.203034713555667289e-04 8.694355184686967941e-04
2.799300000000000122e+00 2.099945422634417460e-04 2.319025920274466010e-04 3.279341811090200824e-04 5.190748306080705072e-04 8.673874035272603885e-04
2.799999999999999822e+00 2.095077988254131238e-04 2.313587096967554678e-04 3.271597091696445470e-04 5.178461898605749361e-04 8.653392885858253924e-04
2.800699999999999967e+00 2.090210553873842305e-04 2.308148273660639552e-04 3.263852372302686322e-04 5.166175491130787145e-04 8.632911736443893121e-04
2.801400000000000112e+00 2.085343119493553372e-04 2.302709450353724696e-04 3.256107652908926632e-04 5.153889083655823844e-04 8.612430587029530149e-04
2.802099999999999813e+00 2.080475685113267691e-04 2.297270627046812822e-04 3.248362933515171278e-04 5.141602676180869217e-04 8.591949437615181272e-04
2.802799999999999958e+00 2.075608250732978758e-04 2.291831803739897695e-04 3.240618214121411588e-04 5.129316268705905917e-04 8.571468288200818301e-04
2.803500000000000103e+00 2.070740816352689554e-04 2.286392980432983110e-04 3.232873494727652439e-04 5.117029861230943701e-04 8.550987138786455329e-04
2.804199999999999804e+00 2.065873381972403874e-04 2.280954157126071236e-04 3.225128775333897086e-04 5.104743453755987989e-04 8.530505989372105368e-04
2.804899999999999949e+00 2.061005947592114398e-04 2.275515333819156652e-04 3.217384055940137396e-04 5.092457046281025773e-04 8.510024839957743481e-04
2.805600000000000094e+00 2.056138513211825465e-04 2.270076510512240983e-04 3.209639336546377705e-04 5.080170638806062473e-04 8.489543690543380509e-04
2.806299999999999795e+00 2.051383386844057974e-04 2.264764529752709313e-04 3.202076141959431612e-04 5.068172025380593589e-04 8.469539273439455644e-04
2.806999999999999940e+00 2.046630090342072222e-04 2.259454615674190165e-04 3.194515905006807435e-04 5.056178101063865758e-04 8.449542623868070259e-04
2.807700000000000085e+00 2.041876793840086200e-04 2.254144701595671289e-04 3.186955668054183800e-04 5.044184176747139011e-04 8.429545974296685958e-04
2.808399999999999785e+00 2.037123497338102888e-04 2.248834787517155936e-04 3.179395431101564502e-04 5.032190252430419853e-04 8.409549324725312499e-04
2.809099999999999930e+00 2.032370200836117137e-04 2.243524873438636517e-04 3.171835194148940325e-04 5.020196328113692022e-04 8.389552675153928198e-04
2.809800000000000075e+00 2.027616904334131115e-04 2.238214959360117370e-04 3.164274957196316690e-04 5.008202403796965275e-04 8.369556025582543897e-04
2.810499999999999776e+00 2.022863607832148074e-04 2.232905045281601746e-04 3.156714720243696849e-04 4.996208479480245034e-04 8.349559376011172606e-04
2.811199999999999921e+00 2.018110311330162051e-04 2.227595131203082869e-04 3.149154483291073214e-04 4.984214555163518287e-04 8.329562726439786137e-04
2.811900000000000066e+00 2.013357014828176029e-04 2.222285217124564264e-04 3.141594246338449037e-04 4.972220630846790456e-04 8.309566076868401836e-04
2.812599999999999767e+00 2.008603718326192988e-04 2.216975303046048098e-04 3.134034009385830281e-04 4.960226706530071299e-04 8.289569427297029461e-04
2.813299999999999912e+00 2.003957832098712474e-04 2.211786673241477523e-04 3.126647333614329281e-04 4.948507982383845922e-04 8.270028779414623351e-04
2.814000000000000057e+00 1.999315965382544294e-04 2.206602582141544767e-04 3.119267152855843112e-04 4.936799556788701478e-04 8.250505196044485758e-04
2.814699999999999758e+00 1.994674098666379366e-04 2.201418491041615263e-04 3.111886972097362364e-04 4.925091131193563539e-04 8.230981612674361176e-04
2.815399999999999903e+00 1.990032231950211185e-04 2.196234399941683049e-04 3.104506791338876195e-04 4.913382705598418011e-04 8.211458029304224667e-04
2.816100000000000048e+00 1.985390365234043005e-04 2.191050308841750835e-04 3.097126610580390568e-04 4.901674280003271399e-04 8.191934445934087074e-04
2.816800000000000193e+00 1.980748498517874824e-04 2.185866217741818079e-04 3.089746429821904942e-04 4.889965854408125871e-04 8.172410862563949481e-04
2.817499999999999893e+00 1.976106631801709354e-04 2.180682126641888575e-04 3.082366249063424194e-04 4.878257428812987932e-04 8.152887279193823814e-04
2.818200000000000038e+00 1.971464765085541174e-04 2.175498035541956361e-04 3.074986068304938025e-04 4.866549003217842946e-04 8.133363695823688389e-04
2.818900000000000183e+00 1.966822898369373265e-04 2.170313944442023605e-04 3.067605887546452940e-04 4.854840577622698502e-04 8.113840112453550796e-04
2.819599999999999884e+00 1.962181031653208066e-04 2.165129853342094102e-04 3.060225706787971108e-04 4.843132152027560021e-04 8.094316529083425129e-04
2.820300000000000029e+00 1.957641847332132555e-04 2.160061682267421933e-04 3.053011401649273634e-04 4.831686769813737029e-04 8.075228927201247905e-04
2.821000000000000174e+00 1.953108767272336978e-04 2.155000402404442573e-04 3.045806957481604605e-04 4.820257024998379444e-04 8.056167243539160338e-04
2.821699999999999875e+00 1.948575687212544111e-04 2.149939122541465924e-04 3.038602513313938829e-04 4.808827280183030533e-04 8.037105559877084698e-04
2.822400000000000020e+00 1.944042607152748263e-04 2.144877842678486835e-04 3.031398069146269800e-04 4.797397535367672948e-04 8.018043876214998216e-04
2.823100000000000165e+00 1.939509527092952144e-04 2.139816562815506933e-04 3.024193624978599687e-04 4.785967790552315905e-04 7.998982192552910649e-04
2.823799999999999866e+00 1.934976447033159277e-04 2.134755282952530283e-04 3.016989180810934995e-04 4.774538045736965910e-04 7.979920508890835009e-04
2.824500000000000011e+00 1.930443366973363700e-04 2.129694003089550652e-04 3.009784736643265424e-04 4.763108300921608325e-04 7.960858825228748527e-04
2.825200000000000156e+00 1.925910286913567852e-04 2.124632723226571292e-04 3.002580292475595311e-04 4.751678556106251824e-04 7.941797141566658792e-04
2.825899999999999856e+00 1.921377206853774715e-04 2.119571443363594914e-04 2.995375848307930619e-04 4.740248811290901829e-04 7.922735457904584236e-04
2.826600000000000001e+00 1.916844126793979138e-04 2.114510163500615554e-04 2.988171404140261048e-04 4.728819066475544244e-04 7.903673774242496669e-04
2.827300000000000146e+00 1.912409165749785051e-04 2.109559627288928375e-04 2.981125419312342169e-04 4.717640631701798667e-04 7.885028740590466646e-04
2.827999999999999847e+00 1.907982292607096717e-04 2.104618219621168631e-04 2.974092496208745329e-04 4.706482912289407542e-04 7.866418051190902450e-04
2.828699999999999992e+00 1.903555419464405402e-04 2.099676811953406176e-04 2.967059573105144694e-04 4.695325192877009913e-04 7.847807361791328496e-04
2.829400000000000137e+00 1.899128546321714357e-04 2.094735404285643721e-04 2.960026650001542975e-04 4.684167473464611741e-04 7.829196672391753459e-04
2.830099999999999838e+00 1.894701673179026023e-04 2.089793996617884248e-04 2.952993726897946134e-04 4.673009754052221158e-04 7.810585982992190347e-04
2.830799999999999983e+00 1.890274800036334979e-04 2.084852588950121251e-04 2.945960803794345499e-04 4.661852034639824070e-04 7.791975293592615310e-04
2.831500000000000128e+00 1.885847926893643935e-04 2.079911181282358796e-04 2.938927880690744322e-04 4.650694315227426440e-04 7.773364604193040272e-04
2.832199999999999829e+00 1.881421053750955601e-04 2.074969773614599594e-04 2.931894957587148024e-04 4.639536595815034231e-04 7.754753914793477160e-04
2.832899999999999974e+00 1.876994180608264557e-04 2.070028365946836868e-04 2.924862034483546847e-04 4.628378876402636601e-04 7.736143225393902123e-04
2.833600000000000119e+00 1.872567307465573241e-04 2.065086958279074142e-04 2.917829111379945670e-04 4.617221156990239514e-04 7.717532535994328169e-04
2.834299999999999820e+00 1.868234149260923963e-04 2.060251299797950548e-04 2.910947492095398276e-04 4.606303424485741222e-04 7.699319832761879678e-04
2.834999999999999964e+00 1.863910965151672756e-04 2.055426896219170988e-04 2.904081976099792445e-04 4.595411233825091759e-04 7.681149487258957754e-04
2.835700000000000109e+00 1.859587781042421550e-04 2.050602492640391428e-04 2.897216460104186072e-04 4.584519043164442297e-04 7.662979141756036915e-04
2.836399999999999810e+00 1.855264596933173325e-04 2.045778089061614849e-04 2.890350944108584577e-04 4.573626852503799339e-04 7.644808796253126917e-04
2.837099999999999955e+00 1.850941412823922118e-04 2.040953685482835289e-04 2.883485428112978204e-04 4.562734661843150961e-04 7.626638450750206077e-04
2.837800000000000100e+00 1.846618228714670912e-04 2.036129281904055729e-04 2.876619912117371830e-04 4.551842471182501499e-04 7.608468105247285238e-04
2.838499999999999801e+00 1.842295044605422687e-04 2.031304878325279151e-04 2.869754396121769794e-04 4.540950280521858541e-04 7.590297759744374156e-04
2.839199999999999946e+00 1.837971860496171209e-04 2.026480474746499320e-04 2.862888880126163963e-04 4.530058089861209621e-04 7.572127414241453316e-04
2.839900000000000091e+00 1.833648676386920274e-04 2.021656071167719760e-04 2.856023364130558131e-04 4.519165899200560158e-04 7.553957068738532477e-04
2.840599999999999792e+00 1.829325492277671778e-04 2.016831667588943181e-04 2.849157848134956095e-04 4.508273708539917201e-04 7.535786723235621395e-04
2.841299999999999937e+00 1.825091773288906093e-04 2.012108194855326347e-04 2.842436732928781519e-04 4.497610579002003870e-04 7.517996347197241974e-04
2.842000000000000082e+00 1.820869820687868654e-04 2.007397996473228217e-04 2.835734609209652037e-04 4.486977575416739388e-04 7.500255944467126411e-04
2.842699999999999783e+00 1.816647868086833655e-04 2.002687798091132526e-04 2.829032485490526891e-04 4.476344571831483037e-04 7.482515541737020607e-04
2.843399999999999928e+00 1.812425915485796487e-04 1.997977599709034125e-04 2.822330361771397951e-04 4.465711568246218013e-04 7.464775139006903960e-04
2.844100000000000072e+00 1.808203962884759048e-04 1.993267401326935453e-04 2.815628238052268468e-04 4.455078564660954615e-04 7.447034736276787314e-04
2.844799999999999773e+00 1.803982010283724049e-04 1.988557202944840033e-04 2.808926114333143323e-04 4.444445561075697181e-04 7.429294333546683678e-04
2.845499999999999918e+00 1.799760057682686610e-04 1.983847004562741632e-04 2.802223990614014382e-04 4.433812557490432698e-04 7.411553930816567031e-04
2.846200000000000063e+00 1.795538105081649443e-04 1.979136806180643231e-04 2.795521866894884900e-04 4.423179553905168758e-04 7.393813528086449300e-04
2.846899999999999764e+00 1.791316152480614172e-04 1.974426607798547811e-04 2.788819743175760296e-04 4.412546550319910782e-04 7.376073125356344580e-04
2.847599999999999909e+00 1.787094199879577005e-04 1.969716409416449410e-04 2.782117619456630814e-04 4.401913546734646842e-04 7.358332722626227933e-04
2.848300000000000054e+00 1.782957611951054282e-04 1.965102494049207615e-04 2.775553237966660422e-04 4.391499063353568148e-04 7.340954899882134533e-04
2.848999999999999755e+00 1.778834492230726852e-04 1.960503769505658354e-04 2.769010588429322330e-04 4.381119056478026625e-04 7.323634282333063268e-04
2.849699999999999900e+00 1.774711372510396441e-04 1.955905044962106653e-04 2.762467938891979900e-04 4.370739049602479138e-04 7.306313664783981162e-04
2.850400000000000045e+00 1.770588252790066301e-04 1.951306320418554681e-04 2.755925289354637471e-04 4.360359042726931651e-04 7.288993047234897972e-04
2.851100000000000190e+00 1.766465133069735889e-04 1.946707595875002981e-04 2.749382639817295583e-04 4.349979035851384165e-04 7.271672429685816950e-04
2.851799999999999891e+00 1.762342013349408459e-04 1.942108871331453719e-04 2.742839990279957491e-04 4.339599028975844267e-04 7.254351812136744602e-04
2.852500000000000036e+00 1.758218893629078048e-04 1.937510146787901747e-04 2.736297340742615061e-04 4.329219022100296238e-04 7.237031194587662496e-04
2.853200000000000180e+00 1.754095773908747637e-04 1.932911422244350046e-04 2.729754691205272632e-04 4.318839015224748752e-04 7.219710577038580390e-04
2.853899999999999881e+00 1.749972654188419936e-04 1.928312697700800785e-04 2.723212041667934539e-04 4.308459008349207770e-04 7.202389959489509125e-04
2.854600000000000026e+00 1.745849534468089795e-04 1.923713973157248813e-04 2.716669392130592652e-04 4.298079001473660283e-04 7.185069341940425935e-04
2.855300000000000171e+00 1.741807823598572264e-04 1.919207048866459521e-04 2.710258062949268089e-04 4.287907346633590302e-04 7.168094522769901658e-04
2.855999999999999872e+00 1.737781195604029484e-04 1.914717132698512739e-04 2.703871063905166476e-04 4.277774293833353728e-04 7.151183770757410128e-04
2.856700000000000017e+00 1.733754567609484536e-04 1.910227216530562704e-04 2.697484064861061610e-04 4.267641241033110649e-04 7.134273018744907756e-04
2.857400000000000162e+00 1.729727939614939046e-04 1.905737300362613483e-04 2.691097065816956202e-04 4.257508188232867028e-04 7.117362266732406469e-04
2.858099999999999863e+00 1.725701311620396537e-04 1.901247384194666430e-04 2.684710066772855131e-04 4.247375135432630996e-04 7.100451514719914939e-04
2.858800000000000008e+00 1.721674683625851047e-04 1.896757468026716666e-04 2.678323067728749724e-04 4.237242082632387374e-04 7.083540762707412567e-04
2.859500000000000153e+00 1.717648055631305827e-04 1.892267551858766903e-04 2.671936068684644316e-04 4.227109029832144295e-04 7.066630010694911279e-04
2.860199999999999854e+00 1.713621427636763319e-04 1.887777635690820121e-04 2.665549069640543245e-04 4.216975977031907721e-04 7.049719258682420834e-04
2.860899999999999999e+00 1.709594799642218099e-04 1.883287719522870086e-04 2.659162070596437838e-04 4.206842924231664642e-04 7.032808506669918462e-04
2.861600000000000144e+00 1.705568171647672880e-04 1.878797803354920594e-04 2.652775071552332430e-04 4.196709871431422104e-04 7.015897754657416090e-04
2.862299999999999844e+00 1.701619136708035923e-04 1.874395364467066824e-04 2.646513200128720205e-04 4.186775363486225821e-04 6.999316608482812532e-04
2.862999999999999989e+00 1.697686715366526658e-04 1.870011655507794728e-04 2.640278120020440661e-04 4.176883366361566568e-04 6.982806034847697683e-04
2.863700000000000134e+00 1.693754294025017664e-04 1.865627946548522632e-04 2.634043039912160032e-04 4.166991369236908399e-04 6.966295461212582835e-04
2.864399999999999835e+00 1.689821872683511109e-04 1.861244237589252976e-04 2.627807959803884282e-04 4.157099372112256735e-04 6.949784887577479912e-04
2.865099999999999980e+00 1.685889451342002386e-04 1.856860528629981151e-04 2.621572879695603653e-04 4.147207374987598024e-04 6.933274313942365064e-04
2.865800000000000125e+00 1.681957030000493121e-04 1.852476819670708784e-04 2.615337799587323566e-04 4.137315377862939314e-04 6.916763740307250215e-04
2.866499999999999826e+00 1.678024608658986567e-04 1.848093110711439670e-04 2.609102719479047274e-04 4.127423380738287108e-04 6.900253166672147293e-04
2.867199999999999971e+00 1.674092187317477573e-04 1.843709401752167303e-04 2.602867639370767187e-04 4.117531383613628939e-04 6.883742593037032445e-04
2.867900000000000116e+00 1.670159765975968579e-04 1.839325692792895478e-04 2.596632559262486558e-04 4.107639386488970228e-04 6.867232019401917596e-04
2.868599999999999817e+00 1.666227344634462024e-04 1.834941983833625822e-04 2.590397479154210808e-04 4.097747389364318022e-04 6.850721445766813590e-04
2.869299999999999962e+00 1.662368836115931000e-04 1.830641583851834757e-04 2.584281555745067275e-04 4.088044479486344280e-04 6.834524856225893162e-04
2.870000000000000107e+00 1.658528391080322411e-04 1.826361543670025969e-04 2.578194752925738048e-04 4.078387780456687391e-04 6.818405000952380791e-04
2.870699999999999807e+00 1.654687946044715991e-04 1.822081503488219892e-04 2.572107950106412616e-04 4.068731081427037007e-04 6.802285145678879262e-04
2.871399999999999952e+00 1.650847501009107673e-04 1.817801463306410834e-04 2.566021147287083932e-04 4.059074382397380117e-04 6.786165290405367975e-04
2.872100000000000097e+00 1.647007055973498813e-04 1.813521423124602318e-04 2.559934344467754705e-04 4.049417683367723228e-04 6.770045435131856687e-04
2.872799999999999798e+00 1.643166610937892664e-04 1.809241382942796241e-04 2.553847541648429273e-04 4.039760984338072844e-04 6.753925579858355158e-04
2.873499999999999943e+00 1.639326165902283805e-04 1.804961342760987453e-04 2.547760738829100047e-04 4.030104285308415955e-04 6.737805724584842787e-04
2.874200000000000088e+00 1.635485720866675216e-04 1.800681302579178395e-04 2.541673936009770278e-04 4.020447586278759066e-04 6.721685869311332584e-04
2.874899999999999789e+00 1.631645275831068796e-04 1.796401262397372589e-04 2.535587133190445389e-04 4.010790887249108681e-04 6.705566014037829970e-04
2.875599999999999934e+00 1.627804830795460207e-04 1.792121222215563802e-04 2.529500330371116162e-04 4.001134188219451792e-04 6.689446158764317599e-04
2.876300000000000079e+00 1.624034749587700236e-04 1.787920472414077989e-04 2.523526928039956626e-04 3.991657457319882502e-04 6.673625218888981029e-04
2.876999999999999780e+00 1.620284103912954514e-04 1.783741623791814681e-04 2.517584848605788623e-04 3.982230436287453228e-04 6.657886843880669999e-04
2.877699999999999925e+00 1.616533458238206082e-04 1.779562775169548391e-04 2.511642769171616827e-04 3.972803415255018534e-04 6.642148468872347044e-04
2.878400000000000070e+00 1.612782812563457921e-04 1.775383926547282373e-04 2.505700689737445030e-04 3.963376394222583839e-04 6.626410093864024088e-04
2.879099999999999770e+00 1.609032166888712200e-04 1.771205077925018794e-04 2.499758610303277027e-04 3.953949373190155108e-04 6.610671718855713058e-04
2.879799999999999915e+00 1.605281521213964039e-04 1.767026229302752775e-04 2.493816530869105231e-04 3.944522352157719871e-04 6.594933343847390102e-04
2.880500000000000060e+00 1.601530875539215878e-04 1.762847380680486486e-04 2.487874451434933434e-04 3.935095331125284634e-04 6.579194968839067147e-04
2.881199999999999761e+00 1.597780229864469886e-04 1.758668532058223178e-04 2.481932372000765974e-04 3.925668310092856445e-04 6.563456593830755033e-04
2.881899999999999906e+00 1.594029584189721725e-04 1.754489683435957160e-04 2.475990292566594177e-04 3.916241289060420666e-04 6.547718218822433161e-04
2.882600000000000051e+00 1.590278938514973564e-04 1.750310834813691141e-04 2.470048213132422380e-04 3.906814268027985972e-04 6.531979843814111290e-04
2.883299999999999752e+00 1.586595234713271982e-04 1.746207402865752910e-04 2.464213985795377332e-04 3.897558423747100637e-04 6.516525851313199847e-04
2.883999999999999897e+00 1.582932263565161289e-04 1.742127328313009915e-04 2.458413161470036023e-04 3.888355594838079424e-04 6.501159935284387108e-04
2.884700000000000042e+00 1.579269292417051138e-04 1.738047253760267191e-04 2.452612337144694172e-04 3.879152765929057669e-04 6.485794019255574369e-04
2.885400000000000187e+00 1.575606321268940987e-04 1.733967179207524195e-04 2.446811512819352320e-04 3.869949937020036456e-04 6.470428103226761631e-04
2.886099999999999888e+00 1.571943350120832733e-04 1.729887104654783910e-04 2.441010688494014535e-04 3.860747108111020664e-04 6.455062187197959734e-04
2.886800000000000033e+00 1.568280378972722582e-04 1.725807030102041186e-04 2.435209864168672413e-04 3.851544279201998908e-04 6.439696271169146995e-04
2.887500000000000178e+00 1.564617407824612160e-04 1.721726955549298462e-04 2.429409039843331375e-04 3.842341450292977153e-04 6.424330355140335340e-04
2.888199999999999878e+00 1.560954436676504178e-04 1.717646880996558177e-04 2.423608215517993048e-04 3.833138621383961903e-04 6.408964439111531275e-04
2.888900000000000023e+00 1.557291465528394027e-04 1.713566806443815452e-04 2.417807391192651739e-04 3.823935792474939606e-04 6.393598523082719620e-04
2.889600000000000168e+00 1.553628494380283876e-04 1.709486731891072457e-04 2.412006566867309616e-04 3.814732963565918393e-04 6.378232607053906881e-04
2.890299999999999869e+00 1.550029166121146646e-04 1.705478340529424392e-04 2.406308247384787962e-04 3.805692837331772879e-04 6.363137059698150549e-04
2.891000000000000014e+00 1.546451795516423471e-04 1.701494680834780924e-04 2.400645293454501338e-04 3.796708845713210058e-04 6.348134793178367456e-04
2.891700000000000159e+00 1.542874424911700295e-04 1.697511021140137727e-04 2.394982339524214172e-04 3.787724854094646695e-04 6.333132526658584362e-04
2.892399999999999860e+00 1.539297054306979287e-04 1.693527361445497240e-04 2.389319385593930529e-04 3.778740862476089838e-04 6.318130260138809942e-04
2.893100000000000005e+00 1.535719683702256111e-04 1.689543701750853772e-04 2.383656431663643905e-04 3.769756870857527017e-04 6.303127993619026849e-04
2.893800000000000150e+00 1.532142313097532664e-04 1.685560042056210575e-04 2.377993477733356738e-04 3.760772879238964196e-04 6.288125727099244840e-04
2.894499999999999851e+00 1.528564942492811657e-04 1.681576382361569817e-04 2.372330523803073367e-04 3.751788887620406796e-04 6.273123460579470420e-04
2.895199999999999996e+00 1.524987571888088752e-04 1.677592722666926620e-04 2.366667569872786742e-04 3.742804896001843975e-04 6.258121194059687326e-04
2.895900000000000141e+00 1.521410201283365305e-04 1.673609062972283422e-04 2.361004615942499576e-04 3.733820904383281154e-04 6.243118927539904233e-04
2.896599999999999842e+00 1.517832830678644297e-04 1.669625403277642394e-04 2.355341662012216204e-04 3.724836912764724296e-04 6.228116661020130897e-04
2.897299999999999986e+00 1.514315923003158027e-04 1.665709828986889523e-04 2.349776060325304303e-04 3.716007456918806189e-04 6.213371252127187919e-04
2.898000000000000131e+00 1.510822128580399789e-04 1.661820281803440876e-04 2.344247673623394736e-04 3.707237075689577381e-04 6.198724032576359870e-04
2.898699999999999832e+00 1.507328334157643449e-04 1.657930734619994398e-04 2.338719286921488692e-04 3.698466694460354537e-04 6.184076813025542662e-04
2.899399999999999977e+00 1.503834539734884941e-04 1.654041187436545751e-04 2.333190900219578583e-04 3.689696313231126813e-04 6.169429593474714613e-04
2.900100000000000122e+00 1.500340745312126432e-04 1.650151640253096834e-04 2.327662513517669558e-04 3.680925932001898005e-04 6.154782373923888732e-04
2.900799999999999823e+00 1.496846950889370363e-04 1.646262093069650627e-04 2.322134126815763515e-04 3.672155550772675161e-04 6.140135154373070440e-04
2.901499999999999968e+00 1.493353156466611584e-04 1.642372545886202251e-04 2.316605740113853948e-04 3.663385169543446895e-04 6.125487934822242391e-04
2.902200000000000113e+00 1.489859362043853617e-04 1.638482998702753333e-04 2.311077353411944381e-04 3.654614788314218088e-04 6.110840715271415426e-04
2.902899999999999814e+00 1.486365567621097006e-04 1.634593451519307126e-04 2.305548966710038337e-04 3.645844407084995243e-04 6.096193495720597134e-04
2.903599999999999959e+00 1.482871773198338769e-04 1.630703904335858209e-04 2.300020580008128770e-04 3.637074025855766978e-04 6.081546276169770169e-04
2.904300000000000104e+00 1.479435376942590883e-04 1.626878976075952219e-04 2.294584581318684445e-04 3.628450310844121571e-04 6.067142890187348942e-04
2.904999999999999805e+00 1.476023182762963102e-04 1.623081294541645428e-04 2.289187538258431840e-04 3.619888437998300748e-04 6.052842317219535697e-04
2.905699999999999950e+00 1.472610988583333423e-04 1.619283613007335926e-04 2.283790495198175982e-04 3.611326565152473962e-04 6.038541744251712693e-04
2.906400000000000095e+00 1.469198794403703745e-04 1.615485931473026424e-04 2.278393452137919854e-04 3.602764692306647176e-04 6.024241171283889690e-04
2.907099999999999795e+00 1.465786600224076234e-04 1.611688249938719633e-04 2.272996409077666978e-04 3.594202819460825811e-04 6.009940598316075360e-04
2.907799999999999940e+00 1.462374406044446556e-04 1.607890568404410131e-04 2.267599366017410850e-04 3.585640946614999025e-04 5.995640025348253441e-04
2.908500000000000085e+00 1.458962211864816877e-04 1.604092886870100900e-04 2.262202322957154721e-04 3.577079073769172781e-04 5.981339452380430438e-04
2.909199999999999786e+00 1.455550017685189367e-04 1.600295205335794109e-04 2.256805279896901845e-04 3.568517200923350874e-04 5.967038879412617193e-04
2.909899999999999931e+00 1.452137823505559688e-04 1.596497523801484607e-04 2.251408236836645446e-04 3.559955328077524630e-04 5.952738306444794189e-04
2.910600000000000076e+00 1.448725629325929738e-04 1.592699842267175105e-04 2.246011193776389859e-04 3.551393455231697843e-04 5.938437733476972270e-04
2.911299999999999777e+00 1.445367880037861784e-04 1.588963440227239413e-04 2.240701756769820907e-04 3.542970666860081690e-04 5.924368441662025480e-04
2.911999999999999922e+00 1.442035357415089372e-04 1.585255431618711028e-04 2.235432911424486480e-04 3.534612322321083904e-04 5.910406312375377511e-04
2.912700000000000067e+00 1.438702834792316418e-04 1.581547423010182371e-04 2.230164066079152324e-04 3.526253977782086118e-04 5.896444183088729541e-04
2.913399999999999768e+00 1.435370312169546175e-04 1.577839414401656425e-04 2.224895220733820878e-04 3.517895633243093212e-04 5.882482053802090246e-04
2.914099999999999913e+00 1.432037789546773221e-04 1.574131405793128039e-04 2.219626375388486722e-04 3.509537288704095426e-04 5.868519924515443360e-04
2.914800000000000058e+00 1.428705266924000538e-04 1.570423397184599382e-04 2.214357530043152295e-04 3.501178944165097098e-04 5.854557795228795391e-04
2.915499999999999758e+00 1.425372744301230024e-04 1.566715388576073436e-04 2.209088684697821392e-04 3.492820599626104191e-04 5.840595665942157179e-04
2.916199999999999903e+00 1.422040221678457341e-04 1.563007379967544779e-04 2.203819839352486694e-04 3.484462255087106405e-04 5.826633536655509210e-04
2.916900000000000048e+00 1.418707699055684658e-04 1.559299371359016665e-04 2.198550994007153080e-04 3.476103910548108619e-04 5.812671407368862325e-04
2.917599999999999749e+00 1.415375176432913872e-04 1.555591362750490447e-04 2.193282148661822176e-04 3.467745566009115712e-04 5.798709278082223029e-04
2.918299999999999894e+00 1.412094253314978012e-04 1.551941417132300367e-04 2.188096303771570883e-04 3.459519002760786700e-04 5.784966334274301491e-04
2.919000000000000039e+00 1.408839519673816729e-04 1.548320941551502403e-04 2.182952586000516334e-04 3.451359325484760977e-04 5.771334638685190815e-04
2.919700000000000184e+00 1.405584786032655718e-04 1.544700465970704709e-04 2.177808868229461515e-04 3.443199648208735797e-04 5.757702943096077971e-04
2.920399999999999885e+00 1.402330052391496603e-04 1.541079990389908913e-04 2.172665150458410219e-04 3.435039970932715495e-04 5.744071247506975968e-04
2.921100000000000030e+00 1.399075318750335592e-04 1.537459514809110949e-04 2.167521432687355670e-04 3.426880293656689230e-04 5.730439551917865292e-04
2.921800000000000175e+00 1.395820585109174580e-04 1.533839039228313255e-04 2.162377714916300850e-04 3.418720616380663507e-04 5.716807856328753532e-04
2.922499999999999876e+00 1.392565851468015466e-04 1.530218563647517730e-04 2.157233997145249554e-04 3.410560939104642663e-04 5.703176160739651529e-04
2.923200000000000021e+00 1.389311117826854455e-04 1.526598088066719765e-04 2.152090279374194734e-04 3.402401261828617482e-04 5.689544465150539769e-04
2.923900000000000166e+00 1.386056384185693172e-04 1.522977612485922072e-04 2.146946561603140186e-04 3.394241584552591760e-04 5.675912769561428008e-04
2.924599999999999866e+00 1.382801650544534329e-04 1.519357136905126547e-04 2.141802843832088890e-04 3.386081907276571458e-04 5.662281073972326006e-04
2.925300000000000011e+00 1.379595775421541817e-04 1.515791626735562864e-04 2.136737691544901791e-04 3.378046977691398110e-04 5.648856910459274005e-04
2.926000000000000156e+00 1.376416993184013970e-04 1.512256595828303325e-04 2.131716105164656522e-04 3.370081222838225226e-04 5.635547827038242443e-04
2.926699999999999857e+00 1.373238210946488020e-04 1.508721564921046226e-04 2.126694518784414236e-04 3.362115467985057221e-04 5.622238743617218471e-04
2.927400000000000002e+00 1.370059428708959902e-04 1.505186534013786687e-04 2.121672932404169510e-04 3.354149713131883794e-04 5.608929660196186910e-04
2.928100000000000147e+00 1.366880646471431784e-04 1.501651503106527148e-04 2.116651346023924241e-04 3.346183958278710368e-04 5.595620576775155348e-04
2.928799999999999848e+00 1.363701864233905835e-04 1.498116472199270319e-04 2.111629759643682497e-04 3.338218203425541821e-04 5.582311493354132461e-04
2.929499999999999993e+00 1.360523081996377716e-04 1.494581441292010780e-04 2.106608173263437229e-04 3.330252448572368395e-04 5.569002409933099815e-04
2.930200000000000138e+00 1.357344299758849327e-04 1.491046410384751512e-04 2.101586586883192232e-04 3.322286693719195510e-04 5.555693326512068254e-04
2.930899999999999839e+00 1.354165517521323378e-04 1.487511379477494413e-04 2.096565000502949674e-04 3.314320938866026963e-04 5.542384243091045366e-04
2.931599999999999984e+00 1.350986735283795531e-04 1.483976348570234874e-04 2.091543414122704677e-04 3.306355184012853537e-04 5.529075159670012720e-04
2.932300000000000129e+00 1.347854171595335923e-04 1.480493300541970586e-04 2.086596123323672478e-04 3.298507404126301544e-04 5.515962383143977387e-04
2.932999999999999829e+00 1.344749547094096327e-04 1.477041676247634831e-04 2.081693744322931868e-04 3.290730940296747106e-04 5.502968274451579961e-04
2.933699999999999974e+00 1.341644922592855104e-04 1.473590051953297178e-04 2.076791365322188548e-04 3.282954476467187790e-04 5.489974165759174945e-04
2.934400000000000119e+00 1.338540298091613881e-04 1.470138427658958984e-04 2.071888986321445770e-04 3.275178012637628474e-04 5.476980057066768845e-04
2.935099999999999820e+00 1.335435673590374555e-04 1.466686803364623229e-04 2.066986607320705431e-04 3.267401548808074579e-04 5.463985948374372502e-04
2.935799999999999965e+00 1.332331049089133062e-04 1.463235179070285306e-04 2.062084228319961839e-04 3.259625084978515263e-04 5.450991839681967486e-04
2.936500000000000110e+00 1.329226424587891839e-04 1.459783554775947382e-04 2.057181849319218790e-04 3.251848621148956489e-04 5.437997730989561386e-04
2.937199999999999811e+00 1.326121800086652513e-04 1.456331930481611628e-04 2.052279470318478722e-04 3.244072157319402051e-04 5.425003622297165044e-04
2.937899999999999956e+00 1.323017175585411019e-04 1.452880306187273704e-04 2.047377091317735401e-04 3.236295693489843277e-04 5.412009513604758943e-04
2.938600000000000101e+00 1.319912551084169796e-04 1.449428681892935510e-04 2.042474712316992081e-04 3.228519229660283961e-04 5.399015404912353927e-04
2.939299999999999802e+00 1.316851602901036021e-04 1.446026169232731502e-04 2.037642518673507834e-04 3.220854220501019561e-04 5.386206792514399962e-04
2.939999999999999947e+00 1.313819385319178940e-04 1.442655962564412498e-04 2.032856493471006827e-04 3.213262527038485486e-04 5.373520200934708878e-04
2.940700000000000092e+00 1.310787167737321589e-04 1.439285755896093494e-04 2.028070468268505821e-04 3.205670833575951411e-04 5.360833609355016710e-04
2.941399999999999793e+00 1.307754950155466678e-04 1.435915549227776658e-04 2.023284443066007796e-04 3.198079140113422756e-04 5.348147017775334300e-04
2.942099999999999937e+00 1.304722732573609326e-04 1.432545342559457654e-04 2.018498417863506789e-04 3.190487446650888681e-04 5.335460426195643216e-04
2.942800000000000082e+00 1.301690514991752517e-04 1.429175135891138650e-04 2.013712392661005512e-04 3.182895753188355148e-04 5.322773834615952132e-04
2.943499999999999783e+00 1.298658297409897334e-04 1.425804929222821815e-04 2.008926367458507486e-04 3.175304059725825951e-04 5.310087243036269722e-04
2.944199999999999928e+00 1.295626079828040254e-04 1.422434722554502811e-04 2.004140342256006480e-04 3.167712366263291876e-04 5.297400651456577554e-04
2.944900000000000073e+00 1.292593862246182903e-04 1.419064515886183807e-04 1.999354317053505473e-04 3.160120672800758343e-04 5.284714059876887554e-04
2.945599999999999774e+00 1.289561644664327991e-04 1.415694309217866971e-04 1.994568291851007177e-04 3.152528979338229146e-04 5.272027468297204060e-04
2.946299999999999919e+00 1.286570655728349884e-04 1.412370450581796840e-04 1.989848496234701612e-04 3.145042464483016630e-04 5.259515963748637515e-04
2.947000000000000064e+00 1.283609136065027581e-04 1.409079720436131201e-04 1.985176039978975109e-04 3.137631128838534668e-04 5.247129607318540842e-04
2.947699999999999765e+00 1.280647616401706904e-04 1.405788990290468001e-04 1.980503583723252129e-04 3.130219793194058127e-04 5.234743250888448506e-04
2.948399999999999910e+00 1.277686096738384872e-04 1.402498260144802633e-04 1.975831127467525625e-04 3.122808457549577249e-04 5.222356894458350749e-04
2.949100000000000055e+00 1.274724577075062569e-04 1.399207529999137265e-04 1.971158671211799393e-04 3.115397121905095286e-04 5.209970538028251908e-04
2.949799999999999756e+00 1.271763057411742163e-04 1.395916799853474065e-04 1.966486214956076142e-04 3.107985786260618745e-04 5.197584181598161740e-04
2.950499999999999901e+00 1.268801537748419860e-04 1.392626069707808697e-04 1.961813758700349639e-04 3.100574450616137867e-04 5.185197825168062899e-04
2.951200000000000045e+00 1.265840018085097286e-04 1.389335339562143329e-04 1.957141302444623406e-04 3.093163114971655904e-04 5.172811468737964057e-04
2.951900000000000190e+00 1.262878498421775254e-04 1.386044609416477690e-04 1.952468846188897174e-04 3.085751779327174484e-04 5.160425112307866300e-04
2.952599999999999891e+00 1.259916978758454848e-04 1.382753879270814490e-04 1.947796389933173923e-04 3.078340443682697943e-04 5.148038755877775048e-04
2.953300000000000036e+00 1.256994331545216676e-04 1.379506837665813790e-04 1.943186356878981729e-04 3.071028246867386728e-04 5.135817465696513023e-04
2.954000000000000181e+00 1.254101841606421197e-04 1.376293689661755714e-04 1.938624751788969305e-04 3.063792962026308520e-04 5.123724234028581093e-04
2.954699999999999882e+00 1.251209351667627073e-04 1.373080541657699806e-04 1.934063146698959592e-04 3.056557677185234106e-04 5.111631002360657837e-04
2.955400000000000027e+00 1.248316861728831595e-04 1.369867393653642000e-04 1.929501541608946897e-04 3.049322392344155355e-04 5.099537770692728076e-04
2.956100000000000172e+00 1.245424371790035845e-04 1.366654245649583923e-04 1.924939936518934474e-04 3.042087107503077146e-04 5.087444539024797230e-04
2.956799999999999873e+00 1.242531881851241993e-04 1.363441097645528015e-04 1.920378331428924761e-04 3.034851822662002732e-04 5.075351307356873974e-04
2.957500000000000018e+00 1.239639391912446514e-04 1.360227949641469667e-04 1.915816726338912337e-04 3.027616537820924524e-04 5.063258075688943129e-04
2.958200000000000163e+00 1.236746901973651035e-04 1.357014801637412133e-04 1.911255121248899643e-04 3.020381252979845231e-04 5.051164844021012283e-04
2.958899999999999864e+00 1.233854412034857183e-04 1.353801653633356224e-04 1.906693516158889930e-04 3.013145968138771359e-04 5.039071612353089027e-04
2.959600000000000009e+00 1.230961922096061433e-04 1.350588505629298148e-04 1.902131911068877235e-04 3.005910683297692608e-04 5.026978380685159266e-04
2.960300000000000153e+00 1.228106036899920370e-04 1.347416487360365595e-04 1.897629067270341981e-04 2.998768726082959779e-04 5.015040570485235129e-04
2.960999999999999854e+00 1.225280948313837699e-04 1.344279072706226763e-04 1.893175661015930014e-04 2.991705288052021790e-04 5.003233520782387426e-04
2.961699999999999999e+00 1.222455859727752860e-04 1.341141658052086034e-04 1.888722254761515337e-04 2.984641850021078923e-04 4.991426471079531049e-04
2.962400000000000144e+00 1.219630771141668428e-04 1.338004243397945033e-04 1.884268848507100931e-04 2.977578411990136056e-04 4.979619421376675755e-04
2.963099999999999845e+00 1.216805682555585757e-04 1.334866828743806202e-04 1.879815442252688964e-04 2.970514973959197526e-04 4.967812371673828052e-04
2.963799999999999990e+00 1.213980593969500918e-04 1.331729414089665472e-04 1.875362035998274016e-04 2.963451535928255201e-04 4.956005321970971675e-04
2.964500000000000135e+00 1.211155505383416486e-04 1.328591999435524743e-04 1.870908629743859609e-04 2.956388097897312333e-04 4.944198272268117466e-04
2.965199999999999836e+00 1.208330416797333680e-04 1.325454584781385640e-04 1.866455223489447643e-04 2.949324659866373803e-04 4.932391222565268678e-04
2.965899999999999981e+00 1.205505328211249247e-04 1.322317170127245182e-04 1.862001817235032965e-04 2.942261221835430936e-04 4.920584172862412300e-04
2.966600000000000126e+00 1.202680239625164679e-04 1.319179755473104453e-04 1.857548410980618288e-04 2.935197783804488611e-04 4.908777123159558092e-04
2.967299999999999827e+00 1.199889573666058223e-04 1.316081009115586140e-04 1.853150243820625822e-04 2.928222083295191997e-04 4.897116214032214013e-04
2.967999999999999972e+00 1.197130296922353755e-04 1.313017523503643628e-04 1.848802447942131985e-04 2.921326388648536119e-04 4.885588567192108121e-04
2.968700000000000117e+00 1.194371020178649286e-04 1.309954037891701117e-04 1.844454652063637877e-04 2.914430694001881325e-04 4.874060920351999519e-04
2.969399999999999817e+00 1.191611743434946579e-04 1.306890552279760503e-04 1.840106856185146750e-04 2.907534999355230326e-04 4.862533273511900674e-04
2.970099999999999962e+00 1.188852466691242110e-04 1.303827066667817992e-04 1.835759060306652642e-04 2.900639304708576074e-04 4.851005626671792614e-04
2.970800000000000107e+00 1.186093189947537641e-04 1.300763581055875209e-04 1.831411264428158805e-04 2.893743610061920738e-04 4.839477979831686180e-04
2.971499999999999808e+00 1.183333913203835341e-04 1.297700095443934595e-04 1.827063468549667679e-04 2.886847915415269739e-04 4.827950332991585709e-04
2.972199999999999953e+00 1.180574636460130872e-04 1.294636609831992084e-04 1.822715672671173571e-04 2.879952220768614945e-04 4.816422686151478191e-04
2.972900000000000098e+00 1.177815359716426132e-04 1.291573124220049573e-04 1.818367876792679734e-04 2.873056526121960151e-04 4.804895039311371215e-04
2.973599999999999799e+00 1.175056082972723696e-04 1.288509638608108959e-04 1.814020080914188608e-04 2.866160831475309152e-04 4.793367392471270202e-04
2.974299999999999944e+00 1.172329129524229887e-04 1.285482454004447869e-04 1.809724137030274032e-04 2.859347498092218226e-04 4.781976957445824186e-04
2.975000000000000089e+00 1.169634113036740873e-04 1.282491136532475237e-04 1.805479425395983763e-04 2.852615541575117945e-04 4.770722094253187638e-04
2.975699999999999790e+00 1.166939096549253621e-04 1.279499819060504230e-04 1.801234713761696476e-04 2.845883585058022543e-04 4.759467231060560306e-04
2.976399999999999935e+00 1.164244080061764878e-04 1.276508501588531597e-04 1.796990002127406207e-04 2.839151628540922804e-04 4.748212367867924843e-04
2.977100000000000080e+00 1.161549063574275999e-04 1.273517184116558694e-04 1.792745290493115938e-04 2.832419672023823065e-04 4.736957504675288837e-04
2.977799999999999780e+00 1.158854047086788612e-04 1.270525866644587958e-04 1.788500578858828651e-04 2.825687715506727121e-04 4.725702641482660963e-04
2.978499999999999925e+00 1.156159030599299598e-04 1.267534549172615055e-04 1.784255867224538382e-04 2.818955758989627382e-04 4.714447778290026042e-04
2.979200000000000070e+00 1.153464014111810719e-04 1.264543231700642422e-04 1.780011155590248114e-04 2.812223802472527644e-04 4.703192915097391120e-04
2.979899999999999771e+00 1.150768997624323603e-04 1.261551914228671687e-04 1.775766443955960827e-04 2.805491845955432242e-04 4.691938051904762162e-04
2.980599999999999916e+00 1.148073981136834724e-04 1.258560596756699054e-04 1.771521732321670558e-04 2.798759889438331961e-04 4.680683188712127241e-04
2.981300000000000061e+00 1.145409268675008928e-04 1.255603304037090689e-04 1.767325616205147167e-04 2.792105124741136603e-04 4.669556949295068063e-04
2.981999999999999762e+00 1.142776997867215341e-04 1.252682436156115102e-04 1.763181523505987045e-04 2.785532996929984597e-04 4.658568406700004704e-04
2.982699999999999907e+00 1.140144727059419722e-04 1.249761568275137616e-04 1.759037430806823941e-04 2.778960869118828254e-04 4.647579864104933755e-04
2.983400000000000052e+00 1.137512456251624102e-04 1.246840700394160131e-04 1.754893338107660838e-04 2.772388741307672453e-04 4.636591321509862806e-04
2.984099999999999753e+00 1.134880185443830380e-04 1.243919832513184544e-04 1.750749245408500716e-04 2.765816613496519904e-04 4.625602778914798363e-04
2.984799999999999898e+00 1.132247914636034896e-04 1.240998964632206787e-04 1.746605152709337612e-04 2.759244485685363561e-04 4.614614236319727956e-04
2.985500000000000043e+00 1.129615643828239140e-04 1.238078096751229573e-04 1.742461060010174780e-04 2.752672357874207760e-04 4.603625693724656466e-04
2.986200000000000188e+00 1.126983373020443927e-04 1.235157228870252088e-04 1.738316967311011676e-04 2.746100230063050875e-04 4.592637151129585517e-04
2.986899999999999888e+00 1.124351102212650070e-04 1.232236360989276500e-04 1.734172874611851283e-04 2.739528102251898327e-04 4.581648608534521615e-04
2.987600000000000033e+00 1.121718831404854315e-04 1.229315493108299015e-04 1.730028781912688451e-04 2.732955974440743068e-04 4.570660065939449583e-04
2.988300000000000178e+00 1.119114922777306978e-04 1.226426461734656827e-04 1.725930154540758368e-04 2.726456069001102615e-04 4.559791888730048751e-04
2.988999999999999879e+00 1.116543919190049114e-04 1.223574366222340490e-04 1.721884274821204608e-04 2.720039954018462804e-04 4.549063356210522016e-04
2.989700000000000024e+00 1.113972915602789759e-04 1.220722270710022797e-04 1.717838395101648678e-04 2.713623839035819198e-04 4.538334823690988234e-04
2.990400000000000169e+00 1.111401912015530269e-04 1.217870175197704969e-04 1.713792515382092749e-04 2.707207724053176134e-04 4.527606291171453910e-04
2.991099999999999870e+00 1.108830908428272676e-04 1.215018079685388632e-04 1.709746635662538988e-04 2.700791609070536323e-04 4.516877758651927175e-04
2.991800000000000015e+00 1.106259904841013186e-04 1.212165984173070669e-04 1.705700755942983059e-04 2.694375494087893259e-04 4.506149226132393393e-04
2.992500000000000160e+00 1.103688901253753696e-04 1.209313888660752976e-04 1.701654876223427130e-04 2.687959379105249653e-04 4.495420693612860695e-04
2.993199999999999861e+00 1.101117897666495832e-04 1.206461793148436639e-04 1.697608996503873640e-04 2.681543264122609842e-04 4.484692161093332334e-04
2.993900000000000006e+00 1.098546894079236342e-04 1.203609697636118676e-04 1.693563116784317440e-04 2.675127149139966778e-04 4.473963628573799636e-04
2.994600000000000151e+00 1.095975890491976851e-04 1.200757602123800983e-04 1.689517237064760969e-04 2.668711034157323172e-04 4.463235096054265854e-04
2.995299999999999851e+00 1.093431382106729003e-04 1.197935239956506720e-04 1.685513814564875378e-04 2.662362365480920308e-04 4.452618989435156729e-04
2.995999999999999996e+00 1.090920202527627695e-04 1.195150279915527708e-04 1.681563799789275078e-04 2.656098538764393741e-04 4.442144305441905901e-04
2.996700000000000141e+00 1.088409022948526252e-04 1.192365319874549103e-04 1.677613785013674507e-04 2.649834712047867175e-04 4.431669621448655074e-04
2.997399999999999842e+00 1.085897843369426570e-04 1.189580359833572123e-04 1.673663770238076646e-04 2.643570885331344403e-04 4.421194937455410752e-04
2.998099999999999987e+00 1.083386663790325398e-04 1.186795399792593111e-04 1.669713755462476346e-04 2.637307058614817836e-04 4.410720253462158840e-04
2.998800000000000132e+00 1.080875484211224090e-04 1.184010439751614235e-04 1.665763740686875775e-04 2.631043231898291812e-04 4.400245569468909097e-04
2.999499999999999833e+00 1.078364304632124272e-04 1.181225479710637256e-04 1.661813725911277914e-04 2.624779405181768498e-04 4.389770885475664775e-04
3.000199999999999978e+00 1.075853125053022964e-04 1.178440519669658515e-04 1.657863711135677343e-04 2.618515578465242474e-04 4.379296201482413948e-04
3.000900000000000123e+00 1.073341945473921521e-04 1.175655559628679638e-04 1.653913696360077043e-04 2.612251751748715907e-04 4.368821517489163120e-04
3.001599999999999824e+00 1.070830765894821839e-04 1.172870599587702659e-04 1.649963681584479182e-04 2.605987925032193136e-04 4.358346833495918798e-04
3.002299999999999969e+00 1.068344286928457084e-04 1.170113351974570796e-04 1.646053233930174842e-04 2.599786955528644470e-04 4.347976944397043131e-04
3.003000000000000114e+00 1.065891522542510418e-04 1.167393929855372681e-04 1.642196792583611002e-04 2.593671781652287576e-04 4.337750092879118701e-04
3.003699999999999815e+00 1.063438758156564972e-04 1.164674507736175786e-04 1.638340351237050144e-04 2.587556607775934477e-04 4.327523241361199693e-04
3.004399999999999959e+00 1.060985993770618307e-04 1.161955085616977399e-04 1.634483909890486304e-04 2.581441433899577583e-04 4.317296389843274722e-04
3.005100000000000104e+00 1.058533229384671506e-04 1.159235663497779013e-04 1.630627468543922464e-04 2.575326260023220689e-04 4.307069538325349208e-04
3.005799999999999805e+00 1.056080464998726196e-04 1.156516241378582524e-04 1.626771027197361334e-04 2.569211086146867590e-04 4.296842686807430200e-04
3.006499999999999950e+00 1.053627700612779123e-04 1.153796819259383867e-04 1.622914585850797494e-04 2.563095912270510154e-04 4.286615835289504686e-04
3.007200000000000095e+00 1.051174936226832458e-04 1.151077397140185752e-04 1.619058144504233925e-04 2.556980738394153802e-04 4.276388983771579715e-04
3.007899999999999796e+00 1.048722171840887012e-04 1.148357975020988992e-04 1.615201703157672795e-04 2.550865564517800703e-04 4.266162132253660706e-04
3.008599999999999941e+00 1.046269407454940346e-04 1.145638552901790606e-04 1.611345261811108955e-04 2.544750390641443809e-04 4.255935280735735193e-04
3.009300000000000086e+00 1.043839619079616149e-04 1.142944901788755038e-04 1.607525611548627387e-04 2.538693665641060461e-04 4.245805891470208048e-04
3.009999999999999787e+00 1.041443894640440340e-04 1.140289458436101938e-04 1.603760507271503692e-04 2.532723596188142978e-04 4.235820998479383867e-04
3.010699999999999932e+00 1.039048170201263040e-04 1.137634015083447211e-04 1.599995402994377287e-04 2.526753526735221159e-04 4.225836105488553723e-04
3.011400000000000077e+00 1.036652445762086010e-04 1.134978571730792485e-04 1.596230298717250882e-04 2.520783457282300423e-04 4.215851212497724121e-04
3.012099999999999778e+00 1.034256721322910472e-04 1.132323128378139520e-04 1.592465194440127458e-04 2.514813387829382941e-04 4.205866319506899398e-04
3.012799999999999923e+00 1.031860996883733172e-04 1.129667685025484522e-04 1.588700090163001053e-04 2.508843318376461663e-04 4.195881426516069796e-04
3.013500000000000068e+00 1.029465272444556007e-04 1.127012241672830067e-04 1.584934985885874919e-04 2.502873248923540386e-04 4.185896533525239652e-04
3.014199999999999768e+00 1.027069548005380469e-04 1.124356798320176696e-04 1.581169881608750953e-04 2.496903179470623445e-04 4.175911640534415471e-04
3.014899999999999913e+00 1.024673823566203169e-04 1.121701354967521834e-04 1.577404777331625090e-04 2.490933110017702168e-04 4.165926747543585869e-04
3.015600000000000058e+00 1.022278099127026005e-04 1.119045911614867107e-04 1.573639673054498685e-04 2.484963040564780890e-04 4.155941854552755725e-04
3.016299999999999759e+00 1.019903693755854613e-04 1.116414374677840410e-04 1.569908694059420952e-04 2.479047186381044452e-04 4.146047379723006763e-04
3.016999999999999904e+00 1.017563666777065827e-04 1.113821388400564885e-04 1.566232744314969714e-04 2.473218757866978276e-04 4.136298710095404735e-04
3.017700000000000049e+00 1.015223639798276906e-04 1.111228402123289765e-04 1.562556794570518748e-04 2.467390329352912642e-04 4.126550040467802166e-04
3.018399999999999750e+00 1.012883612819489611e-04 1.108635415846016137e-04 1.558880844826069951e-04 2.461561900838850261e-04 4.116801370840205559e-04
3.019099999999999895e+00 1.010543585840700825e-04 1.106042429568740882e-04 1.555204895081618713e-04 2.455733472324784085e-04 4.107052701212603532e-04
3.019800000000000040e+00 1.008203558861912039e-04 1.103449443291465627e-04 1.551528945337167747e-04 2.449905043810717909e-04 4.097304031585001505e-04
3.020500000000000185e+00 1.005863531883123254e-04 1.100856457014190236e-04 1.547852995592716510e-04 2.444076615296651733e-04 4.087555361957398935e-04
3.021199999999999886e+00 1.003523504904335823e-04 1.098263470736916608e-04 1.544177045848267983e-04 2.438248186782589351e-04 4.077806692329802329e-04
3.021900000000000031e+00 1.001183477925547037e-04 1.095670484459641353e-04 1.540501096103816746e-04 2.432419758268523447e-04 4.068058022702200302e-04
3.022600000000000176e+00 9.988434509467582515e-05 1.093077498182366234e-04 1.536825146359365238e-04 2.426591329754457542e-04 4.058309353074598274e-04
3.023299999999999876e+00 9.965231514971414645e-05 1.090506627979775613e-04 1.533180762622590114e-04 2.420813051791247030e-04 4.048644336547403233e-04
3.024000000000000021e+00 9.942375114634146996e-05 1.087974613643201833e-04 1.529591837396531958e-04 2.415122883635607192e-04 4.039126290660686363e-04
3.024700000000000166e+00 9.919518714296877992e-05 1.085442599306627782e-04 1.526002912170473802e-04 2.409432715479967895e-04 4.029608244773968950e-04
3.025399999999999867e+00 9.896662313959622541e-05 1.082910584970055493e-04 1.522413986944417814e-04 2.403742547324331852e-04 4.020090198887258043e-04
3.026100000000000012e+00 9.873805913622353536e-05 1.080378570633481306e-04 1.518825061718359658e-04 2.398052379168692555e-04 4.010572153000541715e-04
3.026800000000000157e+00 9.850949513285083177e-05 1.077846556296907526e-04 1.515236136492301231e-04 2.392362211013052446e-04 4.001054107113824845e-04
3.027499999999999858e+00 9.828093112947827725e-05 1.075314541960335101e-04 1.511647211266245515e-04 2.386672042857416673e-04 3.991536061227113396e-04
3.028200000000000003e+00 9.805236712610558721e-05 1.072782527623761186e-04 1.508058286040187359e-04 2.380981874701776834e-04 3.982018015340397067e-04
3.028900000000000148e+00 9.782380312273289717e-05 1.070250513287187134e-04 1.504469360814128932e-04 2.375291706546137538e-04 3.972499969453679655e-04
3.029599999999999849e+00 9.759523911936035620e-05 1.067718498950614845e-04 1.500880435588073216e-04 2.369601538390501223e-04 3.962981923566969290e-04
3.030299999999999994e+00 9.736849503680972855e-05 1.065206882096143679e-04 1.497320620030458138e-04 2.363957619293061629e-04 3.953541035515901504e-04
3.031000000000000139e+00 9.714524179653769985e-05 1.062734390236583329e-04 1.493816640562020063e-04 2.358402411839420588e-04 3.944248146120347184e-04
3.031699999999999839e+00 9.692198855626582023e-05 1.060261898377024199e-04 1.490312661093584699e-04 2.352847204385782529e-04 3.934955256724799368e-04
3.032399999999999984e+00 9.669873531599379153e-05 1.057789406517463848e-04 1.486808681625146624e-04 2.347291996932141488e-04 3.925662367329245590e-04
3.033100000000000129e+00 9.647548207572177639e-05 1.055316914657903227e-04 1.483304702156709092e-04 2.341736789478500447e-04 3.916369477933691811e-04
3.033799999999999830e+00 9.625222883544988322e-05 1.052844422798344503e-04 1.479800722688273456e-04 2.336181582024862658e-04 3.907076588538143454e-04
3.034499999999999975e+00 9.602897559517786807e-05 1.050371930938783882e-04 1.476296743219835924e-04 2.330626374571221618e-04 3.897783699142590218e-04
3.035200000000000120e+00 9.580572235490583937e-05 1.047899439079223532e-04 1.472792763751398391e-04 2.325071167117580577e-04 3.888490809747036439e-04
3.035899999999999821e+00 9.558246911463395975e-05 1.045426947219664808e-04 1.469288784282962485e-04 2.319515959663942788e-04 3.879197920351488624e-04
3.036599999999999966e+00 9.535921587436193105e-05 1.042954455360104186e-04 1.465784804814524681e-04 2.313960752210301747e-04 3.869905030955934303e-04
3.037300000000000111e+00 9.513763583278954383e-05 1.040500711715134339e-04 1.462307578129517008e-04 2.308448050058941529e-04 3.860683064969816481e-04
3.037999999999999812e+00 9.491956846923262818e-05 1.038086327675953125e-04 1.458886515673079437e-04 2.303024582641564856e-04 3.851609994091714198e-04
3.038699999999999957e+00 9.470150110567559056e-05 1.035671943636770419e-04 1.455465453216639698e-04 2.297601115224185472e-04 3.842536923213605952e-04
3.039400000000000102e+00 9.448343374211855294e-05 1.033257559597587714e-04 1.452044390760199959e-04 2.292177647806805546e-04 3.833463852335497707e-04
3.040099999999999802e+00 9.426536637856165084e-05 1.030843175558406499e-04 1.448623328303762388e-04 2.286754180389429414e-04 3.824390781457394882e-04
3.040799999999999947e+00 9.404729901500461322e-05 1.028428791519223794e-04 1.445202265847322649e-04 2.281330712972049759e-04 3.815317710579286636e-04
3.041500000000000092e+00 9.382923165144757560e-05 1.026014407480041089e-04 1.441781203390882910e-04 2.275907245554670375e-04 3.806244639701178390e-04
3.042199999999999793e+00 9.361116428789067350e-05 1.023600023440859874e-04 1.438360140934445068e-04 2.270483778137294243e-04 3.797171568823075566e-04
3.042899999999999938e+00 9.339309692433363588e-05 1.021185639401677169e-04 1.434939078478005329e-04 2.265060310719914859e-04 3.788098497944967320e-04
3.043600000000000083e+00 9.317502956077659826e-05 1.018771255362494192e-04 1.431518016021565861e-04 2.259636843302534662e-04 3.779025427066859074e-04
3.044299999999999784e+00 9.295849457852647577e-05 1.016374037247788170e-04 1.428121445545151686e-04 2.254252289848115173e-04 3.770017297322769559e-04
3.044999999999999929e+00 9.274549117703626618e-05 1.014016380336506121e-04 1.424781320161770974e-04 2.248957418904346049e-04 3.761158833238519429e-04
3.045700000000000074e+00 9.253248777554605659e-05 1.011658723425224208e-04 1.421441194778389990e-04 2.243662547960576924e-04 3.752300369154268757e-04
3.046399999999999775e+00 9.231948437405599608e-05 1.009301066513943786e-04 1.418101069395011175e-04 2.238367677016810510e-04 3.743441905070023505e-04
3.047099999999999920e+00 9.210648097256577294e-05 1.006943409602661872e-04 1.414760944011630463e-04 2.233072806073041385e-04 3.734583440985773917e-04
3.047800000000000065e+00 9.189347757107556335e-05 1.004585752691379959e-04 1.411420818628249480e-04 2.227777935129271990e-04 3.725724976901523245e-04
3.048499999999999766e+00 9.168047416958548929e-05 1.002228095780099536e-04 1.408080693244870936e-04 2.222483064185506118e-04 3.716866512817277994e-04
3.049199999999999910e+00 9.146747076809527970e-05 9.998704388688176231e-05 1.404740567861489952e-04 2.217188193241736993e-04 3.708008048733027863e-04
3.049900000000000055e+00 9.125446736660507011e-05 9.975127819575357099e-05 1.401400442478109240e-04 2.211893322297967869e-04 3.699149584648777191e-04
3.050599999999999756e+00 9.104146396511498250e-05 9.951551250462552874e-05 1.398060317094730425e-04 2.206598451354201997e-04 3.690291120564532482e-04
3.051299999999999901e+00 9.082985783340255905e-05 9.928131164724167770e-05 1.394742515702079974e-04 2.201339050294450915e-04 3.681491859064021585e-04
3.052000000000000046e+00 9.062179937956564590e-05 9.905108391383278901e-05 1.391481395080220406e-04 2.196169707521780840e-04 3.672842913343502555e-04
3.052699999999999747e+00 9.041374092572884117e-05 9.882085618042406295e-05 1.388220274458363006e-04 2.191000364749114289e-04 3.664193967622988947e-04
3.053399999999999892e+00 9.020568247189191446e-05 9.859062844701518781e-05 1.384959153836503166e-04 2.185831021976444486e-04 3.655545021902469375e-04
3.054100000000000037e+00 8.999762401805500131e-05 9.836040071360629912e-05 1.381698033214643598e-04 2.180661679203774682e-04 3.646896076181950887e-04
3.054800000000000182e+00 8.978956556421807461e-05 9.813017298019742398e-05 1.378436912592784301e-04 2.175492336431104337e-04 3.638247130461431315e-04
3.055499999999999883e+00 8.958150711038128343e-05 9.789994524678869792e-05 1.375175791970926630e-04 2.170322993658437515e-04 3.629598184740918249e-04
3.056200000000000028e+00 8.937344865654435672e-05 9.766971751337980923e-05 1.371914671349067061e-04 2.165153650885767711e-04 3.620949239020398677e-04
3.056900000000000173e+00 8.916539020270744357e-05 9.743948977997093409e-05 1.368653550727207493e-04 2.159984308113097908e-04 3.612300293299879647e-04
3.057599999999999874e+00 8.895733174887065239e-05 9.720926204656220803e-05 1.365392430105350093e-04 2.154814965340431357e-04 3.603651347579365496e-04
3.058300000000000018e+00 8.875054096646840059e-05 9.698045363819020022e-05 1.362151555133550378e-04 2.149677790636207069e-04 3.595056101446602540e-04
3.059000000000000163e+00 8.854731127634064521e-05 9.675563234137219413e-05 1.358967553438256148e-04 2.144630981192961587e-04 3.586611706064175300e-04
3.059699999999999864e+00 8.834408158621302536e-05 9.653081104455432356e-05 1.355783551742963816e-04 2.139584171749719357e-04 3.578167310681754022e-04
3.060400000000000009e+00 8.814085189608528354e-05 9.630598974773631746e-05 1.352599550047669315e-04 2.134537362306474146e-04 3.569722915299327324e-04
3.061100000000000154e+00 8.793762220595752817e-05 9.608116845091831137e-05 1.349415548352374814e-04 2.129490552863228393e-04 3.561278519916900626e-04
3.061799999999999855e+00 8.773439251582990832e-05 9.585634715410045435e-05 1.346231546657082753e-04 2.124443743419986434e-04 3.552834124534479348e-04
3.062500000000000000e+00 8.753116282570216650e-05 9.563152585728244826e-05 1.343047544961788252e-04 2.119396933976741223e-04 3.544389729152052108e-04
3.063200000000000145e+00 8.732793313557442468e-05 9.540670456046442861e-05 1.339863543266494293e-04 2.114350124533495741e-04 3.535945333769625410e-04
3.063899999999999846e+00 8.712470344544680483e-05 9.518188326364657159e-05 1.336679541571201689e-04 2.109303315090253240e-04 3.527500938387203590e-04
3.064599999999999991e+00 8.692147375531906301e-05 9.495706196682856550e-05 1.333495539875907460e-04 2.104256505647008029e-04 3.519056543004776892e-04
3.065300000000000136e+00 8.671938746479404894e-05 9.473352052292790420e-05 1.330329792072131403e-04 2.099238699877550298e-04 3.510660571845182726e-04
3.065999999999999837e+00 8.652087311682983117e-05 9.451397729723204062e-05 1.327221068822026268e-04 2.094311500626209609e-04 3.502415876356923270e-04
3.066699999999999982e+00 8.632235876886546432e-05 9.429443407153600086e-05 1.324112345571919506e-04 2.089384301374866209e-04 3.494171180868658392e-04
3.067400000000000126e+00 8.612384442090112457e-05 9.407489084583997466e-05 1.321003622321812202e-04 2.084457102123521996e-04 3.485926485380393515e-04
3.068099999999999827e+00 8.592533007293689325e-05 9.385534762014409753e-05 1.317894899071707338e-04 2.079529902872181307e-04 3.477681789892133517e-04
3.068799999999999972e+00 8.572681572497253995e-05 9.363580439444805776e-05 1.314786175821600577e-04 2.074602703620837365e-04 3.469437094403868640e-04
3.069500000000000117e+00 8.552830137700817310e-05 9.341626116875204511e-05 1.311677452571493544e-04 2.069675504369493694e-04 3.461192398915603763e-04
3.070199999999999818e+00 8.532978702904395532e-05 9.319671794305615443e-05 1.308568729321388409e-04 2.064748305118152734e-04 3.452947703427343765e-04
3.070899999999999963e+00 8.513127268107960203e-05 9.297717471736014177e-05 1.305460006071281647e-04 2.059821105866809063e-04 3.444703007939078888e-04
3.071600000000000108e+00 8.493275833311523517e-05 9.275763149166410201e-05 1.302351282821174344e-04 2.054893906615465392e-04 3.436458312450814010e-04
3.072299999999999809e+00 8.473526825858244255e-05 9.253923447664555435e-05 1.299258905315730443e-04 2.049992679371793677e-04 3.428256985768982578e-04
3.072999999999999954e+00 8.454135852721516165e-05 9.232484403588635442e-05 1.296223664287118632e-04 2.045182237163936320e-04 3.420207254554659989e-04
3.073700000000000099e+00 8.434744879584786721e-05 9.211045359512715449e-05 1.293188423258506822e-04 2.040371794956078962e-04 3.412157523340336859e-04
3.074399999999999800e+00 8.415353906448072184e-05 9.189606315436810364e-05 1.290153182229896909e-04 2.035561352748224587e-04 3.404107792126019692e-04
3.075099999999999945e+00 8.395962933311344094e-05 9.168167271360889016e-05 1.287117941201285098e-04 2.030750910540367229e-04 3.396058060911697103e-04
3.075800000000000090e+00 8.376571960174616005e-05 9.146728227284971733e-05 1.284082700172673288e-04 2.025940468332509872e-04 3.388008329697375057e-04
3.076499999999999790e+00 8.357180987037900112e-05 9.125289183209065293e-05 1.281047459144063374e-04 2.021130026124655767e-04 3.379958598483057347e-04
3.077199999999999935e+00 8.337790013901172023e-05 9.103850139133145300e-05 1.278012218115451835e-04 2.016319583916798138e-04 3.371908867268734759e-04
3.077900000000000080e+00 8.318399040764443933e-05 9.082411095057226662e-05 1.274976977086840024e-04 2.011509141708940781e-04 3.363859136054412171e-04
3.078599999999999781e+00 8.299008067627728041e-05 9.060972050981318867e-05 1.271941736058230111e-04 2.006698699501086405e-04 3.355809404840094461e-04
3.079299999999999926e+00 8.279708106263070219e-05 9.039634826716092561e-05 1.268921013361873297e-04 2.001911325816656251e-04 3.347798199515669855e-04
3.080000000000000071e+00 8.260766785346766847e-05 9.018698832992008121e-05 1.265957501519354321e-04 1.997214855818602378e-04 3.339938809084111427e-04
3.080699999999999772e+00 8.241825464430475672e-05 8.997762839267939945e-05 1.262993989676837784e-04 1.992518385820551757e-04 3.332079418652557335e-04
3.081399999999999917e+00 8.222884143514170945e-05 8.976826845543858216e-05 1.260030477834318808e-04 1.987821915822497883e-04 3.324220028220998906e-04
3.082100000000000062e+00 8.203942822597870283e-05 8.955890851819775132e-05 1.257066965991800102e-04 1.983125445824444281e-04 3.316360637789439935e-04
3.082799999999999763e+00 8.185001501681577753e-05 8.934954858095706955e-05 1.254103454149283294e-04 1.978428975826393389e-04 3.308501247357885844e-04
3.083499999999999908e+00 8.166060180765275737e-05 8.914018864371623871e-05 1.251139942306764318e-04 1.973732505828339515e-04 3.300641856926326873e-04
3.084200000000000053e+00 8.147118859848971010e-05 8.893082870647542142e-05 1.248176430464245613e-04 1.969036035830285913e-04 3.292782466494768444e-04
3.084899999999999753e+00 8.128177538932679835e-05 8.872146876923472610e-05 1.245212918621728805e-04 1.964339565832235021e-04 3.284923076063214352e-04
3.085599999999999898e+00 8.109236218016376463e-05 8.851210883199389526e-05 1.242249406779209829e-04 1.959643095834181419e-04 3.277063685631655381e-04
3.086300000000000043e+00 8.090374973375316983e-05 8.830364451605354889e-05 1.239298663804193367e-04 1.954966914651988465e-04 3.269238183452001577e-04
3.087000000000000188e+00 8.071872752034252156e-05 8.809919573297678088e-05 1.236405170257097908e-04 1.950381698710138467e-04 3.261564619808357741e-04
3.087699999999999889e+00 8.053370530693198170e-05 8.789474694990013484e-05 1.233511676710004345e-04 1.945796482768291722e-04 3.253891056164718784e-04
3.088400000000000034e+00 8.034868309352133343e-05 8.769029816682338038e-05 1.230618183162909157e-04 1.941211266826441454e-04 3.246217492521076033e-04
3.089100000000000179e+00 8.016366088011068515e-05 8.748584938374661237e-05 1.227724689615813968e-04 1.936626050884591727e-04 3.238543928877432739e-04
3.089799999999999880e+00 7.997863866670014529e-05 8.728140060066997988e-05 1.224831196068720406e-04 1.932040834942744712e-04 3.230870365233793782e-04
3.090500000000000025e+00 7.979361645328949702e-05 8.707695181759321187e-05 1.221937702521624946e-04 1.927455619000894985e-04 3.223196801590150489e-04
3.091200000000000170e+00 7.960859423987883519e-05 8.687250303451645741e-05 1.219044208974529622e-04 1.922870403059044717e-04 3.215523237946507195e-04
3.091899999999999871e+00 7.942357202646830889e-05 8.666805425143982492e-05 1.216150715427436060e-04 1.918285187117197701e-04 3.207849674302868780e-04
3.092600000000000016e+00 7.923854981305766061e-05 8.646360546836305691e-05 1.213257221880340871e-04 1.913699971175347975e-04 3.200176110659224945e-04
3.093300000000000161e+00 7.905422364377314348e-05 8.625993497775372284e-05 1.210374822984595249e-04 1.909132383850602741e-04 3.192531995907562227e-04
3.093999999999999861e+00 7.887348940590507254e-05 8.606028086061842598e-05 1.207549677968656538e-04 1.904655768895610916e-04 3.185039851981183272e-04
3.094700000000000006e+00 7.869275516803689318e-05 8.586062674348298005e-05 1.204724532952715794e-04 1.900179153940616652e-04 3.177547708054799980e-04
3.095400000000000151e+00 7.851202093016871383e-05 8.566097262634756121e-05 1.201899387936775592e-04 1.895702538985622387e-04 3.170055564128416146e-04
3.096099999999999852e+00 7.833128669230064289e-05 8.546131850921223725e-05 1.199074242920836745e-04 1.891225924030630833e-04 3.162563420202037733e-04
3.096799999999999997e+00 7.815055245443246353e-05 8.526166439207681841e-05 1.196249097904896136e-04 1.886749309075636297e-04 3.155071276275653899e-04
3.097500000000000142e+00 7.796981821656428417e-05 8.506201027494137248e-05 1.193423952888955528e-04 1.882272694120642033e-04 3.147579132349270607e-04
3.098199999999999843e+00 7.778908397869622679e-05 8.486235615780607562e-05 1.190598807873017087e-04 1.877796079165650479e-04 3.140086988422891652e-04
3.098899999999999988e+00 7.760834974082804743e-05 8.466270204067064323e-05 1.187773662857076343e-04 1.873319464210655943e-04 3.132594844496508902e-04
3.099600000000000133e+00 7.742761550295986807e-05 8.446304792353521084e-05 1.184948517841135870e-04 1.868842849255661679e-04 3.125102700570125069e-04
3.100299999999999834e+00 7.724747706769206001e-05 8.426405983614883104e-05 1.182132865895077148e-04 1.864381318093275919e-04 3.117635757668018605e-04
3.100999999999999979e+00 7.707093023119759184e-05 8.406908668865729450e-05 1.179374439778716713e-04 1.860010714582089621e-04 3.110320730799546714e-04
3.101700000000000124e+00 7.689438339470313721e-05 8.387411354116574441e-05 1.176616013662355872e-04 1.855640111070903323e-04 3.103005703931075907e-04
3.102399999999999824e+00 7.671783655820877746e-05 8.367914039367432984e-05 1.173857587545996793e-04 1.851269507559719736e-04 3.095690677062608353e-04
3.103099999999999969e+00 7.654128972171429573e-05 8.348416724618277975e-05 1.171099161429636358e-04 1.846898904048533438e-04 3.088375650194137545e-04
3.103800000000000114e+00 7.636474288521982756e-05 8.328919409869122966e-05 1.168340735313275517e-04 1.842528300537347140e-04 3.081060623325666196e-04
3.104499999999999815e+00 7.618819604872546780e-05 8.309422095119980154e-05 1.165582309196916709e-04 1.838157697026163552e-04 3.073745596457198642e-04
3.105199999999999960e+00 7.601164921223099963e-05 8.289924780370826500e-05 1.162823883080556003e-04 1.833787093514976983e-04 3.066430569588727835e-04
3.105900000000000105e+00 7.583510237573651790e-05 8.270427465621671490e-05 1.160065456964195433e-04 1.829416490003790956e-04 3.059115542720255944e-04
3.106599999999999806e+00 7.565855553924217170e-05 8.250930150872528678e-05 1.157307030847836489e-04 1.825045886492607098e-04 3.051800515851788931e-04
3.107299999999999951e+00 7.548250858668523763e-05 8.231488701827339213e-05 1.154556566323243450e-04 1.820687933318646033e-04 3.044506627054760538e-04
3.108000000000000096e+00 7.531005096469627167e-05 8.212448386853241512e-05 1.151863268637899049e-04 1.816420813713612889e-04 3.037364516541212010e-04
3.108699999999999797e+00 7.513759334270741412e-05 8.193408071879156008e-05 1.149169970952556544e-04 1.812153694108582184e-04 3.030222406027667818e-04
3.109399999999999942e+00 7.496513572071843460e-05 8.174367756905056952e-05 1.146476673267212684e-04 1.807886574503549039e-04 3.023080295514118205e-04
3.110100000000000087e+00 7.479267809872946864e-05 8.155327441930960606e-05 1.143783375581868418e-04 1.803619454898515624e-04 3.015938185000569135e-04
3.110799999999999788e+00 7.462022047674061109e-05 8.136287126956872392e-05 1.141090077896525913e-04 1.799352335293485190e-04 3.008796074487024401e-04
3.111499999999999932e+00 7.444776285475164512e-05 8.117246811982776046e-05 1.138396780211181917e-04 1.795085215688452045e-04 3.001653963973475872e-04
3.112200000000000077e+00 7.427530523276266560e-05 8.098206497008676990e-05 1.135703482525837516e-04 1.790818096083418630e-04 2.994511853459926802e-04
3.112899999999999778e+00 7.410284761077382161e-05 8.079166182034591486e-05 1.133010184840495282e-04 1.786550976478388196e-04 2.987369742946382068e-04
3.113599999999999923e+00 7.393038998878484209e-05 8.060125867060492430e-05 1.130316887155151151e-04 1.782283856873354781e-04 2.980227632432832998e-04
3.114300000000000068e+00 7.375834050555077868e-05 8.041131152467873369e-05 1.127630087235620925e-04 1.778027061639754827e-04 2.973102775578020571e-04
3.114999999999999769e+00 7.358987624118330686e-05 8.022537005932165832e-05 1.125000365729517224e-04 1.773860958923845535e-04 2.966129480274468815e-04
3.115699999999999914e+00 7.342141197681574017e-05 8.003942859396448808e-05 1.122370644223411490e-04 1.769694856207934075e-04 2.959156184970912723e-04
3.116400000000000059e+00 7.325294771244815993e-05 7.985348712860730429e-05 1.119740922717305892e-04 1.765528753492022073e-04 2.952182889667356088e-04
3.117099999999999760e+00 7.308448344808071522e-05 7.966754566325024247e-05 1.117111201211202191e-04 1.761362650776113323e-04 2.945209594363804332e-04
3.117799999999999905e+00 7.291601918371313498e-05 7.948160419789305868e-05 1.114481479705096593e-04 1.757196548060201591e-04 2.938236299060247698e-04
3.118500000000000050e+00 7.274755491934556829e-05 7.929566273253586134e-05 1.111851758198990995e-04 1.753030445344289860e-04 2.931263003756691605e-04
3.119199999999999751e+00 7.257909065497809647e-05 7.910972126717879952e-05 1.109222036692887158e-04 1.748864342628380568e-04 2.924289708453139849e-04
3.119899999999999896e+00 7.241062639061051623e-05 7.892377980182162928e-05 1.106592315186781289e-04 1.744698239912468836e-04 2.917316413149583215e-04
3.120600000000000041e+00 7.224216212624294954e-05 7.873783833646444549e-05 1.103962593680675962e-04 1.740532137196557105e-04 2.910343117846026580e-04
3.121300000000000185e+00 7.207401828425335816e-05 7.855225477606923596e-05 1.101337971393121840e-04 1.736374136618269379e-04 2.903383364150665508e-04
3.121999999999999886e+00 7.190945379468149793e-05 7.837066927598100011e-05 1.098770311107924414e-04 1.732306642845633305e-04 2.896574880127334361e-04
3.122700000000000031e+00 7.174488930510951573e-05 7.818908377589266938e-05 1.096202650822724819e-04 1.728239149072995334e-04 2.889766396103998335e-04
3.123400000000000176e+00 7.158032481553751997e-05 7.800749827580432511e-05 1.093634990537525496e-04 1.724171655300357092e-04 2.882957912080663394e-04
3.124099999999999877e+00 7.141576032596564619e-05 7.782591277571608926e-05 1.091067330252328070e-04 1.720104161527721289e-04 2.876149428057332789e-04
3.124800000000000022e+00 7.125119583639366399e-05 7.764432727562775853e-05 1.088499669967128746e-04 1.716036667755083047e-04 2.869340944033996763e-04
3.125500000000000167e+00 7.108663134682168178e-05 7.746274177553941426e-05 1.085932009681929693e-04 1.711969173982444805e-04 2.862532460010661821e-04
3.126199999999999868e+00 7.092206685724980800e-05 7.728115627545117841e-05 1.083364349396731996e-04 1.707901680209809002e-04 2.855723975987331216e-04
3.126900000000000013e+00 7.075750236767782580e-05 7.709957077536284769e-05 1.080796689111532673e-04 1.703834186437170760e-04 2.848915491963995190e-04
3.127600000000000158e+00 7.059293787810584360e-05 7.691798527527450341e-05 1.078229028826333349e-04 1.699766692664532518e-04 2.842107007940660249e-04
3.128299999999999859e+00 7.042860998323378842e-05 7.673666397580466807e-05 1.075665132193050731e-04 1.695705178888415570e-04 2.835308519850361685e-04
3.129000000000000004e+00 7.026785390512034241e-05 7.655933125341254106e-05 1.073158054562868845e-04 1.691733943769422916e-04 2.828660938103897933e-04
3.129700000000000149e+00 7.010709782700688284e-05 7.638199853102040050e-05 1.070650976932686687e-04 1.687762708650429719e-04 2.822013356357434182e-04
3.130399999999999849e+00 6.994634174889353170e-05 7.620466580862838191e-05 1.068143899302506156e-04 1.683791473531438961e-04 2.815365774610974225e-04
3.131099999999999994e+00 6.978558567078008569e-05 7.602733308623625490e-05 1.065636821672324270e-04 1.679820238412445764e-04 2.808718192864510473e-04
3.131800000000000139e+00 6.962482959266662612e-05 7.585000036384411434e-05 1.063129744042142383e-04 1.675849003293452839e-04 2.802070611118046722e-04
3.132499999999999840e+00 6.946407351455327497e-05 7.567266764145209575e-05 1.060622666411961852e-04 1.671877768174462081e-04 2.795423029371587307e-04
3.133199999999999985e+00 6.930331743643982896e-05 7.549533491905995519e-05 1.058115588781779830e-04 1.667906533055469155e-04 2.788775447625123556e-04
3.133900000000000130e+00 6.914256135832638295e-05 7.531800219666782818e-05 1.055608511151597944e-04 1.663935297936475959e-04 2.782127865878659804e-04
3.134599999999999831e+00 6.898180528021300470e-05 7.514066947427579604e-05 1.053101433521417413e-04 1.659964062817485472e-04 2.775480284132199847e-04
3.135299999999999976e+00 6.882120572214287706e-05 7.496351148789594959e-05 1.050596844732216978e-04 1.655996782122176126e-04 2.768839313217895566e-04
3.136000000000000121e+00 6.866416885839206374e-05 7.479033082598572678e-05 1.048148906704408190e-04 1.652119511642145442e-04 2.762348817435587942e-04
3.136699999999999822e+00 6.850713199464133173e-05 7.461715016407562595e-05 1.045700968676601165e-04 1.648242241162116656e-04 2.755858321653285197e-04
3.137399999999999967e+00 6.835009513089051840e-05 7.444396950216541670e-05 1.043253030648792242e-04 1.644364970682085972e-04 2.749367825870978116e-04
3.138100000000000112e+00 6.819305826713970508e-05 7.427078884025519389e-05 1.040805092620983454e-04 1.640487700202055018e-04 2.742877330088671034e-04
3.138799999999999812e+00 6.803602140338897307e-05 7.409760817834509306e-05 1.038357154593176157e-04 1.636610429722026774e-04 2.736386834306368289e-04
3.139499999999999957e+00 6.787898453963815974e-05 7.392442751643491091e-05 1.035909216565367505e-04 1.632733159241995548e-04 2.729896338524061207e-04
3.140200000000000102e+00 6.772194767588734642e-05 7.375124685452468811e-05 1.033461278537558853e-04 1.628855888761964864e-04 2.723405842741754125e-04
3.140899999999999803e+00 6.756491081213662796e-05 7.357806619261458728e-05 1.031013340509751421e-04 1.624978618281936349e-04 2.716915346959451381e-04
3.141599999999999948e+00 6.740787394838581464e-05 7.340488553070437803e-05 1.028565402481942904e-04 1.621101347801905666e-04 2.710424851177144299e-04
3.142300000000000093e+00 6.725091715166319059e-05 7.323179423010327911e-05 1.026118737085908385e-04 1.617226099328005764e-04 2.703937736079684950e-04
3.142999999999999794e+00 6.709751241946444289e-05 7.306266732212462816e-05 1.023728530263143407e-04 1.613440554398832671e-04 2.697600600455449444e-04
3.143699999999999939e+00 6.694410768726558676e-05 7.289354041414586880e-05 1.021338323440376667e-04 1.609655009469656596e-04 2.691263464831210686e-04
3.144400000000000084e+00 6.679070295506674419e-05 7.272441350616709588e-05 1.018948116617609926e-04 1.605869464540480792e-04 2.684926329206971927e-04
3.145099999999999785e+00 6.663729822286798294e-05 7.255528659818844494e-05 1.016557909794844677e-04 1.602083919611307699e-04 2.678589193582736963e-04
3.145799999999999930e+00 6.648389349066914037e-05 7.238615969020968557e-05 1.014167702972078072e-04 1.598298374682131896e-04 2.672252057958498205e-04
3.146500000000000075e+00 6.633048875847029780e-05 7.221703278223092620e-05 1.011777496149311332e-04 1.594512829752956092e-04 2.665914922334258904e-04
3.147199999999999775e+00 6.617708402627153655e-05 7.204790587425228881e-05 1.009387289326546083e-04 1.590727284823782457e-04 2.659577786710023940e-04
3.147899999999999920e+00 6.602367929407269398e-05 7.187877896627351589e-05 1.006997082503779614e-04 1.586941739894606653e-04 2.653240651085785181e-04
3.148600000000000065e+00 6.587027456187383786e-05 7.170965205829475653e-05 1.004606875681012738e-04 1.583156194965431121e-04 2.646903515461545881e-04
3.149299999999999766e+00 6.571687693811663821e-05 7.154053308177862631e-05 1.002216781797377651e-04 1.579370829475281888e-04 2.640566679882852714e-04
3.149999999999999911e+00 6.556701931824664587e-05 7.137536397360192265e-05 9.998829316004851557e-05 1.575674824619160985e-04 2.634379266983841454e-04
3.150700000000000056e+00 6.541716169837665353e-05 7.121019486542521900e-05 9.975490814035929319e-05 1.571978819763040624e-04 2.628191854084830194e-04
3.151399999999999757e+00 6.526730407850675605e-05 7.104502575724861021e-05 9.952152312067020633e-05 1.568282814906922160e-04 2.622004441185822729e-04
3.152099999999999902e+00 6.511744645863676371e-05 7.087985664907192011e-05 9.928813810098097040e-05 1.564586810050801798e-04 2.615817028286812011e-04
3.152800000000000047e+00 6.496758883876678492e-05 7.071468754089520290e-05 9.905475308129173446e-05 1.560890805194681166e-04 2.609629615387800750e-04
3.153499999999999748e+00 6.481773121889688744e-05 7.054951843271860766e-05 9.882136806160266116e-05 1.557194800338562702e-04 2.603442202488793285e-04
3.154199999999999893e+00 6.466787359902689510e-05 7.038434932454189046e-05 9.858798304191341167e-05 1.553498795482442069e-04 2.597254789589782567e-04
3.154900000000000038e+00 6.451801597915690276e-05 7.021918021636518680e-05 9.835459802222418929e-05 1.549802790626321708e-04 2.591067376690771307e-04
3.155600000000000183e+00 6.436815835928691042e-05 7.005401110818848314e-05 9.812121300253495335e-05 1.546106785770201076e-04 2.584879963791760589e-04
3.156299999999999883e+00 6.421830073941701294e-05 6.988884200001188791e-05 9.788782798284586650e-05 1.542410780914082883e-04 2.578692550892753123e-04
3.157000000000000028e+00 6.407184474788355888e-05 6.972746733917387519e-05 9.765984524241561797e-05 1.538800606501126555e-04 2.572648673214272385e-04
3.157700000000000173e+00 6.392545123523790446e-05 6.956616237226654275e-05 9.743196172752278332e-05 1.535192008565697307e-04 2.566607431896983935e-04
3.158399999999999874e+00 6.377905772259231780e-05 6.940485740535934584e-05 9.720407821263008419e-05 1.531583410630270770e-04 2.560566190579699822e-04
3.159100000000000019e+00 6.363266420994667693e-05 6.924355243845202695e-05 9.697619469773723598e-05 1.527974812694841793e-04 2.554524949262411914e-04
3.159800000000000164e+00 6.348627069730100895e-05 6.908224747154470807e-05 9.674831118284440133e-05 1.524366214759412816e-04 2.548483707945124006e-04
3.160499999999999865e+00 6.333987718465544940e-05 6.892094250463749760e-05 9.652042766795170220e-05 1.520757616823986279e-04 2.542442466627839893e-04
3.161200000000000010e+00 6.319348367200978143e-05 6.875963753773019227e-05 9.629254415305886754e-05 1.517149018888557302e-04 2.536401225310551985e-04
3.161900000000000155e+00 6.304709015936412701e-05 6.859833257082285983e-05 9.606466063816601934e-05 1.513540420953128325e-04 2.530359983993264077e-04
3.162599999999999856e+00 6.290069664671858100e-05 6.843702760391566292e-05 9.583677712327333376e-05 1.509931823017701788e-04 2.524318742675979964e-04
3.163300000000000001e+00 6.275430313407291303e-05 6.827572263700834403e-05 9.560889360838048555e-05 1.506323225082272811e-04 2.518277501358692056e-04
3.164000000000000146e+00 6.261116387518353833e-05 6.811804674222013477e-05 9.538617617036361399e-05 1.502796703144771719e-04 2.512373531087842577e-04
3.164699999999999847e+00 6.246815343050544152e-05 6.796051449820342000e-05 9.516366322288989340e-05 1.499273430048857279e-04 2.506474994462585485e-04
3.165399999999999991e+00 6.232514298582724984e-05 6.780298225418659682e-05 9.494115027541602373e-05 1.495750156952940671e-04 2.500576457837324056e-04
3.166100000000000136e+00 6.218213254114905817e-05 6.764545001016977364e-05 9.471863732794216762e-05 1.492226883857024062e-04 2.494677921212062627e-04
3.166799999999999837e+00 6.203912209647097491e-05 6.748791776615305888e-05 9.449612438046843348e-05 1.488703610761109622e-04 2.488779384586804993e-04
3.167499999999999982e+00 6.189611165179276968e-05 6.733038552213624925e-05 9.427361143299459092e-05 1.485180337665193285e-04 2.482880847961543565e-04
3.168200000000000127e+00 6.175310120711459156e-05 6.717285327811942607e-05 9.405109848552072125e-05 1.481657064569276406e-04 2.476982311336282136e-04
3.168899999999999828e+00 6.161009076243649475e-05 6.701532103410269775e-05 9.382858553804698711e-05 1.478133791473362237e-04 2.471083774711024502e-04
3.169599999999999973e+00 6.146708031775831662e-05 6.685778879008588812e-05 9.360607259057313100e-05 1.474610518377445628e-04 2.465185238085763615e-04
3.170300000000000118e+00 6.132406987308012495e-05 6.670025654606906494e-05 9.338355964309927489e-05 1.471087245281529020e-04 2.459286701460501644e-04
3.170999999999999819e+00 6.118417136288059361e-05 6.654619372202992295e-05 9.316598477810320001e-05 1.467642424138406484e-04 2.453519388145692596e-04
3.171699999999999964e+00 6.104446486565942836e-05 6.639234496858502626e-05 9.294871460330242688e-05 1.464202443647687874e-04 2.447760171588332623e-04
3.172400000000000109e+00 6.090475836843827666e-05 6.623849621514012957e-05 9.273144442850165376e-05 1.460762463156969535e-04 2.442000955030973193e-04
3.173099999999999810e+00 6.076505187121721306e-05 6.608464746169535485e-05 9.251417425370101616e-05 1.457322482666253093e-04 2.436241738473616744e-04
3.173799999999999955e+00 6.062534537399606136e-05 6.593079870825044461e-05 9.229690407890024303e-05 1.453882502175534483e-04 2.430482521916257313e-04
3.174500000000000099e+00 6.048563887677489611e-05 6.577694995480556147e-05 9.207963390409946991e-05 1.450442521684816143e-04 2.424723305358896799e-04
3.175199999999999800e+00 6.034593237955383251e-05 6.562310120136075964e-05 9.186236372929883231e-05 1.447002541194099972e-04 2.418964088801540621e-04
3.175899999999999945e+00 6.020622588233268081e-05 6.546925244791587651e-05 9.164509355449805919e-05 1.443562560703381362e-04 2.413204872244181190e-04
3.176600000000000090e+00 6.006651938511152234e-05 6.531540369447099337e-05 9.142782337969729961e-05 1.440122580212663023e-04 2.407445655686821489e-04
3.177299999999999791e+00 5.992681288789044518e-05 6.516155494102617799e-05 9.121055320489666201e-05 1.436682599721946581e-04 2.401686439129465311e-04
3.177999999999999936e+00 5.979008090344720567e-05 6.501102149841614353e-05 9.099800106725710745e-05 1.433317573440458074e-04 2.396052607848608222e-04
3.178700000000000081e+00 5.965360110595686617e-05 6.486076913650731747e-05 9.078584893711600442e-05 1.429958901972360841e-04 2.390429407058586070e-04
3.179399999999999782e+00 5.951712130846660798e-05 6.471051677459858627e-05 9.057369680697505046e-05 1.426600230504266047e-04 2.384806206268566900e-04
3.180099999999999927e+00 5.938064151097627525e-05 6.456026441268976021e-05 9.036154467683396097e-05 1.423241559036168813e-04 2.379183005478545019e-04
3.180800000000000072e+00 5.924416171348592897e-05 6.441001205078094769e-05 9.014939254669284438e-05 1.419882887568071851e-04 2.373559804688522596e-04
3.181499999999999773e+00 5.910768191599567078e-05 6.425975968887220294e-05 8.993724041655189042e-05 1.416524216099976515e-04 2.367936603898503154e-04
3.182199999999999918e+00 5.897120211850533127e-05 6.410950732696337688e-05 8.972508828641078738e-05 1.413165544631879553e-04 2.362313403108481273e-04
3.182900000000000063e+00 5.883472232101498499e-05 6.395925496505455081e-05 8.951293615626969790e-05 1.409806873163782319e-04 2.356690202318458308e-04
3.183599999999999763e+00 5.869824252352472680e-05 6.380900260314583316e-05 8.930078402612873039e-05 1.406448201695687525e-04 2.351067001528439951e-04
3.184299999999999908e+00 5.856176272603439407e-05 6.365875024123700710e-05 8.908863189598762735e-05 1.403089530227590292e-04 2.345443800738417257e-04
3.185000000000000053e+00 5.842812476416246530e-05 6.351166444932803269e-05 8.888098545561147078e-05 1.399802437549764879e-04 2.339940350353355094e-04
3.185699999999999754e+00 5.829479624661353961e-05 6.336492346170804742e-05 8.867382963478760954e-05 1.396523139006882223e-04 2.334449939456836756e-04
3.186399999999999899e+00 5.816146772906453938e-05 6.321818247408795373e-05 8.846667381396363988e-05 1.393243840463997127e-04 2.328959528560314623e-04
3.187100000000000044e+00 5.802813921151551204e-05 6.307144148646786003e-05 8.825951799313965667e-05 1.389964541921112574e-04 2.323469117663792491e-04
3.187800000000000189e+00 5.789481069396650503e-05 6.292470049884776634e-05 8.805236217231565991e-05 1.386685243378227750e-04 2.317978706767270629e-04
3.188499999999999890e+00 5.776148217641757256e-05 6.277795951122776752e-05 8.784520635149181223e-05 1.383405944835344823e-04 2.312488295870751749e-04
3.189200000000000035e+00 5.762815365886855200e-05 6.263121852360768738e-05 8.763805053066782902e-05 1.380126646292460541e-04 2.306997884974229616e-04
3.189900000000000180e+00 5.749482514131953821e-05 6.248447753598759368e-05 8.743089470984384581e-05 1.376847347749575717e-04 2.301507474077707483e-04
3.190599999999999881e+00 5.736149662377059897e-05 6.233773654836759486e-05 8.722373888901999812e-05 1.373568049206693061e-04 2.296017063181189145e-04
3.191300000000000026e+00 5.722816810622158518e-05 6.219099556074751472e-05 8.701658306819601491e-05 1.370288750663808237e-04 2.290526652284667012e-04
3.192000000000000171e+00 5.709755334318743160e-05 6.204727760114100564e-05 8.681372804401844747e-05 1.367077773957917194e-04 2.285150553735322196e-04
3.192699999999999871e+00 5.696730246996329966e-05 6.190396500210913896e-05 8.661144971757314605e-05 1.363875958589261586e-04 2.279789783432534071e-04
3.193400000000000016e+00 5.683705159673907962e-05 6.176065240307717741e-05 8.640917139112772266e-05 1.360674143220603810e-04 2.274429013129742423e-04
3.194100000000000161e+00 5.670680072351486637e-05 6.161733980404522941e-05 8.620689306468228572e-05 1.357472327851945763e-04 2.269068242826951045e-04
3.194799999999999862e+00 5.657654985029074120e-05 6.147402720501336272e-05 8.600461473823698430e-05 1.354270512483290155e-04 2.263707472524163192e-04
3.195500000000000007e+00 5.644629897706652795e-05 6.133071460598138762e-05 8.580233641179156091e-05 1.351068697114632649e-04 2.258346702221371543e-04
3.196200000000000152e+00 5.631604810384231469e-05 6.118740200694943961e-05 8.560005808534612397e-05 1.347866881745974602e-04 2.252985931918580166e-04
3.196899999999999853e+00 5.618579723061818275e-05 6.104408940791757293e-05 8.539777975890080900e-05 1.344665066377318994e-04 2.247625161615791770e-04
3.197599999999999998e+00 5.605554635739396949e-05 6.090077680888561815e-05 8.519550143245538561e-05 1.341463251008661217e-04 2.242264391312999850e-04
3.198300000000000143e+00 5.592529548416976979e-05 6.075746420985366338e-05 8.499322310600996222e-05 1.338261435640003441e-04 2.236903621010208202e-04
3.198999999999999844e+00 5.579763473634861997e-05 6.061703613131977093e-05 8.479504790102788817e-05 1.335124799876561666e-04 2.231651915647640740e-04
3.199699999999999989e+00 5.567038961330136599e-05 6.047707091770290028e-05 8.459753110390840056e-05 1.331998623166047555e-04 2.226417711403383371e-04
3.200400000000000134e+00 5.554314449025409846e-05 6.033710570408604319e-05 8.440001430678892649e-05 1.328872446455533715e-04 2.221183507159126002e-04
3.201099999999999834e+00 5.541589936720693258e-05 6.019714049046926742e-05 8.420249750966956085e-05 1.325746269745021772e-04 2.215949302914871886e-04
3.201799999999999979e+00 5.528865424415967860e-05 6.005717527685241710e-05 8.400498071255007324e-05 1.322620093034507932e-04 2.210715098670615060e-04
3.202500000000000124e+00 5.516140912111241784e-05 5.991721006323554646e-05 8.380746391543058562e-05 1.319493916323993821e-04 2.205480894426358233e-04
3.203199999999999825e+00 5.503416399806524518e-05 5.977724484961878423e-05 8.360994711831121998e-05 1.316367739613481878e-04 2.200246690182104388e-04
3.203899999999999970e+00 5.490691887501799798e-05 5.963727963600191359e-05 8.341243032119174592e-05 1.313241562902967767e-04 2.195012485937847019e-04
3.204600000000000115e+00 5.477967375197073045e-05 5.949731442238504972e-05 8.321491352407224475e-05 1.310115386192453927e-04 2.189778281693589650e-04
3.205299999999999816e+00 5.465242862892355779e-05 5.935734920876827394e-05 8.301739672695289266e-05 1.306989209481942255e-04 2.184544077449336076e-04
3.205999999999999961e+00 5.452765431438829665e-05 5.922013488315823032e-05 8.282379236479747600e-05 1.303925181233623644e-04 2.179413875406787803e-04
3.206700000000000106e+00 5.440334474716837439e-05 5.908343798648278542e-05 8.263092391302818258e-05 1.300872842815099025e-04 2.174303235683132125e-04
3.207399999999999807e+00 5.427903517994854023e-05 5.894674108980742862e-05 8.243805546125899757e-05 1.297820504396576303e-04 2.169192595959478886e-04
3.208099999999999952e+00 5.415472561272861797e-05 5.881004419313199050e-05 8.224518700948969059e-05 1.294768165978051955e-04 2.164081956235823750e-04
3.208800000000000097e+00 5.403041604550868894e-05 5.867334729645653883e-05 8.205231855772038361e-05 1.291715827559527065e-04 2.158971316512167801e-04
3.209499999999999797e+00 5.390610647828884800e-05 5.853665039978118881e-05 8.185945010595121216e-05 1.288663489141004344e-04 2.153860676788515375e-04
3.210199999999999942e+00 5.378179691106893252e-05 5.839995350310575069e-05 8.166658165418190518e-05 1.285611150722479996e-04 2.148750037064859426e-04
3.210900000000000087e+00 5.365748734384901027e-05 5.826325660643031257e-05 8.147371320241261175e-05 1.282558812303955377e-04 2.143639397341203748e-04
3.211599999999999788e+00 5.353317777662917610e-05 5.812655970975494222e-05 8.128084475064341319e-05 1.279506473885432655e-04 2.138528757617551052e-04
3.212299999999999933e+00 5.340886820940925385e-05 5.798986281307950410e-05 8.108797629887411977e-05 1.276454135466908036e-04 2.133418117893895916e-04
3.213000000000000078e+00 5.328691431042795082e-05 5.785578789228779703e-05 8.089883636188733608e-05 1.273461021931866896e-04 2.128406596495064338e-04
3.213699999999999779e+00 5.316547176382046283e-05 5.772228213211485131e-05 8.071050578542663452e-05 1.270480764530071676e-04 2.123416591025283388e-04
3.214399999999999924e+00 5.304402921721290709e-05 5.758877637194180396e-05 8.052217520896581100e-05 1.267500507128274830e-04 2.118426585555499727e-04
3.215100000000000069e+00 5.292258667060535134e-05 5.745527061176876338e-05 8.033384463250498747e-05 1.264520249726477441e-04 2.113436580085715523e-04
3.215799999999999770e+00 5.280114412399787013e-05 5.732176485159580411e-05 8.014551405604429947e-05 1.261539992324682221e-04 2.108446574615934572e-04
3.216499999999999915e+00 5.267970157739030083e-05 5.718825909142276353e-05 7.995718347958348949e-05 1.258559734922885104e-04 2.103456569146150369e-04
3.217200000000000060e+00 5.255825903078275186e-05 5.705475333124972295e-05 7.976885290312265241e-05 1.255579477521087987e-04 2.098466563676366166e-04
3.217899999999999761e+00 5.243681648417527742e-05 5.692124757107677046e-05 7.958052232666195085e-05 1.252599220119293038e-04 2.093476558206585757e-04
3.218599999999999905e+00 5.231537393756770812e-05 5.678774181090372988e-05 7.939219175020114088e-05 1.249618962717495378e-04 2.088486552736801283e-04
3.219300000000000050e+00 5.219393139096014560e-05 5.665423605073068931e-05 7.920386117374031735e-05 1.246638705315698532e-04 2.083496547267017350e-04
3.219999999999999751e+00 5.207473341738088707e-05 5.652322792468004591e-05 7.901908174251801107e-05 1.243714853363715072e-04 2.078600949470636174e-04
3.220699999999999896e+00 5.195609097562603490e-05 5.639283796307458511e-05 7.883518121974207973e-05 1.240804961760557724e-04 2.073728717573418976e-04
3.221400000000000041e+00 5.183744853387118272e-05 5.626244800146913786e-05 7.865128069696613483e-05 1.237895070157400646e-04 2.068856485676200964e-04
3.222100000000000186e+00 5.171880609211633055e-05 5.613205803986367706e-05 7.846738017419018993e-05 1.234985178554243569e-04 2.063984253778983495e-04
3.222799999999999887e+00 5.160016365036155969e-05 5.600166807825831113e-05 7.828347965141438055e-05 1.232075286951088389e-04 2.059112021881769278e-04
3.223500000000000032e+00 5.148152120860670751e-05 5.587127811665285032e-05 7.809957912863844920e-05 1.229165395347931041e-04 2.054239789984551538e-04
3.224200000000000177e+00 5.136287876685186212e-05 5.574088815504738952e-05 7.791567860586253141e-05 1.226255503744773964e-04 2.049367558087334068e-04
3.224899999999999878e+00 5.124423632509708448e-05 5.561049819344202359e-05 7.773177808308669493e-05 1.223345612141618784e-04 2.044495326190119309e-04
3.225600000000000023e+00 5.112559388334223231e-05 5.548010823183656279e-05 7.754787756031076358e-05 1.220435720538461707e-04 2.039623094292901840e-04
3.226300000000000168e+00 5.100695144158738013e-05 5.534971827023111554e-05 7.736397703753483224e-05 1.217525828935304630e-04 2.034750862395684099e-04
3.226999999999999869e+00 5.089044639508864083e-05 5.522170602585676824e-05 7.718345663190201856e-05 1.214669624176249160e-04 2.029968495275668021e-04
3.227700000000000014e+00 5.077453872316138920e-05 5.509435832296486450e-05 7.700388092567572978e-05 1.211828424201824735e-04 2.025211244208763198e-04
3.228400000000000158e+00 5.065863105123413079e-05 5.496701062007296754e-05 7.682430521944944100e-05 1.208987224227400309e-04 2.020453993141858103e-04
3.229099999999999859e+00 5.054272337930695370e-05 5.483966291718113156e-05 7.664472951322326064e-05 1.206146024252977781e-04 2.015696742074956260e-04
3.229800000000000004e+00 5.042681570737969529e-05 5.471231521428924138e-05 7.646515380699698541e-05 1.203304824278553356e-04 2.010939491008051166e-04
3.230500000000000149e+00 5.031090803545244366e-05 5.458496751139733087e-05 7.628557810077069663e-05 1.200463624304128930e-04 2.006182239941146342e-04
3.231199999999999850e+00 5.019500036352525979e-05 5.445761980850550844e-05 7.610600239454451627e-05 1.197622424329706402e-04 2.001424988874244229e-04
3.231899999999999995e+00 5.007909269159800138e-05 5.433027210561360471e-05 7.592642668831821394e-05 1.194781224355281977e-04 1.996667737807339405e-04
3.232600000000000140e+00 4.996318501967074297e-05 5.420292440272170774e-05 7.574685098209192515e-05 1.191940024380857687e-04 1.991910486740434581e-04
3.233299999999999841e+00 4.984727734774357266e-05 5.407557669982987177e-05 7.556727527586574479e-05 1.189098824406435023e-04 1.987153235673532739e-04
3.233999999999999986e+00 4.973340368693065773e-05 5.395049108103924698e-05 7.539091479725226709e-05 1.186308690280543188e-04 1.982481468933881765e-04
3.234700000000000131e+00 4.962016699275617366e-05 5.382611385174349239e-05 7.521556119254912737e-05 1.183534547828270759e-04 1.977836472286187224e-04
3.235399999999999832e+00 4.950693029858177090e-05 5.370173662244781911e-05 7.504020758784608251e-05 1.180760405375999686e-04 1.973191475638495665e-04
3.236099999999999977e+00 4.939369360440729360e-05 5.357735939315207808e-05 7.486485398314292924e-05 1.177986262923727258e-04 1.968546478990800853e-04
3.236800000000000122e+00 4.928045691023280953e-05 5.345298216385631671e-05 7.468950037843977597e-05 1.175212120471454829e-04 1.963901482343105771e-04
3.237499999999999822e+00 4.916722021605840677e-05 5.332860493456064344e-05 7.451414677373673111e-05 1.172437978019183892e-04 1.959256485695414212e-04
3.238199999999999967e+00 4.905398352188392947e-05 5.320422770526488885e-05 7.433879316903357784e-05 1.169663835566911464e-04 1.954611489047719671e-04
3.238900000000000112e+00 4.894074682770945217e-05 5.307985047596914103e-05 7.416343956433042457e-05 1.166889693114638764e-04 1.949966492400024860e-04
3.239599999999999813e+00 4.882751013353504941e-05 5.295547324667346776e-05 7.398808595962736616e-05 1.164115550662367962e-04 1.945321495752333030e-04
3.240299999999999958e+00 4.871427343936057211e-05 5.283109601737771317e-05 7.381273235492421289e-05 1.161341408210095534e-04 1.940676499104638489e-04
3.241000000000000103e+00 4.860297104568692703e-05 5.270886938596250354e-05 7.364043503010522091e-05 1.158615805099537540e-04 1.936112763628331987e-04
3.241699999999999804e+00 4.849234304326905266e-05 5.258739255759221649e-05 7.346920327313782146e-05 1.155907125164876067e-04 1.931577359749620795e-04
3.242399999999999949e+00 4.838171504085110375e-05 5.246591572922185490e-05 7.329797151617031359e-05 1.153198445230213103e-04 1.927041955870906621e-04
3.243100000000000094e+00 4.827108703843315484e-05 5.234443890085149331e-05 7.312673975920280572e-05 1.150489765295550410e-04 1.922506551992192447e-04
3.243799999999999795e+00 4.816045903601527369e-05 5.222296207248121303e-05 7.295550800223541982e-05 1.147781085360889073e-04 1.917971148113481255e-04
3.244499999999999940e+00 4.804983103359733833e-05 5.210148524411085144e-05 7.278427624526791196e-05 1.145072405426226110e-04 1.913435744234767081e-04
3.245200000000000085e+00 4.793920303117938942e-05 5.198000841574048985e-05 7.261304448830040409e-05 1.142363725491563281e-04 1.908900340356052907e-04
3.245899999999999785e+00 4.782857502876151505e-05 5.185853158737020280e-05 7.244181273133300464e-05 1.139655045556901944e-04 1.904364936477341715e-04
3.246599999999999930e+00 4.771794702634356614e-05 5.173705475899984121e-05 7.227058097436551032e-05 1.136946365622238980e-04 1.899829532598627270e-04
3.247300000000000075e+00 4.760731902392561045e-05 5.161557793062947962e-05 7.209934921739800245e-05 1.134237685687576017e-04 1.895294128719913367e-04
3.247999999999999776e+00 4.749852916841994379e-05 5.149614422810610501e-05 7.193102054356822963e-05 1.131575110048820595e-04 1.890835915151008358e-04
3.248699999999999921e+00 4.739044904186086310e-05 5.137749939917354418e-05 7.176381278239428257e-05 1.128930335790982335e-04 1.886407505618387646e-04
3.249400000000000066e+00 4.728236891530178241e-05 5.125885457024098336e-05 7.159660502122032195e-05 1.126285561533144346e-04 1.881979096085766663e-04
3.250099999999999767e+00 4.717428878874276949e-05 5.114020974130849029e-05 7.142939726004646976e-05 1.123640787275307848e-04 1.877550686553148391e-04
3.250799999999999912e+00 4.706620866218368202e-05 5.102156491237592269e-05 7.126218949887250915e-05 1.120996013017469859e-04 1.873122277020527408e-04
3.251500000000000057e+00 4.695812853562460133e-05 5.090292008344336186e-05 7.109498173769854853e-05 1.118351238759631735e-04 1.868693867487906425e-04
3.252199999999999758e+00 4.685004840906558841e-05 5.078427525451087557e-05 7.092777397652470989e-05 1.115706464501795372e-04 1.864265457955288153e-04
3.252899999999999903e+00 4.674196828250650094e-05 5.066563042557830797e-05 7.076056621535074928e-05 1.113061690243957247e-04 1.859837048422667441e-04
3.253600000000000048e+00 4.663388815594742026e-05 5.054698559664574036e-05 7.059335845417680222e-05 1.110416915986119259e-04 1.855408638890046458e-04
3.254299999999999748e+00 4.652580802938841411e-05 5.042834076771325407e-05 7.042615069300293647e-05 1.107772141728282760e-04 1.850980229357428186e-04
3.254999999999999893e+00 4.641947334016744683e-05 5.031163547807093533e-05 7.026169838415215532e-05 1.105171125244787747e-04 1.846625086715653606e-04
3.255700000000000038e+00 4.631388170855615065e-05 5.019575587801217609e-05 7.009841911071898154e-05 1.102588737070941683e-04 1.842301134835981592e-04
3.256400000000000183e+00 4.620829007694484092e-05 5.007987627795341685e-05 6.993513983728578064e-05 1.100006348897095756e-04 1.837977182956309578e-04
3.257099999999999884e+00 4.610269844533360572e-05 4.996399667789473893e-05 6.977186056385270172e-05 1.097423960723251454e-04 1.833653231076640545e-04
3.257800000000000029e+00 4.599710681372230276e-05 4.984811707783597291e-05 6.960858129041950083e-05 1.094841572549405391e-04 1.829329279196968531e-04
3.258500000000000174e+00 4.589151518211099980e-05 4.973223747777722045e-05 6.944530201698631349e-05 1.092259184375559463e-04 1.825005327317296517e-04
3.259199999999999875e+00 4.578592355049976461e-05 4.961635787771852897e-05 6.928202274355322102e-05 1.089676796201715026e-04 1.820681375437627485e-04
3.259900000000000020e+00 4.568033191888846165e-05 4.950047827765977651e-05 6.911874347012003368e-05 1.087094408027869098e-04 1.816357423557955471e-04
3.260600000000000165e+00 4.557474028727715869e-05 4.938459867760102405e-05 6.895546419668684634e-05 1.084512019854022764e-04 1.812033471678283728e-04
3.261299999999999866e+00 4.546914865566592349e-05 4.926871907754233935e-05 6.879218492325375387e-05 1.081929631680178462e-04 1.807709519798614696e-04
3.262000000000000011e+00 4.536521308621579014e-05 4.915467919087691774e-05 6.863151885781486794e-05 1.079388740434942471e-04 1.803455054125733604e-04
3.262700000000000156e+00 4.526205196936454987e-05 4.904149964076896448e-05 6.847207485140863149e-05 1.076867255106320930e-04 1.799233083473087238e-04
3.263399999999999856e+00 4.515889085251337736e-05 4.892832009066109254e-05 6.831263084500247636e-05 1.074345769777701421e-04 1.795011112820443311e-04
3.264100000000000001e+00 4.505572973566214387e-05 4.881514054055313928e-05 6.815318683859623991e-05 1.071824284449079880e-04 1.790789142167796674e-04
3.264800000000000146e+00 4.495256861881089682e-05 4.870196099044518602e-05 6.799374283218998991e-05 1.069302799120458203e-04 1.786567171515150037e-04
3.265499999999999847e+00 4.484940750195972432e-05 4.858878144033731408e-05 6.783429882578383477e-05 1.066781313791838424e-04 1.782345200862506111e-04
3.266199999999999992e+00 4.474624638510849082e-05 4.847560189022936082e-05 6.767485481937758477e-05 1.064259828463217153e-04 1.778123230209859745e-04
3.266900000000000137e+00 4.464308526825725055e-05 4.836242234012140756e-05 6.751541081297134832e-05 1.061738343134595747e-04 1.773901259557213107e-04
3.267599999999999838e+00 4.453992415140607127e-05 4.824924279001352884e-05 6.735596680656519319e-05 1.059216857805975968e-04 1.769679288904569181e-04
3.268299999999999983e+00 4.443676303455483778e-05 4.813606323990558236e-05 6.719652280015894319e-05 1.056695372477354697e-04 1.765457318251922815e-04
3.269000000000000128e+00 4.433517183276106143e-05 4.802462721691665539e-05 6.703955496989590481e-05 1.054213206144844845e-04 1.761301191289127443e-04
3.269699999999999829e+00 4.423438461776950143e-05 4.791408409114936330e-05 6.688385524196085877e-05 1.051751175904284784e-04 1.757178784276592102e-04
3.270399999999999974e+00 4.413359740277786688e-05 4.780354096538200345e-05 6.672815551402570431e-05 1.049289145663723504e-04 1.753056377264054051e-04
3.271100000000000119e+00 4.403281018778624589e-05 4.769299783961464359e-05 6.657245578609054986e-05 1.046827115423162088e-04 1.748933970251515999e-04
3.271799999999999820e+00 4.393202297279468589e-05 4.758245471384734473e-05 6.641675605815550382e-05 1.044365085182602027e-04 1.744811563238980387e-04
3.272499999999999964e+00 4.383123575780305812e-05 4.747191158807997810e-05 6.626105633022034936e-05 1.041903054942040340e-04 1.740689156226442606e-04
3.273200000000000109e+00 4.373044854281143035e-05 4.736136846231261824e-05 6.610535660228519491e-05 1.039441024701478789e-04 1.736566749213904555e-04
3.273899999999999810e+00 4.362966132781987035e-05 4.725082533654532615e-05 6.594965687435013532e-05 1.036978994460918999e-04 1.732444342201368943e-04
3.274599999999999955e+00 4.352887411282823580e-05 4.714028221077795952e-05 6.579395714641498086e-05 1.034516964220357448e-04 1.728321935188830891e-04
3.275300000000000100e+00 4.342808689783661481e-05 4.702973908501059967e-05 6.563825741847983996e-05 1.032054933979795761e-04 1.724199528176293111e-04
3.275999999999999801e+00 4.332878657574545104e-05 4.692084682234337910e-05 6.548490187858761117e-05 1.029630125036829679e-04 1.720139456071962726e-04
3.276699999999999946e+00 4.323031798437038646e-05 4.681287801122269881e-05 6.533285761888174461e-05 1.027226136757203578e-04 1.716114252556907220e-04
3.277400000000000091e+00 4.313184939299532188e-05 4.670490920010201852e-05 6.518081335917589160e-05 1.024822148477577477e-04 1.712089049041851986e-04
3.278099999999999792e+00 4.303338080162032506e-05 4.659694038898139922e-05 6.502876909947011991e-05 1.022418160197952866e-04 1.708063845526798649e-04
3.278799999999999937e+00 4.293491221024526726e-05 4.648897157786071216e-05 6.487672483976426689e-05 1.020014171918326765e-04 1.704038642011743143e-04
3.279500000000000082e+00 4.283644361887020268e-05 4.638100276674003188e-05 6.472468058005840033e-05 1.017610183638700664e-04 1.700013438496687638e-04
3.280199999999999783e+00 4.273797502749520586e-05 4.627303395561941935e-05 6.457263632035264219e-05 1.015206195359076054e-04 1.695988234981634572e-04
3.280899999999999928e+00 4.263950643612014128e-05 4.616506514449873907e-05 6.442059206064677562e-05 1.012802207079449953e-04 1.691963031466579067e-04
3.281600000000000072e+00 4.254103784474507670e-05 4.605709633337805878e-05 6.426854780094090906e-05 1.010398218799823852e-04 1.687937827951523561e-04
3.282299999999999773e+00 4.244256925337007989e-05 4.594912752225744626e-05 6.411650354123516447e-05 1.007994230520199241e-04 1.683912624436470766e-04
3.282999999999999918e+00 4.234550755766420079e-05 4.584272031866702413e-05 6.396667636162231216e-05 1.005625443475315723e-04 1.679946376483587881e-04
3.283700000000000063e+00 4.224930361447922189e-05 4.573726519192571006e-05 6.381820088567909479e-05 1.003278117828388158e-04 1.676016072405706763e-04
3.284399999999999764e+00 4.215309967129430397e-05 4.563181006518446376e-05 6.366972540973597230e-05 1.000930792181461948e-04 1.672085768327828627e-04
3.285099999999999909e+00 4.205689572810932507e-05 4.552635493844314968e-05 6.352124993379274138e-05 9.985834665345342479e-05 1.668155464249947780e-04
3.285800000000000054e+00 4.196069178492434616e-05 4.542089981170182884e-05 6.337277445784951046e-05 9.962361408876066829e-05 1.664225160172066662e-04
3.286499999999999755e+00 4.186448784173942825e-05 4.531544468496056898e-05 6.322429898190638797e-05 9.938888152406804731e-05 1.660294856094188525e-04
3.287199999999999900e+00 4.176828389855444934e-05 4.520998955821925490e-05 6.307582350596317060e-05 9.915414895937527725e-05 1.656364552016307678e-04
3.287900000000000045e+00 4.167207995536947044e-05 4.510453443147794083e-05 6.292734803001995324e-05 9.891941639468252074e-05 1.652434247938426831e-04
3.288599999999999746e+00 4.157587601218454574e-05 4.499907930473668775e-05 6.277887255407683074e-05 9.868468382998991332e-05 1.648503943860548423e-04
3.289299999999999891e+00 4.147967206899956684e-05 4.489362417799536690e-05 6.263039707813359983e-05 9.844995126529714326e-05 1.644573639782667576e-04
3.290000000000000036e+00 4.138479795217082615e-05 4.478964470131570357e-05 6.248401629586081293e-05 9.821854432938919395e-05 1.640699037185268556e-04
3.290700000000000180e+00 4.129080595349171552e-05 4.468664407251028974e-05 6.233902499372276319e-05 9.798934339390848246e-05 1.636861383236589416e-04
3.291399999999999881e+00 4.119681395481266588e-05 4.458364344370492334e-05 6.219403369158478122e-05 9.776014245842792004e-05 1.633023729287912443e-04
3.292100000000000026e+00 4.110282195613356202e-05 4.448064281489950273e-05 6.204904238944673148e-05 9.753094152294722210e-05 1.629186075339233031e-04
3.292800000000000171e+00 4.100882995745445139e-05 4.437764218609408211e-05 6.190405108730865464e-05 9.730174058746651061e-05 1.625348421390553620e-04
3.293499999999999872e+00 4.091483795877540853e-05 4.427464155728872927e-05 6.175905978517068622e-05 9.707253965198593465e-05 1.621510767441876647e-04
3.294200000000000017e+00 4.082084596009629790e-05 4.417164092848329510e-05 6.161406848303263648e-05 9.684333871650523671e-05 1.617673113493197506e-04
3.294900000000000162e+00 4.072685396141718727e-05 4.406864029967787449e-05 6.146907718089455964e-05 9.661413778102453877e-05 1.613835459544518366e-04
3.295599999999999863e+00 4.063286196273814440e-05 4.396563967087252164e-05 6.132408587875659122e-05 9.638493684554397636e-05 1.609997805595841393e-04
3.296300000000000008e+00 4.053886996405903377e-05 4.386263904206709425e-05 6.117909457661852794e-05 9.615573591006327842e-05 1.606160151647161981e-04
3.297000000000000153e+00 4.044613355626115541e-05 4.376103129696400649e-05 6.103608014946360722e-05 9.592967337593581766e-05 1.602375066315115683e-04
3.297699999999999854e+00 4.035430203982256250e-05 4.366042738873610155e-05 6.089449043565870834e-05 9.570587265519756709e-05 1.598627866641265621e-04
3.298399999999999999e+00 4.026247052338390861e-05 4.355982348050814240e-05 6.075290072185372136e-05 9.548207193445918100e-05 1.594880666967413391e-04
3.299100000000000144e+00 4.017063900694524116e-05 4.345921957228017648e-05 6.061131100804872083e-05 9.525827121372079491e-05 1.591133467293561160e-04
3.299799999999999844e+00 4.007880749050664825e-05 4.335861566405227832e-05 6.046972129424382872e-05 9.503447049298254434e-05 1.587386267619711098e-04
3.300499999999999989e+00 3.998697597406799436e-05 4.325801175582431239e-05 6.032813158043884175e-05 9.481066977224415825e-05 1.583639067945858867e-04
3.301200000000000134e+00 3.989514445762934046e-05 4.315740784759634647e-05 6.018654186663384122e-05 9.458686905150577215e-05 1.579891868272006365e-04
3.301899999999999835e+00 3.980331294119074755e-05 4.305680393936844153e-05 6.004495215282894233e-05 9.436306833076753514e-05 1.576144668598156303e-04
3.302599999999999980e+00 3.971148142475208688e-05 4.295620003114047561e-05 5.990336243902394180e-05 9.413926761002913549e-05 1.572397468924304072e-04
3.303300000000000125e+00 3.961964990831343299e-05 4.285559612291251646e-05 5.976177272521895483e-05 9.391546688929074940e-05 1.568650269250451842e-04
3.303999999999999826e+00 3.952900248987930204e-05 4.275630541940283737e-05 5.962204648634319623e-05 9.369462437280687576e-05 1.564952622621971871e-04
3.304699999999999971e+00 3.943928120524147195e-05 4.265804182958342751e-05 5.948377775107263041e-05 9.347609559465038420e-05 1.561293733553975377e-04
3.305400000000000116e+00 3.934955992060363509e-05 4.255977823976401088e-05 5.934550901580205103e-05 9.325756681649389264e-05 1.557634844485979153e-04
3.306099999999999817e+00 3.925983863596585921e-05 4.246151464994465523e-05 5.920724028053158007e-05 9.303903803833755016e-05 1.553975955417985098e-04
3.306799999999999962e+00 3.917011735132802235e-05 4.236325106012523860e-05 5.906897154526100069e-05 9.282050926018105860e-05 1.550317066349988604e-04
3.307500000000000107e+00 3.908039606669019226e-05 4.226498747030583552e-05 5.893070280999044842e-05 9.260198048202456704e-05 1.546658177281992109e-04
3.308199999999999807e+00 3.899067478205241638e-05 4.216672388048648665e-05 5.879243407471997746e-05 9.238345170386822456e-05 1.542999288213998325e-04
3.308899999999999952e+00 3.890095349741457952e-05 4.206846029066707002e-05 5.865416533944939808e-05 9.216492292571173300e-05 1.539340399146001831e-04
3.309600000000000097e+00 3.881123221277674266e-05 4.197019670084765338e-05 5.851589660417883226e-05 9.194639414755525499e-05 1.535681510078005336e-04
3.310299999999999798e+00 3.872151092813897356e-05 4.187193311102830451e-05 5.837762786890836130e-05 9.172786536939889896e-05 1.532022621010011552e-04
3.310999999999999943e+00 3.863290490274577871e-05 4.177490603374632984e-05 5.824111348259739034e-05 9.151212139900265403e-05 1.528410382901248372e-04
3.311700000000000088e+00 3.854524478241564149e-05 4.167892770228314695e-05 5.810608704410771640e-05 9.129873935815120591e-05 1.524837711717168677e-04
3.312399999999999789e+00 3.845758466208555170e-05 4.158294937082003182e-05 5.797106060561812378e-05 9.108535731729987977e-05 1.521265040533091421e-04
3.313099999999999934e+00 3.836992454175540093e-05 4.148697103935684893e-05 5.783603416712844984e-05 9.087197527644841810e-05 1.517692369349011726e-04
3.313800000000000079e+00 3.828226442142525693e-05 4.139099270789366603e-05 5.770100772863878268e-05 9.065859323559696998e-05 1.514119698164931760e-04
3.314499999999999780e+00 3.819460430109517391e-05 4.129501437643055091e-05 5.756598129014918328e-05 9.044521119474564384e-05 1.510547026980854505e-04
3.315199999999999925e+00 3.810694418076502314e-05 4.119903604496736124e-05 5.743095485165951612e-05 9.023182915389419572e-05 1.506974355796774810e-04
3.315900000000000070e+00 3.801928406043488592e-05 4.110305771350419190e-05 5.729592841316983541e-05 9.001844711304273405e-05 1.503401684612695115e-04
3.316599999999999770e+00 3.793162394010480290e-05 4.100707938204106322e-05 5.716090197468024956e-05 8.980506507219142146e-05 1.499829013428617588e-04
3.317299999999999915e+00 3.784396381977465890e-05 4.091110105057788710e-05 5.702587553619056885e-05 8.959168303133995979e-05 1.496256342244537893e-04
3.318000000000000060e+00 3.775735268824271037e-05 4.081628542877199778e-05 5.689249845464525873e-05 8.938091897962097208e-05 1.492727529725677773e-04
3.318699999999999761e+00 3.767170581949069605e-05 4.072253860545883809e-05 5.676063751275275786e-05 8.917256146406619120e-05 1.489239033441387195e-04
3.319399999999999906e+00 3.758605895073862074e-05 4.062879178214562418e-05 5.662877657086018922e-05 8.896420394851128834e-05 1.485750537157094178e-04
3.320100000000000051e+00 3.750041208198655898e-05 4.053504495883239673e-05 5.649691562896761381e-05 8.875584643295638548e-05 1.482262040872801162e-04
3.320799999999999752e+00 3.741476521323454466e-05 4.044129813551924381e-05 5.636505468707511294e-05 8.854748891740161815e-05 1.478773544588510584e-04
3.321499999999999897e+00 3.732911834448247613e-05 4.034755131220601636e-05 5.623319374518251720e-05 8.833913140184670174e-05 1.475285048304217296e-04
3.322200000000000042e+00 3.724347147573040082e-05 4.025380448889279568e-05 5.610133280328994179e-05 8.813077388629179888e-05 1.471796552019924550e-04
3.322900000000000187e+00 3.715782460697833228e-05 4.016005766557958177e-05 5.596947186139735961e-05 8.792241637073689602e-05 1.468308055735631805e-04
3.323599999999999888e+00 3.707217773822631796e-05 4.006631084226642208e-05 5.583761091950485873e-05 8.771405885518211514e-05 1.464819559451340956e-04
3.324300000000000033e+00 3.698653086947424943e-05 3.997256401895319462e-05 5.570574997761227655e-05 8.750570133962721228e-05 1.461331063167047939e-04
3.325000000000000178e+00 3.690186920418293153e-05 3.987990889719440036e-05 5.557543739876292957e-05 8.729980135649059725e-05 1.457883739464274739e-04
3.325699999999999878e+00 3.681818880153856351e-05 3.978834111018388081e-05 5.544666698950471490e-05 8.709634907564273469e-05 1.454477423652697531e-04
3.326400000000000023e+00 3.673450839889414804e-05 3.969677332317330027e-05 5.531789658024643925e-05 8.689289679479476371e-05 1.451071107841117884e-04
3.327100000000000168e+00 3.665082799624973258e-05 3.960520553616271296e-05 5.518912617098814327e-05 8.668944451394677917e-05 1.447664792029538779e-04
3.327799999999999869e+00 3.656714759360536456e-05 3.951363774915218663e-05 5.506035576172994215e-05 8.648599223309891661e-05 1.444258476217961300e-04
3.328500000000000014e+00 3.648346719096094910e-05 3.942206996214160609e-05 5.493158535247165972e-05 8.628253995225093208e-05 1.440852160406381653e-04
3.329200000000000159e+00 3.639978678831653363e-05 3.933050217513101878e-05 5.480281494321337051e-05 8.607908767140296110e-05 1.437445844594802276e-04
3.329899999999999860e+00 3.631610638567217238e-05 3.923893438812050600e-05 5.467404453395515585e-05 8.587563539055509854e-05 1.434039528783224797e-04
3.330600000000000005e+00 3.623242598302775692e-05 3.914736660110992546e-05 5.454527412469687342e-05 8.567218310970711400e-05 1.430633212971645692e-04
3.331300000000000150e+00 3.614874558038333468e-05 3.905579881409933815e-05 5.441650371543859099e-05 8.546873082885912947e-05 1.427226897160065774e-04
3.331999999999999851e+00 3.606598900029053893e-05 3.896525442368520796e-05 5.428918454176010275e-05 8.526758177626520593e-05 1.423859170582837761e-04
3.332699999999999996e+00 3.598422937870126090e-05 3.887581444876462471e-05 5.416343149314469132e-05 8.506891829082848856e-05 1.420533088221009248e-04
3.333400000000000141e+00 3.590246975711199642e-05 3.878637447384404824e-05 5.403767844452927311e-05 8.487025480539179829e-05 1.417207005859181005e-04
3.334099999999999842e+00 3.582071013552277260e-05 3.869693449892352597e-05 5.391192539591394299e-05 8.467159131995523000e-05 1.413880923497354660e-04
3.334799999999999986e+00 3.573895051393349457e-05 3.860749452400295627e-05 5.378617234729852478e-05 8.447292783451851262e-05 1.410554841135526147e-04
3.335500000000000131e+00 3.565719089234421654e-05 3.851805454908236625e-05 5.366041929868311334e-05 8.427426434908182236e-05 1.407228758773697904e-04
3.336199999999999832e+00 3.557543127075499950e-05 3.842861457416185076e-05 5.353466625006777645e-05 8.407560086364525406e-05 1.403902676411871830e-04
3.336899999999999977e+00 3.549367164916572147e-05 3.833917459924126751e-05 5.340891320145236501e-05 8.387693737820855024e-05 1.400576594050043317e-04
3.337600000000000122e+00 3.541191202757644344e-05 3.824973462432069781e-05 5.328316015283694680e-05 8.367827389277185998e-05 1.397250511688214532e-04
3.338299999999999823e+00 3.533015240598722640e-05 3.816029464940016877e-05 5.315740710422161669e-05 8.347961040733529168e-05 1.393924429326388729e-04
3.338999999999999968e+00 3.524925755223737078e-05 3.807181238043726878e-05 5.303301190252451039e-05 8.328310179557114033e-05 1.390634452219431953e-04
3.339700000000000113e+00 3.516937410087362596e-05 3.798445021105096957e-05 5.291020479135360711e-05 8.308911344910230247e-05 1.387386702562738619e-04
3.340399999999999814e+00 3.508949064950992179e-05 3.789708804166471101e-05 5.278739768018279193e-05 8.289512510263358658e-05 1.384138952906047181e-04
3.341099999999999959e+00 3.500960719814617697e-05 3.780972587227840503e-05 5.266459056901188189e-05 8.270113675616474873e-05 1.380891203249353847e-04
3.341800000000000104e+00 3.492972374678243215e-05 3.772236370289209904e-05 5.254178345784098539e-05 8.250714840969592442e-05 1.377643453592660512e-04
3.342499999999999805e+00 3.484984029541872798e-05 3.763500153350584726e-05 5.241897634667015666e-05 8.231316006322720853e-05 1.374395703935969075e-04
3.343199999999999950e+00 3.476995684405497639e-05 3.754763936411953450e-05 5.229616923549925339e-05 8.211917171675837067e-05 1.371147954279275469e-04
3.343900000000000095e+00 3.469007339269122479e-05 3.746027719473322851e-05 5.217336212432835689e-05 8.192518337028953281e-05 1.367900204622582135e-04
3.344599999999999795e+00 3.461018994132753418e-05 3.737291502534697673e-05 5.205055501315752816e-05 8.173119502382083048e-05 1.364652454965890969e-04
3.345299999999999940e+00 3.453030648996378258e-05 3.728555285596067074e-05 5.192774790198663166e-05 8.153720667735200617e-05 1.361404705309197634e-04
3.346000000000000085e+00 3.445123100207104762e-05 3.719908523011004583e-05 5.180620886416179726e-05 8.134523060280162592e-05 1.358190673028697069e-04
3.346699999999999786e+00 3.437318015876205865e-05 3.711375204810701161e-05 5.168627797389865257e-05 8.115580645491163076e-05 1.355019400511643006e-04
3.347399999999999931e+00 3.429512931545301548e-05 3.702841886610391641e-05 5.156634708363544011e-05 8.096638230702151362e-05 1.351848127994587047e-04
3.348100000000000076e+00 3.421707847214397230e-05 3.694308568410083476e-05 5.144641619337221410e-05 8.077695815913138293e-05 1.348676855477531358e-04
3.348799999999999777e+00 3.413902762883499011e-05 3.685775250209779376e-05 5.132648530310906940e-05 8.058753401124138776e-05 1.345505582960477295e-04
3.349499999999999922e+00 3.406097678552594694e-05 3.677241932009470534e-05 5.120655441284585694e-05 8.039810986335125707e-05 1.342334310443421606e-04
3.350200000000000067e+00 3.398292594221690376e-05 3.668708613809161013e-05 5.108662352258263093e-05 8.020868571546112638e-05 1.339163037926365376e-04
3.350899999999999768e+00 3.390487509890791480e-05 3.660175295608857592e-05 5.096669263231949301e-05 8.001926156757114476e-05 1.335991765409311584e-04
3.351599999999999913e+00 3.382682425559887162e-05 3.651641977408548749e-05 5.084676174205627377e-05 7.982983741968101407e-05 1.332820492892255624e-04
3.352300000000000058e+00 3.374877341228982845e-05 3.643108659208239906e-05 5.072683085179305454e-05 7.964041327179089693e-05 1.329649220375199936e-04
3.352999999999999758e+00 3.367147590488193249e-05 3.634658723595103570e-05 5.060808175648675374e-05 7.945286435616597128e-05 1.326509370288587466e-04
3.353699999999999903e+00 3.359521513116643410e-05 3.626323538304302807e-05 5.049095903614481633e-05 7.926789611732479291e-05 1.323412763451485726e-04
3.354400000000000048e+00 3.351895435745094249e-05 3.617988353013502722e-05 5.037383631580287215e-05 7.908292787848360099e-05 1.320316156614383715e-04
3.355099999999999749e+00 3.344269358373550509e-05 3.609653167722708057e-05 5.025671359546100250e-05 7.889795963964253104e-05 1.317219549777283872e-04
3.355799999999999894e+00 3.336643281002000670e-05 3.601317982431907972e-05 5.013959087511905155e-05 7.871299140080135267e-05 1.314122942940182132e-04
3.356500000000000039e+00 3.329017203630451509e-05 3.592982797141107209e-05 5.002246815477710736e-05 7.852802316196016074e-05 1.311026336103080392e-04
3.357200000000000184e+00 3.321391126258902348e-05 3.584647611850307124e-05 4.990534543443516318e-05 7.834305492311896882e-05 1.307929729265978381e-04
3.357899999999999885e+00 3.313765048887357253e-05 3.576312426559511782e-05 4.978822271409329354e-05 7.815808668427789887e-05 1.304833122428878810e-04
3.358600000000000030e+00 3.306138971515808092e-05 3.567977241268711696e-05 4.967109999375134935e-05 7.797311844543670695e-05 1.301736515591776799e-04
3.359300000000000175e+00 3.298512894144258254e-05 3.559642055977910933e-05 4.955397727340940517e-05 7.778815020659554213e-05 1.298639908754675059e-04
3.359999999999999876e+00 3.290956898155239084e-05 3.551384417894296654e-05 4.943795344860668872e-05 7.760492553759405917e-05 1.295572519263512874e-04
3.360700000000000021e+00 3.283505673833090493e-05 3.543242712885411153e-05 4.932357247263493161e-05 7.742430750550269249e-05 1.292548809704526273e-04
3.361400000000000166e+00 3.276054449510940546e-05 3.535101007876525651e-05 4.920919149666318129e-05 7.724368947341131225e-05 1.289525100145539401e-04
3.362099999999999866e+00 3.268603225188796021e-05 3.526959302867644893e-05 4.909481052069149872e-05 7.706307144132004043e-05 1.286501390586554426e-04
3.362800000000000011e+00 3.261152000866647429e-05 3.518817597858758713e-05 4.898042954471974839e-05 7.688245340922867375e-05 1.283477681027567555e-04
3.363500000000000156e+00 3.253700776544498160e-05 3.510675892849873212e-05 4.886604856874799806e-05 7.670183537713729351e-05 1.280453971468580683e-04
3.364199999999999857e+00 3.246249552222353634e-05 3.502534187840993131e-05 4.875166759277631550e-05 7.652121734504603525e-05 1.277430261909595708e-04
3.364900000000000002e+00 3.238798327900204365e-05 3.494392482832107629e-05 4.863728661680455839e-05 7.634059931295465501e-05 1.274406552350609107e-04
3.365600000000000147e+00 3.231347103578055096e-05 3.486250777823221450e-05 4.852290564083280806e-05 7.615998128086328832e-05 1.271382842791622236e-04
3.366299999999999848e+00 3.223895879255910571e-05 3.478109072814340692e-05 4.840852466486112550e-05 7.597936324877203006e-05 1.268359133232637532e-04
3.366999999999999993e+00 3.216509687745143568e-05 3.470039308178644345e-05 4.829516295135656155e-05 7.580036232213241973e-05 1.265362522818075418e-04
3.367700000000000138e+00 3.209229260122360900e-05 3.462086541307767695e-05 4.818345888049598214e-05 7.562399131962228719e-05 1.262409984169972550e-04
3.368399999999999839e+00 3.201948832499582976e-05 3.454133774436895111e-05 4.807175480963547727e-05 7.544762031711227661e-05 1.259457445521871579e-04
3.369099999999999984e+00 3.194668404876800308e-05 3.446181007566018461e-05 4.796005073877490464e-05 7.527124931460214407e-05 1.256504906873768710e-04
3.369800000000000129e+00 3.187387977254017640e-05 3.438228240695141133e-05 4.784834666791433201e-05 7.509487831209201152e-05 1.253552368225665842e-04
3.370499999999999829e+00 3.180107549631239715e-05 3.430275473824269226e-05 4.773664259705382037e-05 7.491850730958200095e-05 1.250599829577564871e-04
3.371199999999999974e+00 3.172827122008457047e-05 3.422322706953391899e-05 4.762493852619324773e-05 7.474213630707186840e-05 1.247647290929462002e-04
3.371900000000000119e+00 3.165546694385674379e-05 3.414369940082514571e-05 4.751323445533267510e-05 7.456576530456174941e-05 1.244694752281359134e-04
3.372599999999999820e+00 3.158266266762896454e-05 3.406417173211642664e-05 4.740153038447217023e-05 7.438939430205172528e-05 1.241742213633258163e-04
3.373299999999999965e+00 3.150985839140113786e-05 3.398464406340765336e-05 4.728982631361159083e-05 7.421302329954159273e-05 1.238789674985155294e-04
3.374000000000000110e+00 3.143765592692119421e-05 3.390578193956262775e-05 4.717906502934587107e-05 7.403814796245858137e-05 1.235862201275437892e-04
3.374699999999999811e+00 3.136652000659447676e-05 3.382809930911506485e-05 4.706997457243443096e-05 7.386592327688262577e-05 1.232979148206527116e-04
3.375399999999999956e+00 3.129538408626771865e-05 3.375041667866745453e-05 4.696088411552292987e-05 7.369369859130654819e-05 1.230096095137614713e-04
3.376100000000000101e+00 3.122424816594096054e-05 3.367273404821984420e-05 4.685179365861142200e-05 7.352147390573048416e-05 1.227213042068702310e-04
3.376799999999999802e+00 3.115311224561425664e-05 3.359505141777228808e-05 4.674270320169998866e-05 7.334924922015451500e-05 1.224329988999791805e-04
3.377499999999999947e+00 3.108197632528750530e-05 3.351736878732467097e-05 4.663361274478848079e-05 7.317702453457845097e-05 1.221446935930879402e-04
3.378200000000000092e+00 3.101084040496074719e-05 3.343968615687706065e-05 4.652452228787697292e-05 7.300479984900237339e-05 1.218563882861967000e-04
3.378899999999999793e+00 3.093970448463404329e-05 3.336200352642950453e-05 4.641543183096553282e-05 7.283257516342641778e-05 1.215680829793056359e-04
3.379599999999999937e+00 3.086856856430727841e-05 3.328432089598188742e-05 4.630634137405403172e-05 7.266035047785034020e-05 1.212797776724143685e-04
3.380300000000000082e+00 3.079743264398052707e-05 3.320663826553427709e-05 4.619725091714251708e-05 7.248812579227427617e-05 1.209914723655231418e-04
3.380999999999999783e+00 3.072685192341176292e-05 3.312956945691022980e-05 4.608902982238419839e-05 7.231728018814429816e-05 1.207054782514750880e-04
3.381699999999999928e+00 3.065734567766862658e-05 3.305368857405045633e-05 4.598249119908682484e-05 7.214910351222437578e-05 1.204239569753406687e-04
3.382400000000000073e+00 3.058783943192549024e-05 3.297780769119069641e-05 4.587595257578945806e-05 7.198092683630442630e-05 1.201424356992062493e-04
3.383099999999999774e+00 3.051833318618239456e-05 3.290192680833097037e-05 4.576941395249215904e-05 7.181275016038461234e-05 1.198609144230720062e-04
3.383799999999999919e+00 3.044882694043926161e-05 3.282604592547120367e-05 4.566287532919478549e-05 7.164457348446468996e-05 1.195793931469375869e-04
3.384500000000000064e+00 3.037932069469612188e-05 3.275016504261143020e-05 4.555633670589741871e-05 7.147639680854475403e-05 1.192978718708031675e-04
3.385199999999999765e+00 3.030981444895302959e-05 3.267428415975171771e-05 4.544979808260011291e-05 7.130822013262494007e-05 1.190163505946689244e-04
3.385899999999999910e+00 3.024030820320989325e-05 3.259840327689195102e-05 4.534325945930273936e-05 7.114004345670500414e-05 1.187348293185345050e-04
3.386600000000000055e+00 3.017080195746676030e-05 3.252252239403217754e-05 4.523672083600537258e-05 7.097186678078506821e-05 1.184533080424000586e-04
3.387299999999999756e+00 3.010129571172366462e-05 3.244664151117245151e-05 4.513018221270806679e-05 7.080369010486525425e-05 1.181717867662658019e-04
3.387999999999999901e+00 3.003229989514345408e-05 3.237132479155518797e-05 4.502444247606049926e-05 7.063678061933126643e-05 1.178923892302069325e-04
3.388700000000000045e+00 2.996438555035219300e-05 3.229720339280795947e-05 4.492039538050219313e-05 7.047255599342745779e-05 1.176174913684330795e-04
3.389399999999999746e+00 2.989647120556097935e-05 3.222308199406077840e-05 4.481634828494394121e-05 7.030833136752375758e-05 1.173425935066593756e-04
3.390099999999999891e+00 2.982855686076971150e-05 3.214896059531354989e-05 4.471230118938562830e-05 7.014410674161994895e-05 1.170676956448855091e-04
3.390800000000000036e+00 2.976064251597845042e-05 3.207483919656632139e-05 4.460825409382732218e-05 6.997988211571615387e-05 1.167927977831116425e-04
3.391500000000000181e+00 2.969272817118719611e-05 3.200071779781909288e-05 4.450420699826900927e-05 6.981565748981234524e-05 1.165178999213377896e-04
3.392199999999999882e+00 2.962481382639597230e-05 3.192659639907191859e-05 4.440015990271076413e-05 6.965143286390865858e-05 1.162430020595640992e-04
3.392900000000000027e+00 2.955689948160471122e-05 3.185247500032469008e-05 4.429611280715245122e-05 6.948720823800484995e-05 1.159681041977902462e-04
3.393600000000000172e+00 2.948898513681345014e-05 3.177835360157746158e-05 4.419206571159413832e-05 6.932298361210105487e-05 1.156932063360163661e-04
3.394299999999999873e+00 2.942107079202223649e-05 3.170423220283028051e-05 4.408801861603589317e-05 6.915875898619736821e-05 1.154183084742427029e-04
3.395000000000000018e+00 2.935362388614313765e-05 3.163062730404274972e-05 4.398470278125040820e-05 6.899569419446300754e-05 1.151453544849359622e-04
3.395700000000000163e+00 2.928726455479967693e-05 3.155822412849482135e-05 4.388308834652967670e-05 6.883532795022958206e-05 1.148769232389027433e-04
3.396399999999999864e+00 2.922090522345625348e-05 3.148582095294692686e-05 4.378147391180901973e-05 6.867496170599627855e-05 1.146084919928696871e-04
3.397100000000000009e+00 2.915454589211279615e-05 3.141341777739898493e-05 4.367985947708830178e-05 6.851459546176283952e-05 1.143400607468364954e-04
3.397800000000000153e+00 2.908818656076933543e-05 3.134101460185104301e-05 4.357824504236757027e-05 6.835422921752942760e-05 1.140716295008033037e-04
3.398499999999999854e+00 2.902182722942591198e-05 3.126861142630314852e-05 4.347663060764691331e-05 6.819386297329611054e-05 1.138031982547702339e-04
3.399199999999999999e+00 2.895546789808245465e-05 3.119620825075521337e-05 4.337501617292618858e-05 6.803349672906268506e-05 1.135347670087370151e-04
3.399900000000000144e+00 2.888910856673899394e-05 3.112380507520727822e-05 4.327340173820547062e-05 6.787313048482925958e-05 1.132663357627038234e-04
3.400599999999999845e+00 2.882274923539557049e-05 3.105140189965938373e-05 4.317178730348481366e-05 6.771276424059594252e-05 1.129979045166707672e-04
3.401299999999999990e+00 2.875638990405211316e-05 3.097899872411144181e-05 4.307017286876408215e-05 6.755239799636251704e-05 1.127294732706375484e-04
3.402000000000000135e+00 2.869045674253709003e-05 3.090706631351977348e-05 4.296922482233909166e-05 6.739308861174452556e-05 1.124628133596243843e-04
3.402699999999999836e+00 2.862561640222506342e-05 3.083634107878030538e-05 4.286998558590108556e-05 6.723648931714050838e-05 1.122006956576984552e-04
3.403399999999999981e+00 2.856077606191299953e-05 3.076561584404078985e-05 4.277074634946301170e-05 6.707989002253639634e-05 1.119385779557723770e-04
3.404100000000000126e+00 2.849593572160093226e-05 3.069489060930128110e-05 4.267150711302494461e-05 6.692329072793227075e-05 1.116764602538462988e-04
3.404799999999999827e+00 2.843109538128889887e-05 3.062416537456181300e-05 4.257226787658693174e-05 6.676669143332824002e-05 1.114143425519203832e-04
3.405499999999999972e+00 2.836625504097683499e-05 3.055344013982229747e-05 4.247302864014885788e-05 6.661009213872411442e-05 1.111522248499943185e-04
3.406200000000000117e+00 2.830141470066476771e-05 3.048271490508278194e-05 4.237378940371079079e-05 6.645349284411998883e-05 1.108901071480682403e-04
3.406899999999999817e+00 2.823657436035274110e-05 3.041198967034331385e-05 4.227455016727277792e-05 6.629689354951597165e-05 1.106279894461423112e-04
3.407599999999999962e+00 2.817173402004067044e-05 3.034126443560380171e-05 4.217531093083471083e-05 6.614029425491184605e-05 1.103658717442162330e-04
3.408300000000000107e+00 2.810689367972859639e-05 3.027053920086429295e-05 4.207607169439663697e-05 6.598369496030772046e-05 1.101037540422901547e-04
3.408999999999999808e+00 2.804243990396934770e-05 3.020024085941683530e-05 4.197743663394495759e-05 6.582805378399878709e-05 1.098432422209380755e-04
3.409699999999999953e+00 2.797908337682524066e-05 3.013115423815971976e-05 4.188051650379290009e-05 6.567513218961969408e-05 1.095872886298300173e-04
3.410400000000000098e+00 2.791572684968113361e-05 3.006206761690260760e-05 4.178359637364084260e-05 6.552221059524058751e-05 1.093313350387219862e-04
3.411099999999999799e+00 2.785237032253706045e-05 2.999298099564554626e-05 4.168667624348883932e-05 6.536928900086158936e-05 1.090753814476140907e-04
3.411799999999999944e+00 2.778901379539296018e-05 2.992389437438843411e-05 4.158975611333678860e-05 6.521636740648248279e-05 1.088194278565060460e-04
3.412500000000000089e+00 2.772565726824885313e-05 2.985480775313131856e-05 4.149283598318472433e-05 6.506344581210338977e-05 1.085634742653979879e-04
3.413199999999999790e+00 2.766230074110478674e-05 2.978572113187425723e-05 4.139591585303272104e-05 6.491052421772437807e-05 1.083075206742901194e-04
3.413899999999999935e+00 2.759894421396067970e-05 2.971663451061714507e-05 4.129899572288066355e-05 6.475760262334528505e-05 1.080515670831820612e-04
3.414600000000000080e+00 2.753558768681656587e-05 2.964754788936002953e-05 4.120207559272859928e-05 6.460468102896617848e-05 1.077956134920740302e-04
3.415299999999999780e+00 2.747223115967249948e-05 2.957846126810296820e-05 4.110515546257660277e-05 6.445175943458716678e-05 1.075396599009661346e-04
3.415999999999999925e+00 2.740922320001920178e-05 2.950975946888955640e-05 4.100877986594216024e-05 6.429970130660002099e-05 1.072851535794362916e-04
3.416700000000000070e+00 2.734731613269102341e-05 2.944227306596417185e-05 4.091412408766754495e-05 6.415037029330075647e-05 1.070352182176575881e-04
3.417399999999999771e+00 2.728540906536288231e-05 2.937478666303883134e-05 4.081946830939298386e-05 6.400103928000160038e-05 1.067852828558790338e-04
3.418099999999999916e+00 2.722350199803470056e-05 2.930730026011345017e-05 4.072481253111836179e-05 6.385170826670233586e-05 1.065353474941003304e-04
3.418800000000000061e+00 2.716159493070652219e-05 2.923981385718807239e-05 4.063015675284373972e-05 6.370237725340308489e-05 1.062854121323216270e-04
3.419499999999999762e+00 2.709968786337838448e-05 2.917232745426273188e-05 4.053550097456918541e-05 6.355304624010391524e-05 1.060354767705430862e-04
3.420199999999999907e+00 2.703778079605020950e-05 2.910484105133734733e-05 4.044084519629456334e-05 6.340371522680466427e-05 1.057855414087643963e-04
3.420900000000000052e+00 2.697587372872203113e-05 2.903735464841196616e-05 4.034618941801994127e-05 6.325438421350541331e-05 1.055356060469856929e-04
3.421599999999999753e+00 2.691396666139389681e-05 2.896986824548662565e-05 4.025153363974538697e-05 6.310505320020624366e-05 1.052856706852071521e-04
3.422299999999999898e+00 2.685205959406571845e-05 2.890238184256124448e-05 4.015687786147076490e-05 6.295572218690699269e-05 1.050357353234284623e-04
3.423000000000000043e+00 2.679046465149841893e-05 2.883523992988082783e-05 4.006270945657763638e-05 6.280716393817345803e-05 1.047870952315216276e-04
3.423699999999999743e+00 2.672997349558552590e-05 2.876931625997584103e-05 3.997026458118816767e-05 6.266133846594971384e-05 1.045430356848891851e-04
3.424399999999999888e+00 2.666948233967259560e-05 2.870339259007080341e-05 3.987781970579865829e-05 6.251551299372588833e-05 1.042989761382565934e-04
3.425100000000000033e+00 2.660899118375966869e-05 2.863746892016577595e-05 3.978537483040913537e-05 6.236968752150204927e-05 1.040549165916240153e-04
3.425800000000000178e+00 2.654850002784674178e-05 2.857154525026074849e-05 3.969292995501961922e-05 6.222386204927822376e-05 1.038108570449914101e-04
3.426499999999999879e+00 2.648800887193384875e-05 2.850562158035575491e-05 3.960048507963016406e-05 6.207803657705449312e-05 1.035667974983589540e-04
3.427200000000000024e+00 2.642751771602091845e-05 2.843969791045072068e-05 3.950804020424064791e-05 6.193221110483066762e-05 1.033227379517263759e-04
3.427900000000000169e+00 2.636702656010798476e-05 2.837377424054569322e-05 3.941559532885112498e-05 6.178638563260682856e-05 1.030786784050937842e-04
3.428599999999999870e+00 2.630653540419510529e-05 2.830785057064069964e-05 3.932315045346166982e-05 6.164056016038308437e-05 1.028346188584613281e-04
3.429300000000000015e+00 2.624604424828217160e-05 2.824192690073567218e-05 3.923070557807215367e-05 6.149473468815925886e-05 1.025905593118287364e-04
3.430000000000000160e+00 2.618583027651253477e-05 2.817630906965894386e-05 3.913869331348742168e-05 6.134959509375557572e-05 1.023476494216638938e-04
3.430699999999999861e+00 2.612672226947467078e-05 2.811191153550716284e-05 3.904840716601387304e-05 6.120719215185434952e-05 1.021093266608054959e-04
3.431400000000000006e+00 2.606761426243676613e-05 2.804751400135534455e-05 3.895812101854026342e-05 6.106478920995304200e-05 1.018710038999469489e-04
3.432100000000000151e+00 2.600850625539886826e-05 2.798311646720352965e-05 3.886783487106664701e-05 6.092238626805172771e-05 1.016326811390884019e-04
3.432799999999999851e+00 2.594939824836100427e-05 2.791871893305175880e-05 3.877754872359309837e-05 6.077998332615051506e-05 1.013943583782300040e-04
3.433499999999999996e+00 2.589029024132310640e-05 2.785432139889994389e-05 3.868726257611948874e-05 6.063758038424920077e-05 1.011560356173714571e-04
3.434200000000000141e+00 2.583118223428520515e-05 2.778992386474811883e-05 3.859697642864587234e-05 6.049517744234788648e-05 1.009177128565129101e-04
3.434899999999999842e+00 2.577207422724734116e-05 2.772552633059634458e-05 3.850669028117231692e-05 6.035277450044666705e-05 1.006793900956545258e-04
3.435599999999999987e+00 2.571296622020943990e-05 2.766112879644452968e-05 3.841640413369870730e-05 6.021037155854535954e-05 1.004410673347959788e-04
3.436300000000000132e+00 2.565385821317153864e-05 2.759673126229271139e-05 3.832611798622509089e-05 6.006796861664404525e-05 1.002027445739374318e-04
3.436999999999999833e+00 2.559499390116502611e-05 2.753260253870928520e-05 3.823621200241953717e-05 5.992616835011717384e-05 9.996543202442317616e-05
3.437699999999999978e+00 2.553723704768986712e-05 2.746969540981977664e-05 3.814803365128296731e-05 5.978710690834707238e-05 9.973271032423935577e-05
3.438400000000000123e+00 2.547948019421470813e-05 2.740678828093027485e-05 3.805985530014638390e-05 5.964804546657695059e-05 9.949998862405554892e-05
3.439099999999999824e+00 2.542172334073958641e-05 2.734388115204080695e-05 3.797167694900985469e-05 5.950898402480692367e-05 9.926726692387190471e-05
3.439799999999999969e+00 2.536396648726442743e-05 2.728097402315129839e-05 3.788349859787327128e-05 5.936992258303680866e-05 9.903454522368809786e-05
3.440500000000000114e+00 2.530620963378926844e-05 2.721806689426179660e-05 3.779532024673668786e-05 5.923086114126668687e-05 9.880182352350427746e-05
3.441199999999999815e+00 2.524845278031414333e-05 2.715515976537232870e-05 3.770714189560016544e-05 5.909179969949667350e-05 9.856910182332060614e-05
3.441899999999999959e+00 2.519069592683898434e-05 2.709225263648282013e-05 3.761896354446358202e-05 5.895273825772654494e-05 9.833638012313679930e-05
3.442600000000000104e+00 2.513293907336382196e-05 2.702934550759331157e-05 3.753078519332699861e-05 5.881367681595642315e-05 9.810365842295299245e-05
3.443299999999999805e+00 2.507518221988870024e-05 2.696643837870385044e-05 3.744260684219047618e-05 5.867461537418640978e-05 9.787093672276934823e-05
3.443999999999999950e+00 2.501763697479717876e-05 2.690376459984141440e-05 3.735475844347989024e-05 5.853607696295461485e-05 9.763909174582663896e-05
3.444700000000000095e+00 2.496120002861495913e-05 2.684231299174572258e-05 3.726863817060043990e-05 5.840027792416733950e-05 9.741183860685926764e-05
3.445399999999999796e+00 2.490476308243277337e-05 2.678086138365006803e-05 3.718251789772104377e-05 5.826447888538015225e-05 9.718458546789205895e-05
3.446099999999999941e+00 2.484832613625055035e-05 2.671940977555437621e-05 3.709639762484159343e-05 5.812867984659287013e-05 9.695733232892470119e-05
3.446800000000000086e+00 2.479188919006833071e-05 2.665795816745869116e-05 3.701027735196214986e-05 5.799288080780560156e-05 9.673007918995732988e-05
3.447499999999999787e+00 2.473545224388614495e-05 2.659650655936304000e-05 3.692415707908275373e-05 5.785708176901840753e-05 9.650282605099012119e-05
3.448199999999999932e+00 2.467901529770392193e-05 2.653505495126734479e-05 3.683803680620330339e-05 5.772128273023112541e-05 9.627557291202276343e-05
3.448900000000000077e+00 2.462257835152169890e-05 2.647360334317165636e-05 3.675191653332385305e-05 5.758548369144385684e-05 9.604831977305539211e-05
3.449599999999999778e+00 2.456614140533951315e-05 2.641215173507600520e-05 3.666579626044446370e-05 5.744968465265665603e-05 9.582106663408816987e-05
3.450299999999999923e+00 2.450970445915729351e-05 2.635070012698032015e-05 3.657967598756501335e-05 5.731388561386938069e-05 9.559381349512081211e-05
3.451000000000000068e+00 2.445344838965266221e-05 2.628944792238510121e-05 3.649383761471678106e-05 5.717853339567348261e-05 9.536730934361696240e-05
3.451699999999999768e+00 2.439830083578644680e-05 2.622941777638573718e-05 3.640972688634561236e-05 5.704591954938771165e-05 9.514539541528258676e-05
3.452399999999999913e+00 2.434315328192019750e-05 2.616938763038632911e-05 3.632561615797438945e-05 5.691330570310183226e-05 9.492348148694807559e-05
3.453100000000000058e+00 2.428800572805394481e-05 2.610935748438691765e-05 3.624150542960317332e-05 5.678069185681597998e-05 9.470156755861356443e-05
3.453799999999999759e+00 2.423285817418772940e-05 2.604932733838755024e-05 3.615739470123200463e-05 5.664807801053019546e-05 9.447965363027917523e-05
3.454499999999999904e+00 2.417771062032148010e-05 2.598929719238814216e-05 3.607328397286078850e-05 5.651546416424432963e-05 9.425773970194466407e-05
3.455200000000000049e+00 2.412256306645522741e-05 2.592926704638873409e-05 3.598917324448957237e-05 5.638285031795846379e-05 9.403582577361013935e-05
3.455899999999999750e+00 2.406741551258901200e-05 2.586923690038936329e-05 3.590506251611840367e-05 5.625023647167269283e-05 9.381391184527575016e-05
3.456599999999999895e+00 2.401226795872276270e-05 2.580920675438995522e-05 3.582095178774718754e-05 5.611762262538682699e-05 9.359199791694123899e-05
3.457300000000000040e+00 2.395712040485651340e-05 2.574917660839055053e-05 3.573684105937597141e-05 5.598500877910096116e-05 9.337008398860672782e-05
3.458000000000000185e+00 2.390212430485498944e-05 2.568931338135797390e-05 3.565296626286387413e-05 5.585276885947957541e-05 9.314879686596090884e-05
3.458699999999999886e+00 2.384823634229708464e-05 2.563067144476611700e-05 3.557081770112108818e-05 5.572326483662004304e-05 9.293209587160429952e-05
3.459400000000000031e+00 2.379434837973914258e-05 2.557202950817421606e-05 3.548866913937824801e-05 5.559376081376042259e-05 9.271539487724755467e-05
3.460100000000000176e+00 2.374046041718120390e-05 2.551338757158231851e-05 3.540652057763541463e-05 5.546425679090080890e-05 9.249869388289080983e-05
3.460799999999999876e+00 2.368657245462329911e-05 2.545474563499045822e-05 3.532437201589262867e-05 5.533475276804127654e-05 9.228199288853420050e-05
3.461500000000000021e+00 2.363268449206536043e-05 2.539610369839855728e-05 3.524222345414978851e-05 5.520524874518164930e-05 9.206529189417744210e-05
3.462200000000000166e+00 2.357879652950742175e-05 2.533746176180665973e-05 3.516007489240695512e-05 5.507574472232202884e-05 9.184859089982071081e-05
3.462899999999999867e+00 2.352490856694951696e-05 2.527881982521479605e-05 3.507792633066416239e-05 5.494624069946251003e-05 9.163188990546410149e-05
3.463600000000000012e+00 2.347102060439157828e-05 2.522017788862290189e-05 3.499577776892132222e-05 5.481673667660288957e-05 9.141518891110735664e-05
3.464300000000000157e+00 2.341713264183363960e-05 2.516153595203100095e-05 3.491362920717848884e-05 5.468723265374326233e-05 9.119848791675059824e-05
3.464999999999999858e+00 2.336336797460251643e-05 2.510302986147552244e-05 3.483167262107144242e-05 5.455803286450953678e-05 9.098229690817376443e-05
3.465700000000000003e+00 2.331071049940590362e-05 2.504574366832669911e-05 3.475143997617327840e-05 5.443156509323542373e-05 9.077068557189905528e-05
3.466400000000000148e+00 2.325805302420928743e-05 2.498845747517787239e-05 3.467120733127510761e-05 5.430509732196129712e-05 9.055907423562433258e-05
3.467099999999999849e+00 2.320539554901270512e-05 2.493117128202908633e-05 3.459097468637699102e-05 5.417862955068727216e-05 9.034746289934975896e-05
3.467799999999999994e+00 2.315273807381609570e-05 2.487388508888025961e-05 3.451074204147882023e-05 5.405216177941315911e-05 9.013585156307506337e-05
3.468500000000000139e+00 2.310008059861947950e-05 2.481659889573143628e-05 3.443050939658065621e-05 5.392569400813904606e-05 8.992424022680035422e-05
3.469199999999999839e+00 2.304742312342290058e-05 2.475931270258265022e-05 3.435027675168253963e-05 5.379922623686500077e-05 8.971262889052576705e-05
3.469899999999999984e+00 2.299476564822628438e-05 2.470202650943382011e-05 3.427004410678436883e-05 5.367275846559089450e-05 8.950101755425107146e-05
3.470600000000000129e+00 2.294210817302967157e-05 2.464474031628500017e-05 3.418981146188621159e-05 5.354629069431678145e-05 8.928940621797636231e-05
3.471299999999999830e+00 2.288945069783308926e-05 2.458745412313621072e-05 3.410957881698808823e-05 5.341982292304274293e-05 8.907779488170177514e-05
3.471999999999999975e+00 2.283688958046988109e-05 2.453027406588996126e-05 3.402949613345712790e-05 5.329359278173815103e-05 8.886658188703135607e-05
3.472700000000000120e+00 2.278543416924502647e-05 2.447431191812575121e-05 3.395113425661489323e-05 5.317008944433367469e-05 8.865993986227021075e-05
3.473399999999999821e+00 2.273397875802020233e-05 2.441834977036157165e-05 3.387277237977269923e-05 5.304658610692927968e-05 8.845329783750917384e-05
3.474099999999999966e+00 2.268252334679534771e-05 2.436238762259736160e-05 3.379441050293046457e-05 5.292308276952480334e-05 8.824665581274801496e-05
3.474800000000000111e+00 2.263106793557048970e-05 2.430642547483315155e-05 3.371604862608822313e-05 5.279957943212033379e-05 8.804001378798685608e-05
3.475499999999999812e+00 2.257961252434566218e-05 2.425046332706897538e-05 3.363768674924602913e-05 5.267607609471593877e-05 8.783337176322584627e-05
3.476199999999999957e+00 2.252815711312080755e-05 2.419450117930476194e-05 3.355932487240379446e-05 5.255257275731147599e-05 8.762672973846468739e-05
3.476900000000000102e+00 2.247670170189594954e-05 2.413853903154055189e-05 3.348096299556154625e-05 5.242906941990699288e-05 8.742008771370351496e-05
3.477599999999999802e+00 2.242524629067112540e-05 2.408257688377637572e-05 3.340260111871935902e-05 5.230556608250259786e-05 8.721344568894249161e-05
3.478299999999999947e+00 2.237379087944627078e-05 2.402661473601216567e-05 3.332423924187711081e-05 5.218206274509813508e-05 8.700680366418133273e-05
3.479000000000000092e+00 2.232240606772231838e-05 2.397073032954266363e-05 3.324598718630641898e-05 5.205873341540145796e-05 8.680045333227796216e-05
3.479699999999999793e+00 2.227212496152923549e-05 2.391606127864720174e-05 3.316945200328094842e-05 5.193812440620342068e-05 8.659866313205129154e-05
3.480399999999999938e+00 2.222184385533611532e-05 2.386139222775169919e-05 3.309291682025543042e-05 5.181751539700532242e-05 8.639687293182448540e-05
3.481100000000000083e+00 2.217156274914299855e-05 2.380672317685620003e-05 3.301638163722991242e-05 5.169690638780720382e-05 8.619508273159770637e-05
3.481799999999999784e+00 2.212128164294990888e-05 2.375205412596073475e-05 3.293984645420444185e-05 5.157629737860917332e-05 8.599329253137103575e-05
3.482499999999999929e+00 2.207100053675679549e-05 2.369738507506523559e-05 3.286331127117893063e-05 5.145568836941106827e-05 8.579150233114424316e-05
3.483200000000000074e+00 2.202071943056367533e-05 2.364271602416973981e-05 3.278677608815340586e-05 5.133507936021295645e-05 8.558971213091745057e-05
3.483899999999999775e+00 2.197043832437058905e-05 2.358804697327427115e-05 3.271024090512794207e-05 5.121447035101492595e-05 8.538792193069077996e-05
3.484599999999999920e+00 2.192015721817746889e-05 2.353337792237877537e-05 3.263370572210242407e-05 5.109386134181682091e-05 8.518613173046398737e-05
3.485300000000000065e+00 2.186987611198435550e-05 2.347870887148327282e-05 3.255717053907690608e-05 5.097325233261870231e-05 8.498434153023719478e-05
3.485999999999999766e+00 2.181964098554353530e-05 2.342409043701967387e-05 3.248070684576373138e-05 5.085275658568661839e-05 8.478274119490284636e-05
3.486699999999999910e+00 2.177050707416958977e-05 2.337068426609926889e-05 3.240595533106008100e-05 5.073497347002391611e-05 8.458568812373901081e-05
3.487400000000000055e+00 2.172137316279564763e-05 2.331727809517886729e-05 3.233120381635643740e-05 5.061719035436120705e-05 8.438863505257516171e-05
3.488099999999999756e+00 2.167223925142173260e-05 2.326387192425849281e-05 3.225645230165284123e-05 5.049940723869856575e-05 8.419158198141144813e-05
3.488799999999999901e+00 2.162310534004778707e-05 2.321046575333808782e-05 3.218170078694919763e-05 5.038162412303586347e-05 8.399452891024761258e-05
3.489500000000000046e+00 2.157397142867383815e-05 2.315705958241768284e-05 3.210694927224555403e-05 5.026384100737314763e-05 8.379747583908376347e-05
3.490199999999999747e+00 2.152483751729992651e-05 2.310365341149731174e-05 3.203219775754195787e-05 5.014605789171051311e-05 8.360042276792004989e-05
3.490899999999999892e+00 2.147570360592598098e-05 2.305024724057690676e-05 3.195744624283831427e-05 5.002827477604780405e-05 8.340336969675621434e-05
3.491600000000000037e+00 2.142656969455203545e-05 2.299684106965650516e-05 3.188269472813466389e-05 4.991049166038510177e-05 8.320631662559237879e-05
3.492300000000000182e+00 2.137743578317808992e-05 2.294343489873609679e-05 3.180794321343102706e-05 4.979270854472238594e-05 8.300926355442854324e-05
3.492999999999999883e+00 2.132832433108250171e-05 2.289005344479402024e-05 3.173322660186149089e-05 4.967498072144020075e-05 8.281230317181460397e-05
3.493700000000000028e+00 2.128031113769706772e-05 2.283788065109041031e-05 3.166021675354759051e-05 4.955995669556175138e-05 8.261987525928468949e-05
3.494400000000000173e+00 2.123229794431163374e-05 2.278570785738679360e-05 3.158720690523369692e-05 4.944493266968330201e-05 8.242744734675476145e-05
3.495099999999999874e+00 2.118428475092623024e-05 2.273353506368321078e-05 3.151419705691984398e-05 4.932990864380492718e-05 8.223501943422495538e-05
3.495800000000000018e+00 2.113627155754079965e-05 2.268136226997960423e-05 3.144118720860595038e-05 4.921488461792647781e-05 8.204259152169502735e-05
3.496500000000000163e+00 2.108825836415536566e-05 2.262918947627598753e-05 3.136817736029205001e-05 4.909986059204802844e-05 8.185016360916509931e-05
3.497199999999999864e+00 2.104024517076996217e-05 2.257701668257240470e-05 3.129516751197820385e-05 4.898483656616965361e-05 8.165773569663529324e-05
3.497900000000000009e+00 2.099223197738452819e-05 2.252484388886879138e-05 3.122215766366430347e-05 4.886981254029119747e-05 8.146530778410537876e-05
3.498600000000000154e+00 2.094421878399909420e-05 2.247267109516517806e-05 3.114914781535041665e-05 4.875478851441274810e-05 8.127287987157546427e-05
3.499299999999999855e+00 2.089620559061369071e-05 2.242049830146159863e-05 3.107613796703657049e-05 4.863976448853437327e-05 8.108045195904565821e-05
3.500000000000000000e+00 2.084819239722826011e-05 2.236832550775798531e-05 3.100312811872267012e-05 4.852474046265592390e-05 8.088802404651573017e-05
